periode_data,wilayah,no_registrasi,jenis_halte,kode_barang,lokasi_alamat,lintang,bujur
2024,KOTA ADM. JAKARTA SELATAN,HLT202400246,REGULER,133010118004,JL. MEDAN MERDEKA TIM 2 23 RT 6 RW 1 GAMBIR KECAMATAN GAMBIR KOTA KOTA ADM. JAKARTA PUSAT DAERAH KHUSUS IBUKOTA JAKARTA 10110 TIKUNGAN SEBRANG GALERI NASIONAL,-6.2020206,106.8831237
2024,KOTA ADM. JAKARTA UTARA,HLT202400247,REGULER,133010118004,JL. KAPUK RAYA 14 RT 6 RW 11 KAMAL MUARA KEC PENJARINGAN KOTA JKT UTARA DAERAH KHUSUS IBUKOTA JAKARTA 11720 DEPAN PT CAHAYA PERDANA,-6.1444929,106.7210682
2024,KOTA ADM. JAKARTA SELATAN,HLT202400248,REGULER,133010118004,JL. PERWIRA KOTA ADM. JAKARTA PUSAT RT 2 GAMBIR KECAMATAN GAMBIR KOTA KOTA ADM. JAKARTA PUSAT DAERAH KHUSUS IBUKOTA JAKARTA 10110 HALTE SAMPING ISTIQLAL,-6.1768421,106.8008636
2024,KOTA ADM. JAKARTA SELATAN,HLT202400249,REGULER,133010118004,JL. PERWIRA RT 2 GAMBIR KECAMATAN GAMBIR KOTA KOTA ADM. JAKARTA PUSAT DAERAH KHUSUS IBUKOTA JAKARTA 10110 SAMPING HALTE BUSWAY ISTIQLAL,-6.1888932,106.9640471
2024,KOTA ADM. JAKARTA UTARA,HLT202400250,REGULER,133010118004,JL. KAPUK KAYU BESAR 9 RT 3 RW 3 KAMAL MUARA KEC PENJARINGAN KOTA JKT UTARA DAERAH KHUSUS IBUKOTA JAKARTA 11730 DEPAN PT CPP,-6.140643,106.8331419
2024,KOTA ADM. JAKARTA SELATAN,HLT202400251,REGULER,133010118004,JL. PERWIRA PUSAT JAKARTA RT 2 GAMBIR PUSAT JAKARTA CITY JAKARTA 10110 HALTE PERWIRA,-6.1599777,106.8346509
2024,KOTA ADM. JAKARTA BARAT,HLT202400252,REGULER,133010118004,JL. JOGLO RAYA 106 RT 14 RW 2 JOGLO KEC KEMBANGAN KOTA KOTA ADM. JAKARTA BARAT DAERAH KHUSUS IBUKOTA JAKARTA 11640 DEPAN RIZKI CELL,-6.1405142,106.833096
2024,KOTA ADM. JAKARTA SELATAN,HLT202400253,REGULER,133010118004,JL. MERDEKA TIMUR KOTA ADM. JAKARTA PUSAT RT 2 RW 1 GAMBIR KECAMATAN GAMBIR KOTA KOTA ADM. JAKARTA PUSAT DAERAH KHUSUS IBUKOTA JAKARTA 10110 DEKAT JPO BUSWAY GAMBIR 1,-6.1459046,106.8337328
2024,KOTA ADM. JAKARTA BARAT,HLT202400254,REGULER,133010118004,JL. JOGLO RAYA 57 RT 1 RW 6 JOGLO KEC KEMBANGAN KOTA KOTA ADM. JAKARTA BARAT DAERAH KHUSUS IBUKOTA JAKARTA 11640 HALTE ELSHINTA,-6.166023,106.8390258
2024,KOTA ADM. JAKARTA BARAT,HLT202400255,REGULER,133010118004,HAYAM WURUK BARAT JAKARTA RT 9 RW 5 MAPHAR TAMAN SARI BARAT JAKARTA CITY JAKARTA 11140 HALTE MASJID 2,-6.1408583,106.8334067
2024,KOTA ADM. JAKARTA SELATAN,HLT202400256,REGULER,133010118004,JL. MERDEKA TIMUR KOTA ADM. JAKARTA PUSAT RT 2 GAMBIR KECAMATAN GAMBIR KOTA KOTA ADM. JAKARTA PUSAT DAERAH KHUSUS IBUKOTA JAKARTA 10110 SEBRANG KEMENTERIAN PERHUBUNGAN,-6.1888468,106.8082025
2024,KOTA ADM. JAKARTA BARAT,HLT202400257,REGULER,133010118004,JL. MERUYA ILIR RAYA 43 38 RT 1 RW 7 SRENGSENG KEC KEMBANGAN KOTA KOTA ADM. JAKARTA BARAT DAERAH KHUSUS IBUKOTA JAKARTA 11630 BANK YUDA BHAKTI,-6.1659829,106.8348194
2024,KOTA ADM. JAKARTA TIMUR,HLT202400258,REGULER,133010135001,JL. OTISTA RAYA 117 119 RT 13 RW 8 KP MELAYU KECAMATAN JATINEGARA KOTA KOTA ADM. JAKARTA TIMUR DAERAH KHUSUS IBUKOTA JAKARTA 13330 HALTE GOR 2,-6.1617553,106.8379576
2024,KOTA ADM. JAKARTA BARAT,HLT202400259,REGULER,133010135001,HAYAM WURUK ST 96 20 RT 9 RW 5 MAPHAR TAMAN SARI BARAT JAKARTA CITY JAKARTA 11140 HALTE MASJID,-6.1963976,106.8040517
2024,KOTA ADM. JAKARTA BARAT,HLT202400260,REGULER,133010135001,JL. HR RASUNA SAID SISI TIMUR KOTA ADM. JAKARTA SELATAN RW 1 KUNINGAN SETIA BUDI KECAMATAN SETIABUDI KOTA KOTA ADM. JAKARTA SELATAN DAERAH KHUSUS IBUKOTA JAKARTA 12910 HALTE MENARA DUTA,-6.1608163,106.837811
2024,KOTA ADM. JAKARTA PUSAT,HLT202400261,TRANSJAKARTA,133010135001,JL. LETJEN S PARMAN RT 12 RW 2 TJ DUREN UTARA KEC GROGOL PETAMBURAN KOTA KOTA ADM. JAKARTA BARAT DAERAH KHUSUS IBUKOTA JAKARTA 11470 BAWAH JPO BUSWAY S PARMAN,-6.1935599,106.805393
2024,KOTA ADM. JAKARTA BARAT,HLT202400262,REGULER,133010118004,JL. GAJAH MADA 112 96 RT 1 RW 1 KRUKUT KEC TAMAN SARI KOTA KOTA ADM. JAKARTA BARAT DAERAH KHUSUS IBUKOTA JAKARTA 11140 DEPAN GEDUNG ARSIP,-6.1962517,106.8048007
2024,KOTA ADM. JAKARTA SELATAN,HLT202400263,REGULER,133010118004,KOTA ADM. JAKARTA BARAT RT 8 RW 1 TJ DUREN UTARA KEC GROGOL PETAMBURAN KOTA KOTA ADM. JAKARTA BARAT DAERAH KHUSUS IBUKOTA JAKARTA 11470 DEPAN HOTEL CIPUTRA,-6.3495063,106.8657555
2024,KOTA ADM. JAKARTA SELATAN,HLT202400264,REGULER,133010118004,JL. GN SAHARI RW 8 GN SAHARI SEL KEC KEMAYORAN KOTA KOTA ADM. JAKARTA PUSAT DAERAH KHUSUS IBUKOTA JAKARTA 10710 HALTE PENABUR,-6.349927,106.8928349
2024,KOTA ADM. JAKARTA BARAT,HLT202400265,REGULER,133010118004,JL. PESANGGRAHAN RT 2 RW 7 KEMBANGAN SEL KEC KEMBANGAN KOTA KOTA ADM. JAKARTA BARAT DAERAH KHUSUS IBUKOTA JAKARTA 11610 SAMPING ACE,-6.20772,106.7927933
2024,KOTA ADM. JAKARTA SELATAN,HLT202400266,REGULER,133010118004,JL. PALMERAH UTARA 103 113 RT 3 RW 1 GELORA KECAMATAN TANAH ABANG KOTA KOTA ADM. JAKARTA PUSAT DAERAH KHUSUS IBUKOTA JAKARTA 11480 HALTE SEKOLAH,-6.2078736,106.7928127
2024,KOTA ADM. JAKARTA SELATAN,HLT202400267,TRANSJAKARTA,133010118004,JL. DAAN MOGOT 166 13 RT 8 RW 1 TJ DUREN UTARA KEC GROGOL PETAMBURAN KOTA KOTA ADM. JAKARTA BARAT DAERAH KHUSUS IBUKOTA JAKARTA 11470 BAWAH JPO BUSWAY JELAMBAR,-6.1965489,106.8824216
2024,KOTA ADM. JAKARTA SELATAN,HLT202400383,REGULER,133010135001,JL. GATOT SUBROTO 10 RT 6 RW 1 KUNINGAN BAR KEC MAMPANG PRPT KOTA KOTA ADM. JAKARTA SELATAN DAERAH KHUSUS IBUKOTA JAKARTA 12710 SAMPING LIPI 2,-6.14375,106.7821917
2024,KOTA ADM. JAKARTA SELATAN,HLT202400384,REGULER,133010118004,JL. GATOT SUBROTO 27 54 RT 2 RW 4 KARET SEMANGGI KECAMATAN SETIABUDI KOTA KOTA ADM. JAKARTA SELATAN DAERAH KHUSUS IBUKOTA JAKARTA 12930 DEPAN THE TOWER PROJECT,-6.20113,106.81359
2024,KOTA ADM. JAKARTA SELATAN,HLT202400385,REGULER,133010118004,JL. RAYA KBY LAMA 35 RT 6 GROGOL UTARA KEC KBY LAMA KOTA KOTA ADM. JAKARTA SELATAN DAERAH KHUSUS IBUKOTA JAKARTA 11560 HALTE PERMATA HIJAU,-6.1499145,106.7728562
2024,KOTA ADM. JAKARTA SELATAN,HLT202400386,REGULER,133010118004,JL. RAYA KBY LAMA 40 310 RT 2 RW 1 GROGOL UTARA KEC KBY LAMA KOTA KOTA ADM. JAKARTA SELATAN DAERAH KHUSUS IBUKOTA JAKARTA 11540 SAMPING SDN GROGOL UTARA,-6.1750933,106.765985
2024,KOTA ADM. JAKARTA SELATAN,HLT202400387,REGULER,133010118004,JL. GATOT SUBROTO 44 RT 3 RW 2 KUNINGAN BAR KEC MAMPANG PRPT KOTA KOTA ADM. JAKARTA SELATAN DAERAH KHUSUS IBUKOTA JAKARTA 12710 DEPAN DIRJEN PAJAK,-6.1443949,106.7785357
2024,KOTA ADM. JAKARTA SELATAN,HLT202400388,REGULER,133010135001,JL. GATOT SUBROTO NO 27 RT 2 RW 4 KARET SEMANGGI SETIA BUDI KOTA KOTA ADM. JAKARTA SELATAN DAERAH KHUSUS IBUKOTA JAKARTA 12930 DEPAN THE TOWER PROJECT 2,-6.1846854,106.7682302
2024,KOTA ADM. JAKARTA SELATAN,HLT202400389,REGULER,133010135001,JL. RAYA KBY LAMA NO 7 RT 1 RW 1 SUKABUMI UTARA KEC KB JERUK KOTA KOTA ADM. JAKARTA BARAT DAERAH KHUSUS IBUKOTA JAKARTA 11540 PLASA PPDB,-6.1778798,106.7477284
2024,KOTA ADM. JAKARTA SELATAN,HLT202400390,REGULER,133010135001,JL. GATOT SUBROTO NO 72 KOMP MBAU JAKSEL RT 6 RW 1 KUNINGAN BAR KEC MAMPANG PRPT KOTA KOTA ADM. JAKARTA SELATAN DAERAH KHUSUS IBUKOTA JAKARTA 12710 DEPAN LIPI,-6.2899962,106.8645822
2024,KOTA ADM. JAKARTA SELATAN,HLT202400391,REGULER,133010118004,JL. RW BELONG 88 80 RT 6 RW 12 PALMERAH KEC PALMERAH KOTA KOTA ADM. JAKARTA BARAT DAERAH KHUSUS IBUKOTA JAKARTA 11530 DEPAN ADINDA FOTO,-6.1275247,106.8426754
2024,KOTA ADM. JAKARTA SELATAN,HLT202400392,REGULER,133010135001,JL. GATOT SUBROTO RT 4 RW 3 KUNINGAN KUNINGAN TIM KECAMATAN SETIABUDI KOTA KOTA ADM. JAKARTA SELATAN DAERAH KHUSUS IBUKOTA JAKARTA 12950 BAWAH JPO GATOT SUBROTO JAMSOSTEK,-6.1618844,106.7627108
2024,KOTA ADM. JAKARTA SELATAN,HLT202400393,REGULER,133010135001,JL. RAYA KB JERUK 46 24 KB JERUK KEC KB JERUK KOTA KOTA ADM. JAKARTA BARAT DAERAH KHUSUS IBUKOTA JAKARTA 11530 DEPAN YAYASAN BUNDA HATI KUDUS,-6.1972713,106.7726848
2024,KOTA ADM. JAKARTA SELATAN,HLT202400394,REGULER,133010135001,RT 4 RW 7 DURI KEPA KEC KB JERUK KOTA KOTA ADM. JAKARTA BARAT DAERAH KHUSUS IBUKOTA JAKARTA 11510 PKBM NEGERI 30,-6.1564099,106.7048153
2024,KOTA ADM. JAKARTA BARAT,HLT202400395,REGULER,133010135001,DAAN MOGOT BARAT JAKARTA BARAT JAKARTA CITY JAKARTA 11520 HALTE DEPAN KFC,-6.1979407,106.7708438
2024,KOTA ADM. JAKARTA TIMUR,HLT202400396,TRANSJAKARTA,133010135001,1 JL. JEND SUDIRMAN NO 315 RT 1 RW 3 KUNINGAN GELORA KECAMATAN TANAH ABANG KOTA KOTA ADM. JAKARTA PUSAT DAERAH KHUSUS IBUKOTA JAKARTA 10270 DEPAN PANIN BANK,-6.1964755,106.7687752
2024,KOTA ADM. JAKARTA BARAT,HLT202400397,REGULER,133010135001,JL. KEMANGGISAN UTAMA 6 2 RT 9 RW 9 KEMANGGISAN KEC PALMERAH KOTA KOTA ADM. JAKARTA BARAT DAERAH KHUSUS IBUKOTA JAKARTA 11480 HALTE KOMPLEK PAJAK,-6.1610941,106.8093304
2024,KOTA ADM. JAKARTA BARAT,HLT202400398,REGULER,133010135001,JL. KEMANGGISAN UTAMA NO 2 RT 2 RW 7 KEMANGGISAN KEC PALMERAH KOTA KOTA ADM. JAKARTA BARAT DAERAH KHUSUS IBUKOTA JAKARTA 11480 HALTE KEMANGGISAN UTAMA,-6.1578188,106.7036241
2024,KOTA ADM. JAKARTA SELATAN,HLT202400399,REGULER,133010135001,JL. PEJOMPONGAN RAYA 2 6 RT 4 RW 5 BEND HILIR KECAMATAN TANAH ABANG KOTA KOTA ADM. JAKARTA PUSAT DAERAH KHUSUS IBUKOTA JAKARTA 10210 HALTE KOMPLEK,-6.121965,106.859925
2024,KOTA ADM. JAKARTA BARAT,HLT202400400,REGULER,133010118004,JL. KEMANGGISAN UTAMA RT 10 RW 1 KEMANGGISAN KEC PALMERAH KOTA KOTA ADM. JAKARTA BARAT DAERAH KHUSUS IBUKOTA JAKARTA 11480 HALTE KEMANGGISAN,-6.1285406,106.8437522
2024,KOTA ADM. JAKARTA PUSAT,HLT202400401,REGULER,133010135001,JL. SRI SULTAN HAMENGKUBUWONO IX RT 2 RW 5 UJUNG MENTENG KEC CAKUNG KOTA KOTA ADM. JAKARTA TIMUR DAERAH KHUSUS IBUKOTA JAKARTA 13960 HALTE PASAR UJUNG MENTENG,-6.2283332,106.7999225
2024,KOTA ADM. JAKARTA BARAT,HLT202400402,REGULER,133010135001,JL. PETA SELATAN 21 RT 10 RW 14 KALIDERES KEC KALIDERES KOTA KOTA ADM. JAKARTA BARAT DAERAH KHUSUS IBUKOTA JAKARTA 11840 DEPAN FRIENDS BAKERY,-6.2528116,106.8645016
2024,KOTA ADM. JAKARTA SELATAN,HLT202400403,REGULER,133010118004,JL. TRUNOJOYO RT 2 RW 1 SELONG KEC KBY BARU KOTA KOTA ADM. JAKARTA SELATAN DAERAH KHUSUS IBUKOTA JAKARTA 12110 HALTE BUS WALIKOTA,-6.1404623,106.8333215
2024,KOTA ADM. JAKARTA BARAT,HLT202400404,REGULER,133010118004,JL. PETA SELATAN 77 88 RT 10 RW 14 KALIDERES KEC KALIDERES KOTA KOTA ADM. JAKARTA BARAT DAERAH KHUSUS IBUKOTA JAKARTA 11840 HALTE BUS SEKOLAH,-6.1380627,106.8323786
2024,KOTA ADM. JAKARTA UTARA,HLT202400522,REGULER,133010118004,JL. R E MARTADINATA RW 10 PADEMANGAN BAR KEC PADEMANGAN KOTA JKT UTARA DAERAH KHUSUS IBUKOTA JAKARTA 14420 DEKAT JPO REL 2,-6.1873063,106.8250147
2024,KOTA ADM. JAKARTA TIMUR,HLT202400523,REGULER,133010135001,JL. PENGGILINGAN RAYA PONDOK KOPI BAWAH FLY OVER PONDOOK KOPI,-6.2908753,106.8812194
2024,KOTA ADM. JAKARTA TIMUR,HLT202400524,REGULER,133010135001,JL. PENGGILINGAN RAYA DEKAT HALTE BUSWAY PENGGILINGAN,-6.1814386,106.8246736
2024,KOTA ADM. JAKARTA UTARA,HLT202400525,REGULER,133010135001,JL. R E MARTADINATA 26 17 PADEMANGAN BAR KEC PADEMANGAN KOTA JKT UTARA DAERAH KHUSUS IBUKOTA JAKARTA 14420 SAMPING JL. BUDI MULYA,-6.1186715,106.8935923
2024,KOTA ADM. JAKARTA UTARA,HLT202400526,REGULER,133010135001,JL. R E MARTADINATA 26 17 PADEMANGAN BAR KEC PADEMANGAN KOTA JKT UTARA DAERAH KHUSUS IBUKOTA JAKARTA 14420 HALTE THEATER MOBIL,-6.2541215,106.7816839
2024,KOTA ADM. JAKARTA TIMUR,HLT202400527,REGULER,133010135001,JL. PENGILINGAN RAYA DEPAN GG SWADAYA,-6.3512882,106.8639338
2024,KOTA ADM. JAKARTA TIMUR,HLT202400528,REGULER,133010118004,JL. I GUSTI NGURAH RAI RT 5 RW 9 KLENDER KEC DUREN SAWIT KOTA KOTA ADM. JAKARTA TIMUR DAERAH KHUSUS IBUKOTA JAKARTA 13470 HALTE JEMBATAN,-6.1683223,106.8348663
2024,KOTA ADM. JAKARTA UTARA,HLT202400529,REGULER,133010118004,JL. PLUIT SELATAN RAYA PEJAGALAN KEC PENJARINGAN KOTA JKT UTARA DAERAH KHUSUS IBUKOTA JAKARTA 14440 SEBELUM UTURN PLUIT KARANG,-6.21829,106.8594143
2024,KOTA ADM. JAKARTA UTARA,HLT202400530,REGULER,133010118004,JL. ANCOL TIMUR ANCOL KEC PADEMANGAN KOTA JKT UTARA DAERAH KHUSUS IBUKOTA JAKARTA 14430 DEKAT TIKUNGAN ANCOL TIMUR,-6.187905,106.836245
2024,KOTA ADM. JAKARTA TIMUR,HLT202400531,REGULER,133010118004,JL. PENGILINGAN RAYA DEPAN GG SWADAYA,-6.2224341,106.8138755
2024,KOTA ADM. JAKARTA UTARA,HLT202400532,REGULER,133010118004,JL. R E MARTADINATA KOTA TUA RT 6 RW 4 ANCOL PADEMANGAN NORTH JAKARTA CITY JAKARTA 14430 DEPAN LYANDRA AMP PARTNER,-6.2494333,106.9422133
2024,KOTA ADM. JAKARTA TIMUR,HLT202400533,REGULER,133010118004,JL. PENGILINGAN RAYA DEPAN GG SWADAYA,-6.1818028,106.7799505
2024,KOTA ADM. JAKARTA TIMUR,HLT202400534,REGULER,133010118004,JL. PENGILINGAN RAYA DEPAN GG SWADAYA,-6.2169315,106.8192412
2024,KOTA ADM. JAKARTA UTARA,HLT202400535,REGULER,133010118004,JL. GN SAHARI NO 59 RW 13 PADEMANGAN BAR KEC PADEMANGAN KOTA JKT UTARA DAERAH KHUSUS IBUKOTA JAKARTA 14420 SAMPING POMPA VIADUCT,-6.23153,106.8102467
2024,KOTA ADM. JAKARTA SELATAN,HLT202400416,REGULER,133010118004,JL. TEUKU UMAR RT 1 RW 1 GONDANGDIA KEC MENTENG KOTA KOTA ADM. JAKARTA PUSAT DAERAH KHUSUS IBUKOTA JAKARTA 10350 DEPAN U TURN,-6.1861725,106.7755613
2024,KOTA ADM. JAKARTA TIMUR,HLT202400417,REGULER,133010118004,JL. RAYA PD GEDE LUBANG BUAYA KEC MAKASAR KOTA KOTA ADM. JAKARTA TIMUR DAERAH KHUSUS IBUKOTA JAKARTA 13810 SEBRANG RS HAJI PONDOK GEDE 2,-6.1848989,106.7682738
2024,KOTA ADM. JAKARTA SELATAN,HLT202400418,REGULER,133010118004,KOTA ADM. JAKARTA BARAT RW 1 JEMB BESI KEC TAMBORA KOTA KOTA ADM. JAKARTA BARAT DAERAH KHUSUS IBUKOTA JAKARTA 11320 HALTE JEMBATAN BESI,-6.1410397,106.9141657
2024,KOTA ADM. JAKARTA TIMUR,HLT202400419,REGULER,133010118004,JL. RAYA PD GEDE 38 RT 2 RW 2 DUKUH KEC KRAMAT JATI KOTA KOTA ADM. JAKARTA TIMUR DAERAH KHUSUS IBUKOTA JAKARTA 13550 SEBRANG UNIVERSITAS MH THAMRIN,-6.2529439,106.781638
2024,KOTA ADM. JAKARTA UTARA,HLT202400420,REGULER,133010118004,KOTA ADM. JAKARTA UTARA RT 10 RW 11 KLP GADING BAR KEC KLP GADING KOTA JKT UTARA DAERAH KHUSUS IBUKOTA JAKARTA 14240 HALTE SUNTER KELAPA GADING,-6.201107,106.7692771
2024,KOTA ADM. JAKARTA TIMUR,HLT202400421,REGULER,133010118004,JL. PERSAHABATAN UTARA 13 RT 16 RW 13 PISANGAN TIM KEC PULO GADUNG KOTA KOTA ADM. JAKARTA TIMUR DAERAH KHUSUS IBUKOTA JAKARTA 13230 HALTE PERSAHABATAN,-6.2338395,106.7865301
2024,KOTA ADM. JAKARTA BARAT,HLT202400422,REGULER,133010118004,JL. CENDRAWASIH RAYA NO 17 RT 6 RW 6 CENGKARENG BAR KECAMATAN CENGKARENG KOTA KOTA ADM. JAKARTA BARAT DAERAH KHUSUS IBUKOTA JAKARTA 11730 HALTE BUS SEKOLAH,-6.2493992,106.9422357
2024,KOTA ADM. JAKARTA BARAT,HLT202400423,REGULER,133010118004,JL. TOMANG RAYA RT 5 RW 1 JATIPULO KEC PALMERAH KOTA KOTA ADM. JAKARTA BARAT DAERAH KHUSUS IBUKOTA JAKARTA 11440 ATM BANK LAMPUNG,-6.2007909,106.8136922
2024,KOTA ADM. JAKARTA PUSAT,HLT202400424,REGULER,133010118004,JL. SRI SULTAN HAMENGKUBUWONO IX RT 1 RW 4 UJUNG MENTENG KEC CAKUNG KOTA KOTA ADM. JAKARTA TIMUR DAERAH KHUSUS IBUKOTA JAKARTA 13960 HALTE METLAND MENTENG,-6.1236749,106.7310472
2024,KOTA ADM. JAKARTA UTARA,HLT202400425,REGULER,133010118004,JL. GN SAHARI NO 1 RT 12 RW 6 PADEMANGAN BAR KEC PADEMANGAN KOTA JKT UTARA DAERAH KHUSUS IBUKOTA JAKARTA 14420 DEPAN MANGGA DUA SQUARE,-6.1763674,106.819956
2024,KOTA ADM. JAKARTA SELATAN,HLT202400426,REGULER,133010118004,JL. SAMANHUDI KOTA ADM. JAKARTA PUSAT RT 5 RW 3 PS BARU KECAMATAN SAWAH BESAR KOTA KOTA ADM. JAKARTA PUSAT DAERAH KHUSUS IBUKOTA JAKARTA 10710 HALTE GRAHA SINDHU,-6.1235998,106.7307381
2024,KOTA ADM. JAKARTA PUSAT,HLT202400427,REGULER,133010118004,JL. GN SAHARI RT 7 RW 5 GN SAHARI UTARA KECAMATAN SAWAH BESAR KOTA KOTA ADM. JAKARTA PUSAT DAERAH KHUSUS IBUKOTA JAKARTA 10720 HALTE BCA,-6.1779312,106.8192454
2024,KOTA ADM. JAKARTA SELATAN,HLT202400428,REGULER,133010118004,JL. GN SAHARI RW 5 GN SAHARI UTARA KECAMATAN SAWAH BESAR KOTA KOTA ADM. JAKARTA PUSAT DAERAH KHUSUS IBUKOTA JAKARTA 10710 SAMPING KALI,-6.147313,106.7028971
2024,KOTA ADM. JAKARTA SELATAN,HLT202400429,REGULER,133010118004,JL. BUDI UTOMO 7 6 PS BARU KECAMATAN SAWAH BESAR KOTA KOTA ADM. JAKARTA PUSAT DAERAH KHUSUS IBUKOTA JAKARTA 10710 HALTE BUDI UTOMO,-6.1815578,106.8171433
2024,KOTA ADM. JAKARTA PUSAT,HLT202400430,REGULER,133010118004,JL. GN SAHARI PUSAT JAKARTA RT 1 RW 3 UTARA GUNUNG SAHARI SAWAH BESAR PUSAT JAKARTA CITY JAKARTA 10750 SAMPING JEMBATAN,-6.1435337,106.7297806
2024,KOTA ADM. JAKARTA BARAT,HLT202400431,REGULER,133010118004,JL. KS TUBUN 10 RT 4 RW 2 KOTA BAMBU SEL KEC PALMERAH KOTA KOTA ADM. JAKARTA BARAT DAERAH KHUSUS IBUKOTA JAKARTA 11420 SEBRANG HOTEL KALISMA,-6.1486911,106.8162818
2024,KOTA ADM. JAKARTA SELATAN,HLT202400432,REGULER,133010118004,JL. DR SUTOMO PS BARU KECAMATAN SAWAH BESAR KOTA KOTA ADM. JAKARTA PUSAT DAERAH KHUSUS IBUKOTA JAKARTA HALTE PASAR BARU,-6.1498667,106.7222483
2024,KOTA ADM. JAKARTA TIMUR,HLT202400433,REGULER,133010118004,JL. GN SAHARI RT 2 RW 1 GN SAHARI SEL KEC KEMAYORAN KOTA KOTA ADM. JAKARTA PUSAT DAERAH KHUSUS IBUKOTA JAKARTA 10710 HALTE PS BARU TIMUR,-6.186927,106.8352282
2024,KOTA ADM. JAKARTA PUSAT,HLT202400434,REGULER,133010118004,JL. KS TUBUN 93 97 RT 1 RW 4 PETAMBURAN KECAMATAN TANAH ABANG KOTA KOTA ADM. JAKARTA PUSAT DAERAH KHUSUS IBUKOTA JAKARTA 11410 HALTE BETHEL,-6.3023725,106.859008
2024,KOTA ADM. JAKARTA SELATAN,HLT202400435,REGULER,133010118004,JL. GN SAHARI RT 1 RW 1 GN SAHARI SEL KEC KEMAYORAN KOTA KOTA ADM. JAKARTA PUSAT DAERAH KHUSUS IBUKOTA JAKARTA 10710 HALTE TELKOM,-6.304161,106.8512054
2024,KOTA ADM. JAKARTA BARAT,HLT202400436,REGULER,133010118004,JL. KS TUBUN KOTA ADM. JAKARTA BARAT RW 5 SLIPI KEC PALMERAH KOTA KOTA ADM. JAKARTA BARAT DAERAH KHUSUS IBUKOTA JAKARTA 11410 SEBRANG SPBU,-6.1082588,106.9217533
2024,KOTA ADM. JAKARTA PUSAT,HLT202400437,REGULER,133010118004,JL. KS TUBUN RT 1 RW 4 PETAMBURAN KECAMATAN TANAH ABANG KOTA KOTA ADM. JAKARTA PUSAT DAERAH KHUSUS IBUKOTA JAKARTA 11410 DEPAN KANTOR POLISI,-6.3045183,106.8507473
2024,KOTA ADM. JAKARTA SELATAN,HLT202400438,REGULER,133010135001,JL. RAYA JAKARTA BOGOR RT 6 RW 2 PEKAYON KEC PS REBO KOTA KOTA ADM. JAKARTA TIMUR DAERAH KHUSUS IBUKOTA JAKARTA 13710 HALTE DETA,-6.1079615,106.9201602
2024,KOTA ADM. JAKARTA SELATAN,HLT202400439,REGULER,133010135001,JL. RAYA MUNJUL RT 6 RW 1 MUNJUL KEC CIPAYUNG KOTA KOTA ADM. JAKARTA TIMUR DAERAH KHUSUS IBUKOTA JAKARTA 13850 HALTE MUNJUL II,-6.3399248,106.8690203
2024,KOTA ADM. JAKARTA PUSAT,HLT202400440,REGULER,133010118004,JL. PALMERAH BARAT RT 4 RW 7 GELORA KEC PALMERAH KOTA KOTA ADM. JAKARTA BARAT DAERAH KHUSUS IBUKOTA JAKARTA 10270 DEPAN SEDERHANA,-6.108527,106.9150403
2024,KOTA ADM. JAKARTA BARAT,HLT202400441,REGULER,133010135001,JL. PALMERAH BARAT RT 4 RW 7 PALMERAH KEC PALMERAH KOTA KOTA ADM. JAKARTA BARAT DAERAH KHUSUS IBUKOTA JAKARTA 10270 HALTE PASAR PISANG,-6.1532322,106.7180452
2024,KOTA ADM. JAKARTA SELATAN,HLT202400442,REGULER,133010118004,JL. RAWAMANGUN MUKA BARAT NO 9P RT 12 RW 12 RAWAMANGUN KEC PULO GADUNG KOTA KOTA ADM. JAKARTA TIMUR DAERAH KHUSUS IBUKOTA JAKARTA 13220 HALTE RAWAMANGUN MUKA BARAT,-6.1577692,106.7053938
2024,KOTA ADM. JAKARTA UTARA,HLT202400443,REGULER,133010118004,JL. CAKUNG CILINCING RAYA 14 RT 1 RW 3 SEMPER TIM KEC CILINCING KOTA JKT UTARA DAERAH KHUSUS IBUKOTA JAKARTA 14130 HALTE KEBON BARU,-6.1091151,106.9100057
2024,KOTA ADM. JAKARTA SELATAN,HLT202400444,REGULER,133010135001,JL. HAJI DARIP KM 17 RT 9 RW 9 PISANGAN TIM KEC PULO GADUNG KOTA KOTA ADM. JAKARTA TIMUR DAERAH KHUSUS IBUKOTA JAKARTA 13240 SEBRANG RUTAN 1 CIPINANG,-6.1685564,106.8262339
2024,KOTA ADM. JAKARTA PUSAT,HLT202400445,REGULER,133010135001,JL. PANGERAN JAYAKARTA 117 RT 7 RW 7 MANGGA DUA SEL KECAMATAN SAWAH BESAR KOTA KOTA ADM. JAKARTA PUSAT DAERAH KHUSUS IBUKOTA JAKARTA 10730 HALTE PANGERAN JAYAKARTA,-6.1256324,106.7034293
2024,KOTA ADM. JAKARTA SELATAN,HLT202400446,REGULER,133010118004,JL. R MANGUN MUKA RAYA RW 14 RAWAMANGUN KEC PULO GADUNG KOTA KOTA ADM. JAKARTA TIMUR DAERAH KHUSUS IBUKOTA JAKARTA 13220 HALTE UNJ,-6.1673559,106.8221906
2024,KOTA ADM. JAKARTA UTARA,HLT202400447,REGULER,133010118004,JL. CAKUNG CILINCING RAYA RT 2 RW 5 ROROTAN KEC CILINCING KOTA JKT UTARA DAERAH KHUSUS IBUKOTA JAKARTA 14140 DEPAN KBN,-6.3048175,106.8486755
2024,KOTA ADM. JAKARTA UTARA,HLT202400448,REGULER,133010135001,JL. CAKUNG CILINCING RAYA RT 2 RW 5 ROROTAN KEC CILINCING KOTA JKT UTARA DAERAH KHUSUS IBUKOTA JAKARTA 14140 DEPAN KBN,-6.2021899,106.8847569
2024,KOTA ADM. JAKARTA TIMUR,HLT202400449,REGULER,133010118004,JL. LENTENG AGUNG RAYA RT 11 RW 5 LENTENG AGUNG KEC JAGAKARSA KOTA KOTA ADM. JAKARTA SELATAN DAERAH KHUSUS IBUKOTA JAKARTA 12630 HALTE KAMPUS TERCINTA,-6.1680107,106.8307395
2024,KOTA ADM. JAKARTA TIMUR,HLT202400450,REGULER,133010118004,JL. RAYA PS MINGGU RT 1 RW 8 PS MINGGU KEC PS MINGGU KOTA KOTA ADM. JAKARTA SELATAN DAERAH KHUSUS IBUKOTA JAKARTA 12520 HALTE TANJUNG BARAT,-6.1679571,106.8269718
2024,KOTA ADM. JAKARTA UTARA,HLT202400451,REGULER,133010118004,JL. CAKUNG CILINCING RAYA 142 RW 3 SEMPER TIM KEC CILINCING KOTA JKT UTARA DAERAH KHUSUS IBUKOTA JAKARTA 14130 HALTE TUGU,-6.1779944,106.8985729
2024,KOTA ADM. JAKARTA PUSAT,HLT202400452,REGULER,133010118004,JL. IMAM BONJOL 61 RT 2 RW 5 MENTENG KEC MENTENG KOTA KOTA ADM. JAKARTA PUSAT DAERAH KHUSUS IBUKOTA JAKARTA 10310 HALTE BBD,-6.1726627,106.8303665
2024,KOTA ADM. JAKARTA TIMUR,HLT202400453,REGULER,133010135001,JL. TJ BARAT RAYA RT 7 RW 7 PS MINGGU KEC PS MINGGU KOTA KOTA ADM. JAKARTA SELATAN DAERAH KHUSUS IBUKOTA JAKARTA 12520 HALTE KOMPLEK AL,-6.1520656,106.8613764
2024,KOTA ADM. JAKARTA TIMUR,HLT202400454,REGULER,133010118004,JL. TJ BARAT RAYA RT 7 RW 7 PS MINGGU KEC PS MINGGU KOTA KOTA ADM. JAKARTA SELATAN DAERAH KHUSUS IBUKOTA JAKARTA 12520 HALTE DEPAN PEGADAIAN,-6.1781,106.8428267
2024,KOTA ADM. JAKARTA PUSAT,HLT202400455,REGULER,133010135001,JL. IMAM BONJOL 26 12 RT 3 RW 5 MENTENG KEC MENTENG KOTA KOTA ADM. JAKARTA PUSAT DAERAH KHUSUS IBUKOTA JAKARTA 10310 HALTE KARTINI,-6.304628,106.8621685
2024,KOTA ADM. JAKARTA UTARA,HLT202400456,REGULER,133010135001,JL. KRAMAT JAYA RAYA RT 2 RW 14 TUGU UTARA KEC KOJA KOTA JKT UTARA DAERAH KHUSUS IBUKOTA JAKARTA 14260 DEPAN RAMAYANA SEMPER,-6.1630986,106.8381911
2024,KOTA ADM. JAKARTA TIMUR,HLT202400457,REGULER,133010118004,JL. KOMP DEPKES RT 1 RW 7 PS MINGGU KEC PS MINGGU KOTA KOTA ADM. JAKARTA SELATAN DAERAH KHUSUS IBUKOTA JAKARTA 12520 HALTE BAMBU,-6.1340096,106.8559365
2024,KOTA ADM. JAKARTA UTARA,HLT202400458,REGULER,133010118004,JL. KRAMAT JAYA RAYA 20 RT 5 RW 14 TUGU UTARA KEC KOJA KOTA JKT UTARA DAERAH KHUSUS IBUKOTA JAKARTA 14260 DEPAN RS PELABUHAN,-6.1346896,106.855926
2024,KOTA ADM. JAKARTA TIMUR,HLT202400459,REGULER,133010118004,JL. PEGANGSAAN BARAT NO 14 RT 16 RW 06 MENTENG KECAMATAN MENTENG KOTA KOTA ADM. JAKARTA PUSAT HALTE PEGANGSAAN BARAT,-6.3091533,106.8815016
2024,KOTA ADM. JAKARTA UTARA,HLT202400460,REGULER,133010135001,JL. KRAMAT JAYA RAYA RT 2 RW 14 TUGU UTARA KEC KOJA KOTA JKT UTARA DAERAH KHUSUS IBUKOTA JAKARTA 14260 HALTE RAMAYANA,-6.1218783,106.893075
2024,KOTA ADM. JAKARTA TIMUR,HLT202400461,REGULER,133010135001,JL. LETJEND SUPRAPTO RW 1 KEC SENEN KOTA KOTA ADM. JAKARTA PUSAT DAERAH KHUSUS IBUKOTA JAKARTA 10410 HALTE ST SENEN,-6.2947763,106.8219067
2024,KOTA ADM. JAKARTA UTARA,HLT202400462,REGULER,133010118004,GANG VC CILINGCING JL. KRAMAT JAYA RAYA RW 1 TUGU UTARA KEC KOJA DKI JAKARTA DAERAH KHUSUS IBUKOTA JAKARTA 14260 HALTE BUS SEKOLAH,-6.2141194,106.8873833
2024,KOTA ADM. JAKARTA TIMUR,HLT202400463,REGULER,133010118004,JL. PALMERAH SELATAN KOTA ADM. JAKARTA PUSAT RT 4 RW 2 GELORA TANAHABANG KOTA KOTA ADM. JAKARTA PUSAT DAERAH KHUSUS IBUKOTA JAKARTA 10270 HALTE PASAR PAL MERAH,-6.1932701,106.8834747
2024,KOTA ADM. JAKARTA PUSAT,HLT202400464,REGULER,133010118004,JL. TANAH ABANG II 104 78 RT 9 RW 3 CIDENG KECAMATAN GAMBIR KOTA KOTA ADM. JAKARTA PUSAT DAERAH KHUSUS IBUKOTA JAKARTA 10150 HALTE GEREJA BUNDA,-6.2134243,106.8983714
2024,KOTA ADM. JAKARTA TIMUR,HLT202400465,REGULER,133010118004,JL. K H MAS MANSYUR 127 KARET TENGSIN KECAMATAN TANAH ABANG KOTA KOTA ADM. JAKARTA PUSAT DAERAH KHUSUS IBUKOTA JAKARTA 10250 DEPAN GEENWOOD,-6.1934104,106.8893059
2024,KOTA ADM. JAKARTA TIMUR,HLT202400466,REGULER,133010118004,JL. BEKASI BARAT RT 13 RW 16 RW BUNGA KEC MATRAMAN KOTA KOTA ADM. JAKARTA TIMUR DAERAH KHUSUS IBUKOTA JAKARTA 13110 HALTE ST KA JATINEGARA,-6.2144927,106.8821055
2024,KOTA ADM. JAKARTA PUSAT,HLT202400467,REGULER,133010118004,JL. K H MAS MANSYUR 40 38 RT 1 RW 7 KB KACANG KECAMATAN TANAH ABANG KOTA KOTA ADM. JAKARTA PUSAT DAERAH KHUSUS IBUKOTA JAKARTA 10240 HALTE RUMAH SUSUN,-6.1945638,106.8608647
2024,KOTA ADM. JAKARTA PUSAT,HLT202400468,REGULER,133010118004,JL. JATIBARU RAYA RT 14 RW 1 CIDENG KECAMATAN GAMBIR KOTA KOTA ADM. JAKARTA PUSAT DAERAH KHUSUS IBUKOTA JAKARTA 10150 DEPAN PT KAPAL API,-6.2148774,106.8781189
2024,KOTA ADM. JAKARTA TIMUR,HLT202400469,REGULER,133010118004,JL. KARET PASAR BARU BARAT NO KEL RT 1 RW 5 KARET TENGSIN KECAMATAN TANAH ABANG KOTA KOTA ADM. JAKARTA PUSAT DAERAH KHUSUS IBUKOTA JAKARTA 13381 DEPAN BENGKEL SURYA AGUNG,-6.2866392,106.780141
2024,KOTA ADM. JAKARTA PUSAT,HLT202400470,REGULER,133010118004,JL. CIDENG TIMUR 6 69 RW 4 PETOJO SEL KECAMATAN GAMBIR KOTA KOTA ADM. JAKARTA PUSAT DAERAH KHUSUS IBUKOTA JAKARTA 10150 DEPAN KFC,-6.2366272,106.8270327
2024,KOTA ADM. JAKARTA TIMUR,HLT202400471,REGULER,133010118004,JL. I GUSTI NGURAH RAI RT 5 RW 9 JATINEGARA KEC CAKUNG KOTA KOTA ADM. JAKARTA TIMUR DAERAH KHUSUS IBUKOTA JAKARTA 13930 SEBRANG DELLA SALON,-6.2154037,106.8739408
2024,KOTA ADM. JAKARTA PUSAT,HLT202400472,REGULER,133010118004,JL. CIDENG TIMUR 91 RT 14 RW 2 PETOJO SEL KECAMATAN GAMBIR KOTA KOTA ADM. JAKARTA PUSAT DAERAH KHUSUS IBUKOTA JAKARTA 10150 HALTE PASAR TOMAS,-6.2213559,106.8682108
2024,KOTA ADM. JAKARTA BARAT,HLT202400497,REGULER,133010118004,JL. LETJEN S PARMAN ST RW 3 SLIPI PALMERAH WEST JAKARTA CITY JAKARTA 11410 DEPAN SMP SMEA IBU PERTIWI,-6.1912343,106.8295762
2024,KOTA ADM. JAKARTA SELATAN,HLT202400498,REGULER,133010118004,JL. IMAM BONJOL RT 5 RW 5 MENTENG KEC MENTENG KOTA KOTA ADM. JAKARTA PUSAT DAERAH KHUSUS IBUKOTA JAKARTA 10310 HALTE TAMAN SUROPATI,-6.1920761,106.782036
2024,KOTA ADM. JAKARTA SELATAN,HLT202400499,REGULER,133010118004,JL. PANGERAN DIPONEGORO KEC MENTENG KOTA KOTA ADM. JAKARTA PUSAT DAERAH KHUSUS IBUKOTA JAKARTA 10310 HALTE SMPN 8,-6.1882977,106.8226646
2024,KOTA ADM. JAKARTA BARAT,HLT202400500,REGULER,133010118004,JL. LETJEN S PARMAN KAV 32 34 RT 06 RW 03 KEMANGGISAN PALMERAH RT 6 RW 3 KEMANGGISAN KEC PALMERAH KOTA KOTA ADM. JAKARTA BARAT DAERAH KHUSUS IBUKOTA JAKARTA 11480 HALTE SASA,-6.2486861,106.9421719
2024,KOTA ADM. JAKARTA SELATAN,HLT202400501,REGULER,133010118004,JL. TEUKU NYAK ARIEF RT 4 RW 2 GROGOL SEL KEC KBY LAMA KOTA KOTA ADM. JAKARTA SELATAN DAERAH KHUSUS IBUKOTA JAKARTA 12220 SEBRANG HYUNDAI SIMPRUG,-6.1376894,106.8709355
2024,KOTA ADM. JAKARTA BARAT,HLT202400502,REGULER,133010135001,JL. LETJEN S PARMAN ST SLIPI PALMERAH WEST JAKARTA CITY JAKARTA 11480 DEPAN INDOMARET S PARMAN 6E,-6.131551,106.81216
2024,KOTA ADM. JAKARTA BARAT,HLT202400503,REGULER,133010118004,JL. LETJEN S PARMAN RT 4 RW 9 KOTA BAMBU SEL KEC PALMERAH KOTA KOTA ADM. JAKARTA BARAT DAERAH KHUSUS IBUKOTA JAKARTA 11480 DEPAN RS JANTUNG HARAPAN KITA,-6.1496471,106.888986
2024,KOTA ADM. JAKARTA SELATAN,HLT202400504,REGULER,133010118004,JL. HBR MOTIK RT 13 RW 6 KB KOSONG KEC KEMAYORAN KOTA KOTA ADM. JAKARTA PUSAT DAERAH KHUSUS IBUKOTA JAKARTA 10630 BAWAH DEKAT JPO BUSWAY KEMAYORAN LANDASAN PACU,-6.1872038,106.8326989
2024,KOTA ADM. JAKARTA SELATAN,HLT202400505,REGULER,133010118004,JL. TEUKU CIK DITIRO 14 6 RT 8 RW 2 GONDANGDIA KEC MENTENG KOTA KOTA ADM. JAKARTA PUSAT DAERAH KHUSUS IBUKOTA JAKARTA 10350 DEPAN KONSIL KEDOKTERAN INDONESIA,-6.1251518,106.7994427
2024,KOTA ADM. JAKARTA UTARA,HLT202400506,REGULER,133010118004,JL. RAYA CILINCING 8 10 RT 1 RW 1 CILINCING KEC CILINCING KOTA JKT UTARA DAERAH KHUSUS IBUKOTA JAKARTA HALTE DEPAN KOMPLEK MARINIR,-6.1272951,106.8046886
2024,KOTA ADM. JAKARTA TIMUR,HLT202400507,REGULER,133010118004,JL. BEKASI TIM RAYA RT 3 RW 2 PISANGAN TIM KEC PULO GADUNG KOTA KOTA ADM. JAKARTA TIMUR DAERAH KHUSUS IBUKOTA JAKARTA 13230 HALTE KA PS ENJO,-6.1325679,106.8062953
2024,KOTA ADM. JAKARTA BARAT,HLT202400347,REGULER,133010135001,DAAN MOGOT RD RW 2 EAST CENGKARENG CENGKARENG WEST JAKARTA CITY JAKARTA 11730 HALTE DAUN,-6.1363973,106.8034537
2024,KOTA ADM. JAKARTA SELATAN,HLT202400348,REGULER,133010118004,JL. LETJEN M T HARYONO RT 11 RW 5 TEBET BAR KEC TEBET KOTA KOTA ADM. JAKARTA SELATAN DAERAH KHUSUS IBUKOTA JAKARTA 12810 HALTE TEBET BUMD,-6.1339493,106.8122101
2024,KOTA ADM. JAKARTA BARAT,HLT202400349,REGULER,133010118004,JL. DAAN MOGOT RT 8 RW 2 CENGKARENG BAR KECAMATAN CENGKARENG KOTA KOTA ADM. JAKARTA BARAT DAERAH KHUSUS IBUKOTA JAKARTA 11730 SEBRANG SUZUKI SENTRA CENGKARENG,-6.1375106,106.8179752
2024,KOTA ADM. JAKARTA SELATAN,HLT202400350,REGULER,133010118004,JL. SALEMBA RAYA 9 10 RT 1 RW 3 PASEBAN KEC SENEN KOTA KOTA ADM. JAKARTA PUSAT DAERAH KHUSUS IBUKOTA JAKARTA 10430 HALTE PERTANIAN,-6.1361712,106.8260091
2024,KOTA ADM. JAKARTA BARAT,HLT202400351,REGULER,133010118004,JL. PANGERAN TUBAGUS ANGKE 8 RT 13 RW 7 JELAMBAR BARU KEC GROGOL PETAMBURAN KOTA KOTA ADM. JAKARTA BARAT DAERAH KHUSUS IBUKOTA JAKARTA 14450 HALTE BNI,-6.1365378,106.8148457
2024,KOTA ADM. JAKARTA SELATAN,HLT202400352,REGULER,133010118004,JL. PENJERNIHAN 1 KARET TENGSIN KECAMATAN TANAH ABANG KOTA KOTA ADM. JAKARTA PUSAT DAERAH KHUSUS IBUKOTA JAKARTA 10250 DEPAN RUMAH BERSAMA CILIWUNG,-6.2293679,106.8927793
2024,KOTA ADM. JAKARTA BARAT,HLT202400353,REGULER,133010118004,JL. PANGERAN TUBAGUS ANGKE RT 16 JELAMBAR BARU KEC GROGOL PETAMBURAN KOTA KOTA ADM. JAKARTA BARAT DAERAH KHUSUS IBUKOTA JAKARTA 14450 SAMPING JL. JELAMBAR BARAT,-6.1878257,106.822746
2024,KOTA ADM. JAKARTA SELATAN,HLT202400354,REGULER,133010118004,JL. PANJANG NO 5 RT 5 RW 11 KEDOYA UTARA KEC KB JERUK KOTA KOTA ADM. JAKARTA BARAT DAERAH KHUSUS IBUKOTA JAKARTA 11520 HALTE ASHIDIQIAH,-6.1520552,106.8543543
2024,KOTA ADM. JAKARTA BARAT,HLT202400355,REGULER,133010118004,JL. PANGERAN TUBAGUS ANGKE RT 12 RW 14 WIJAYA KUSUMA KEC GROGOL PETAMBURAN KOTA KOTA ADM. JAKARTA BARAT DAERAH KHUSUS IBUKOTA JAKARTA 14450 SEBRANG BNI,-6.1350845,106.8112915
2024,KOTA ADM. JAKARTA SELATAN,HLT202400356,REGULER,133010118004,JL. PANJANG 68 RT 19 RW 4 KEDOYA SEL KEC KB JERUK KOTA KOTA ADM. JAKARTA BARAT DAERAH KHUSUS IBUKOTA JAKARTA 11520 SEBRANG BANK BJB,-6.2068747,106.9545682
2024,KOTA ADM. JAKARTA BARAT,HLT202400357,REGULER,133010118004,JL. KEMBANGAN RAYA 43 60 RT 1 RW 2 KEMBANGAN SEL KEC KEMBANGAN KOTA KOTA ADM. JAKARTA BARAT DAERAH KHUSUS IBUKOTA JAKARTA 11610 HALTE KEMBANGAN RAYA,-6.183283,106.9248972
2024,KOTA ADM. JAKARTA PUSAT,HLT202400549,REGULER,133010118004,JL. TEUKU CIK DITIRO 14 6 RT 8 RW 2 GONDANGDIA KEC MENTENG KOTA KOTA ADM. JAKARTA PUSAT DAERAH KHUSUS IBUKOTA JAKARTA 10350 HALTE KKI,-6.2193412,106.9234331
2024,KOTA ADM. JAKARTA UTARA,HLT202400550,REGULER,133010118004,JL. BANDENGAN SEL NO 23 RT 5 RW 16 PEJAGALAN KEC PENJARINGAN KOTA JKT UTARA DAERAH KHUSUS IBUKOTA JAKARTA 14450 BAWAH JPO DEPAN TOKO NASA,-6.1573172,106.8449949
2024,KOTA ADM. JAKARTA SELATAN,HLT202400551,REGULER,133010118004,JL. RAJAWALI SELATAN RAYA RT 4 RW 6 GN SAHARI UTARA KECAMATAN SAWAH BESAR KOTA KOTA ADM. JAKARTA PUSAT DAERAH KHUSUS IBUKOTA JAKARTA 10720 HALTE SENTANI,-6.1523883,106.9267017
2024,KOTA ADM. JAKARTA PUSAT,HLT202400552,REGULER,133010118004,JL. TEUKU CIK DITIRO NO 56A RT 9 RW 5 MENTENG KEC MENTENG KOTA KOTA ADM. JAKARTA PUSAT DAERAH KHUSUS IBUKOTA JAKARTA 10310 HALTE CIKTIRO,-6.1190254,106.794276
2024,KOTA ADM. JAKARTA SELATAN,HLT202400553,REGULER,133010135001,JL. KH GURU AMIN U S SAMPING TMB KALIBATA,-6.1644911,106.7628822
2024,KOTA ADM. JAKARTA TIMUR,HLT202400554,REGULER,133010135001,JL. YOS SUDARSO U S DEPAN TAMAN KOTA PLUMPANG RAWA BEBEK,-6.1659833,106.7963983
2024,KOTA ADM. JAKARTA PUSAT,HLT202400555,REGULER,133010118004,JL. DR GSSJ RATULANGI 36 26 RT 2 RW 3 GONDANGDIA KEC MENTENG KOTA KOTA ADM. JAKARTA PUSAT DAERAH KHUSUS IBUKOTA JAKARTA 10350 HALTE SMU,-6.1751348,106.7660013
2024,KOTA ADM. JAKARTA PUSAT,HLT202400556,REGULER,133010118004,JL. DR GSSJ RATULANGI RT 2 RW 3 GONDANGDIA KEC MENTENG KOTA KOTA ADM. JAKARTA PUSAT DAERAH KHUSUS IBUKOTA JAKARTA 10350 HALTE MENTENG GOTHE,-6.1373723,106.7920138
2024,KOTA ADM. JAKARTA TIMUR,HLT202400557,REGULER,133010118004,JL. YOS SUDARSO U S JL. TABAH RAYA SEKOLAH HANGTUAH KELAP,-6.1644124,106.7628079
2024,KOTA ADM. JAKARTA BARAT,HLT202400558,REGULER,133010118004,2 JL. PETA UTARA S U SEBERANG SEKOLAH SMK PGRI 36 YAYASA,-6.1719898,106.8891033
2024,KOTA ADM. JAKARTA PUSAT,HLT202400559,REGULER,133010135001,JL. PENJERNIHAN 1 KOTA ADM. JAKARTA PUSAT RT 10 RW 6 BEND HILIR TANAHABANG KOTA KOTA ADM. JAKARTA PUSAT DAERAH KHUSUS IBUKOTA JAKARTA 10210 HALTE PU IRIGASI,-6.1656933,106.7984117
2024,KOTA ADM. JAKARTA PUSAT,HLT202400560,REGULER,133010135001,JL. PENJERNIHAN 1 NO 45 BEND HILIR TANAHABANG JAKARTA DAERAH KHUSUS IBUKOTA JAKARTA 10210 HALTE KELURAHAN,-6.1770807,106.8001458
2024,KOTA ADM. JAKARTA BARAT,HLT202400561,REGULER,133010135001,3 JL. OUTER RING ROAD BARAT S U DEPAN SPBU PERTAMINA TEGA,-6.1436083,106.7938067
2024,KOTA ADM. JAKARTA PUSAT,HLT202400687,REGULER,133010118004,JL. KEBON SIRIH 30 22 RT 14 RW 2 KB SIRIH KECAMATAN GAMBIR KOTA KOTA ADM. JAKARTA PUSAT DAERAH KHUSUS IBUKOTA JAKARTA 10110 HALTE DPRD,-6.2477361,106.9246091
2024,KOTA ADM. JAKARTA SELATAN,HLT202400688,REGULER,133010118004,DEKAT JL. POLTANGAN JL. RAYA PS MINGGU SISI TIMUR,-6.1712402,106.8100692
2024,KOTA ADM. JAKARTA PUSAT,HLT202400689,REGULER,133010118004,JL. H AGUS SALIM 58 RT 8 RW 4 GONDANGDIA KEC MENTENG KOTA KOTA ADM. JAKARTA PUSAT DAERAH KHUSUS IBUKOTA JAKARTA 10350 SAMPING PT ANUGERAH,-6.1834396,106.756382
2024,KOTA ADM. JAKARTA TIMUR,HLT202400690,REGULER,133010118004,PINTU 1 TMII RW 3 PINANG RANTI KEC MAKASAR KOTA KOTA ADM. JAKARTA TIMUR DAERAH KHUSUS IBUKOTA JAKARTA 13560 HALTE BAWAH KECAMATAN,-6.1700018,106.8172026
2024,KOTA ADM. JAKARTA PUSAT,HLT202400691,REGULER,133010118004,JL. H AGUS SALIM 12 RT 11 RW 2 GAMBIR KECAMATAN GAMBIR KOTA KOTA ADM. JAKARTA PUSAT DAERAH KHUSUS IBUKOTA JAKARTA 10110 SEBRANG WISMA ANTARA,-6.1101373,106.8924173
2024,KOTA ADM. JAKARTA UTARA,HLT202400692,TRANSJAKARTA,133010118004,JL. YOS SUDARSO RT 6 RW 13 RAWABADAK UTARA KEC KOJA KOTA JKT UTARA DAERAH KHUSUS IBUKOTA JAKARTA 14320 HALTE BUSWAY WALIKOTA KOTA ADM. JAKARTA UTARA,-6.1767568,106.876161
2024,KOTA ADM. JAKARTA BARAT,HLT202400693,REGULER,133010118004,JL. SULTAN ISKANDAR MUDA 24 5 RT 6 RW 9 KBY LAMA SEL KEC KBY LAMA KOTA KOTA ADM. JAKARTA SELATAN DAERAH KHUSUS IBUKOTA JAKARTA 12240 DEPAN NISSAN,-6.187595,106.8252783
2024,KOTA ADM. JAKARTA PUSAT,HLT202400694,REGULER,133010135001,JL. RAYA JAKARTA BOGOR RT 1 RW 3 PEKAYON KEC PS REBO KOTA KOTA ADM. JAKARTA TIMUR DAERAH KHUSUS IBUKOTA JAKARTA 13710 SEBRANG PURWOAJI MOTOR,-6.2019556,106.8855207
2024,KOTA ADM. JAKARTA PUSAT,HLT202400695,REGULER,133010135001,JL. LAPANGAN BANTENG UTARA PS BARU KECAMATAN SAWAH BESAR KOTA KOTA ADM. JAKARTA PUSAT DAERAH KHUSUS IBUKOTA JAKARTA SEBRANG KANTOR POS,-6.2891824,106.7734147
2024,KOTA ADM. JAKARTA UTARA,HLT202400696,REGULER,133010135001,JL. BUKIT DURI UTARA 247 RT 2 RW 12 BUKIT DURI KEC TEBET KOTA KOTA ADM. JAKARTA SELATAN DAERAH KHUSUS IBUKOTA JAKARTA 12840 DEPAN SMA 8,-6.2144774,106.8871123
2024,KOTA ADM. JAKARTA SELATAN,HLT202400697,REGULER,133010135001,JL. RP SOEROSO 10 RT 9 RW 5 CIKINI KEC MENTENG KOTA KOTA ADM. JAKARTA PUSAT DAERAH KHUSUS IBUKOTA JAKARTA 10330 HALTE PARMASI,-6.2822235,106.7720304
2024,KOTA ADM. JAKARTA BARAT,HLT202400698,REGULER,133010135001,JL. GATOT SUBROTO RT 5 RW 3 SENAYAN KEC KBY BARU KOTA KOTA ADM. JAKARTA SELATAN DAERAH KHUSUS IBUKOTA JAKARTA 12190 DEPAN PLODA METRO JAYA,-6.1830032,106.9229201
2024,KOTA ADM. JAKARTA SELATAN,HLT202400699,REGULER,133010135001,PD KLP KEC DUREN SAWIT KOTA KOTA ADM. JAKARTA TIMUR DAERAH KHUSUS IBUKOTA JAKARTA HALTE H NAMAN,-6.2672601,106.7837265
2024,KOTA ADM. JAKARTA TIMUR,HLT202400700,REGULER,133010118004,JL. PATRA KOTA ADM. JAKARTA BARAT RT 3 RW 2 DURI KEPA KEC KB JERUK KOTA KOTA ADM. JAKARTA BARAT DAERAH KHUSUS IBUKOTA JAKARTA 11510 DEPAN SEKOLAH KATHOLIK ABDI,-6.1605089,106.8146496
2024,KOTA ADM. JAKARTA BARAT,HLT202400701,REGULER,133010118004,JL. HR RASUNA SAID KOTA ADM. JAKARTA SELATAN RT 2 RW 5 KARET KUNINGAN KECAMATAN SETIABUDI KOTA KOTA ADM. JAKARTA SELATAN DAERAH KHUSUS IBUKOTA JAKARTA 12940 DEPAN GAMA TOWER,-6.2571531,106.7818225
2024,KOTA ADM. JAKARTA TIMUR,HLT202400702,REGULER,133010118004,JL. SENOPATI 49 RT 7 RW 3 SELONG KEC KBY BARU KOTA KOTA ADM. JAKARTA SELATAN DAERAH KHUSUS IBUKOTA JAKARTA 12110 HALTE SEKOLAH SD 01,-6.2141383,106.9102633
2024,KOTA ADM. JAKARTA SELATAN,HLT202400703,REGULER,133010118004,JL. DURI KEPA RAYA 9 73 RT 1 RW 2 DURI KEPA KEC KB JERUK KOTA KOTA ADM. JAKARTA BARAT DAERAH KHUSUS IBUKOTA JAKARTA 11510 SDN DURI KEPA 11,-6.2386671,106.7830855
2024,KOTA ADM. JAKARTA SELATAN,HLT202400704,REGULER,133010118004,JL. PANJANG 2 RT 19 RW 4 KEDOYA SEL KEC KB JERUK KOTA KOTA ADM. JAKARTA BARAT DAERAH KHUSUS IBUKOTA JAKARTA 11520 DEPAN KEDOYA ELOK PLAZA,-6.2205269,106.8682018
2024,KOTA ADM. JAKARTA UTARA,HLT202400705,REGULER,133010118004,JL. PEGANGSAAN DUA 1 2 RT 5 RW 3 PEGANGSAAN DUA KEC KLP GADING KOTA JKT UTARA DAERAH KHUSUS IBUKOTA JAKARTA 14250 DEPAN ISUZU,-6.1610091,106.7902761
2024,KOTA ADM. JAKARTA SELATAN,HLT202400706,TRANSJAKARTA,133010135001,12230 JL. SULTAN ISKANDAR MUDA KBY LAMA UTARA KEC KBY LAMA KOTA KOTA ADM. JAKARTA SELATAN DAERAH KHUSUS IBUKOTA JAKARTA 12240 HALTE BUSWAY PASAR KEBAYORAN LAMA,-6.1513071,106.886907
2024,KOTA ADM. JAKARTA SELATAN,HLT202400707,REGULER,133010135001,JL. PANJANG 200 23 RW 1 KEDOYA SEL KEC KB JERUK KOTA KOTA ADM. JAKARTA BARAT DAERAH KHUSUS IBUKOTA JAKARTA 11520 HALTE TOYOTORIS,-6.1520742,106.7949264
2024,KOTA ADM. JAKARTA SELATAN,HLT202400708,TRANSJAKARTA,133010118004,JL. TEUKU NYAK ARIEF RW RT 5 RW 2 GROGOL SEL KEC KBY LAMA KOTA KOTA ADM. JAKARTA SELATAN DAERAH KHUSUS IBUKOTA JAKARTA 12220 HALTE BUSWAY SIMPRUG,-6.2429234,106.876333
2024,KOTA ADM. JAKARTA SELATAN,HLT202400709,REGULER,133010118004,PD KLP KEC DUREN SAWIT KOTA KOTA ADM. JAKARTA TIMUR DAERAH KHUSUS IBUKOTA JAKARTA HALTE H NAMAN 2,-6.143119,106.7935822
2024,KOTA ADM. JAKARTA PUSAT,HLT202400562,REGULER,133010118004,JL. PENJERNIHAN 1 KARET TENGSIN KECAMATAN TANAH ABANG KOTA KOTA ADM. JAKARTA PUSAT DAERAH KHUSUS IBUKOTA JAKARTA 10250 DEPAN RUMAH BERSAMA CILIWUNG,-6.232052,106.8673862
2024,KOTA ADM. JAKARTA BARAT,HLT202400563,REGULER,133010118004,4 JL. OUTER RING ROAD BARAT KAYU BESAR U S DPN SDN 021 P,-6.133305,106.7928633
2024,KOTA ADM. JAKARTA PUSAT,HLT202400564,REGULER,133010118004,JL. ABDUL MUIS RT 03 03 NO68 RT 2 RW 3 GAMBIR KECAMATAN GAMBIR KOTA KOTA ADM. JAKARTA PUSAT DAERAH KHUSUS IBUKOTA JAKARTA 10160 SAMPING UNIVERSITAS BRAWIJAYA,-6.2350398,106.8679905
2024,KOTA ADM. JAKARTA BARAT,HLT202400565,REGULER,133010118004,1 JL. OUTER RING ROAD BARAT KAMAL RY CENGKARENG U S DEPAN,-6.115686,106.7910331
2024,KOTA ADM. JAKARTA PUSAT,HLT202400566,REGULER,133010135001,JL. ABDUL MUIS 10 2 RT 11 RW 8 PETOJO SEL KECAMATAN GAMBIR KOTA KOTA ADM. JAKARTA PUSAT DAERAH KHUSUS IBUKOTA JAKARTA 10160 DEPAN BRI,-6.2265933,106.8670932
2024,KOTA ADM. JAKARTA UTARA,HLT202400567,REGULER,133010118004,2 JL. PETA SELATAN U S DEPAN SMK JAKARTA 1,-6.109465,106.8822867
2024,KOTA ADM. JAKARTA PUSAT,HLT202400568,REGULER,133010118004,JL. ABDUL MUIS RT 11 RW 3 GAMBIR KECAMATAN GAMBIR KOTA KOTA ADM. JAKARTA PUSAT DAERAH KHUSUS IBUKOTA JAKARTA 10160 HALTE PERMORIN,-6.1262928,106.7917118
2024,KOTA ADM. JAKARTA BARAT,HLT202400569,REGULER,133010118004,3 JL. OUTER RING ROAD BARAT RAWA BUAYA S U DPN TERMINAL,-6.2376767,106.8686315
2024,KOTA ADM. JAKARTA BARAT,HLT202400570,REGULER,133010118004,JL. GAJAH MADA BARAT JAKARTA KEAGUNGAN TAMAN SARI BARAT JAKARTA CITY JAKARTA HALTE SMA 2 II,-6.2429461,106.8635098
2024,KOTA ADM. JAKARTA BARAT,HLT202400571,REGULER,133010118004,4 JL. CENDRAWASIH RAYA S U DEPAN GELANGANG REMAJA CENDRAW,-6.2391173,106.8779006
2024,KOTA ADM. JAKARTA PUSAT,HLT202400572,REGULER,133010118004,JL. CUT MUTIA 10 2 RT 4 RW 9 KEC MENTENG KOTA KOTA ADM. JAKARTA PUSAT DAERAH KHUSUS IBUKOTA JAKARTA 10330 HALTE BRI,-6.2429502,106.8583233
2024,KOTA ADM. JAKARTA SELATAN,HLT202400573,REGULER,133010118004,JL. TB SIMATUPANG GEDONG KEC PS REBO KOTA KOTA ADM. JAKARTA TIMUR DAERAH KHUSUS IBUKOTA JAKARTA 13760 SEBRANG SUPERINDO,-6.2145825,106.8097182
2024,KOTA ADM. JAKARTA PUSAT,HLT202400358,REGULER,133010135001,JL. RAYA JAKARTA BOGOR RT 3 RW 7 KP TENGAH KEC KRAMAT JATI KOTA KOTA ADM. JAKARTA TIMUR DAERAH KHUSUS IBUKOTA JAKARTA 13540 SEBRANG MEGA KERAMIK,-6.1880153,106.9602969
2024,KOTA ADM. JAKARTA UTARA,HLT202400359,REGULER,133010135001,JL. R E MARTADINATA DEPAN ANCOL,-6.189295,106.96527
2024,KOTA ADM. JAKARTA SELATAN,HLT202400360,REGULER,133010118004,JL. PANJANG ARTERI KLP DUA RAYA RT 6 RW 2 KB JERUK KEC KB JERUK KOTA KOTA ADM. JAKARTA BARAT DAERAH KHUSUS IBUKOTA JAKARTA 11530 HALTE SMA 65,-6.2858481,106.8262538
2024,KOTA ADM. JAKARTA BARAT,HLT202400361,REGULER,133010118004,JL. RAYA KB JERUK 1 RT 4 RW 2 KB JERUK KEC KB JERUK KOTA KOTA ADM. JAKARTA BARAT DAERAH KHUSUS IBUKOTA JAKARTA 11530 HALTE DEPAN SMP 229,-6.1928189,106.9051853
2024,KOTA ADM. JAKARTA SELATAN,HLT202400362,REGULER,133010118004,JL. DAAN MOGOT RT 7 RW 2 KALIDERES KEC KALIDERES KOTA KOTA ADM. JAKARTA BARAT DAERAH KHUSUS IBUKOTA JAKARTA DEKAT POLSEK KALIDERES,-6.1234019,106.9168534
2024,KOTA ADM. JAKARTA BARAT,HLT202400363,REGULER,133010118004,JL. RAYA KB JERUK 126 8 RT 3 RW 9 KB JERUK KEC KB JERUK KOTA KOTA ADM. JAKARTA BARAT DAERAH KHUSUS IBUKOTA JAKARTA 11530 HALTE DEPAN PAUD AR RAHMAH,-6.1996507,106.7823951
2024,KOTA ADM. JAKARTA BARAT,HLT202400364,REGULER,133010118004,JL. PANJANG KB JERUK KEC KB JERUK KOTA KOTA ADM. JAKARTA BARAT DAERAH KHUSUS IBUKOTA JAKARTA DEPAN CEVROLET,-6.2742413,106.8304329
2024,KOTA ADM. JAKARTA SELATAN,HLT202400365,REGULER,133010118004,JL. KYAI H ZAINUL ARIFIN RW 14 TANAH SEREAL KEC TAMBORA KOTA KOTA ADM. JAKARTA BARAT DAERAH KHUSUS IBUKOTA JAKARTA 11210 DEPAN FUJI XEROX,-6.176965,106.8410372
2024,KOTA ADM. JAKARTA SELATAN,HLT202400366,REGULER,133010118004,JL. DAAN MOGOT 29 66 RT 1 RW 3 KALIDERES KEC KALIDERES KOTA KOTA ADM. JAKARTA BARAT DAERAH KHUSUS IBUKOTA JAKARTA 11840 SEBRANG WARTEG SEDERHANA,-6.2578037,106.8700964
2024,KOTA ADM. JAKARTA UTARA,HLT202400367,REGULER,133010118004,JL. R E MARTADINATA RT 6 RW 6 SUNTER AGUNG TJ PRIOK KOTA JKT UTARA DAERAH KHUSUS IBUKOTA JAKARTA 14350 SAMPING JL. SUNTER PERMAI RAYA,-6.1929379,106.880185
2024,KOTA ADM. JAKARTA UTARA,HLT202400368,REGULER,133010135001,JL. R E MARTADINATA RW 10 PADEMANGAN BAR KEC PADEMANGAN KOTA JKT UTARA DAERAH KHUSUS IBUKOTA JAKARTA 14420 HALTE POLSEK,-6.2088412,106.8472462
2024,KOTA ADM. JAKARTA SELATAN,HLT202400369,REGULER,133010135001,JL. JEND SUDIRMAN NO 315 RT 1 RW 3 KUNINGAN GELORA KECAMATAN TANAH ABANG KOTA KOTA ADM. JAKARTA PUSAT DAERAH KHUSUS IBUKOTA JAKARTA 10270 DEPAN PANIN BANK,-6.1935314,106.8488617
2024,KOTA ADM. JAKARTA TIMUR,HLT202400536,REGULER,133010118004,JL. DEWI SARTIKA T B DEPAN SEKOLAH SMP YAYASAN MARSUDIRIN,-6.1965808,106.8509962
2024,KOTA ADM. JAKARTA UTARA,HLT202400537,REGULER,133010118004,JL. GN SAHARI RT 1 RW 1 PADEMANGAN BAR KEC PADEMANGAN KOTA JKT UTARA DAERAH KHUSUS IBUKOTA JAKARTA 14420 SEBRANG K 24,-6.1881403,106.8460864
2024,KOTA ADM. JAKARTA UTARA,HLT202400538,REGULER,133010135001,JL. GN SAHARI RT 1 RW 13 PADEMANGAN BAR KEC PADEMANGAN KOTA JKT UTARA DAERAH KHUSUS IBUKOTA JAKARTA 14420 DEPAN WTC MANGGA DUA,-6.2032819,106.8570642
2024,KOTA ADM. JAKARTA TIMUR,HLT202400539,REGULER,133010118004,JL. DEWI SARTIKA T B SAMPING PGC CILILITAN,-6.1487189,106.8162839
2024,KOTA ADM. JAKARTA UTARA,HLT202400540,REGULER,133010118004,JL. GN SAHARI RT 1 RW 9 PADEMANGAN BAR KEC PADEMANGAN KOTA JKT UTARA DAERAH KHUSUS IBUKOTA JAKARTA 14420 DEPAN NOVOTEL,-6.1934152,106.888145
2024,KOTA ADM. JAKARTA SELATAN,HLT202400541,REGULER,133010118004,JL. GUNAWARMAN S U DEPAN GD HYPOXY,-6.1933233,106.8834333
2024,KOTA ADM. JAKARTA BARAT,HLT202400542,REGULER,133010118004,JL. KYAI TAPA 1 RT 6 RW 16 TOMANG KEC GROGOL PETAMBURAN KOTA KOTA ADM. JAKARTA BARAT DAERAH KHUSUS IBUKOTA JAKARTA 11440 DEPAN UNIVERSITAS TRISAKTI,-6.1781583,106.8422467
2024,KOTA ADM. JAKARTA SELATAN,HLT202400543,REGULER,133010118004,J PERTANIAN 3 PASAR MINGGU T B DEPAN GD KARYA SOSIAL,-6.2388506,106.83078
2024,KOTA ADM. JAKARTA BARAT,HLT202400544,REGULER,133010118004,JL. KYAI TAPA 1 RT 6 RW 16 TOMANG KEC GROGOL PETAMBURAN KOTA KOTA ADM. JAKARTA BARAT DAERAH KHUSUS IBUKOTA JAKARTA 11440 DI BAWAH JPO BUSWAY GROGOL 1 DEPAN GELANGGANG MAHASISWA,-6.1774647,106.8424451
2024,KOTA ADM. JAKARTA SELATAN,HLT202400545,REGULER,133010118004,JL. LENTENG AGUNG RAYA U S DEPAN UNIVERSITAS PANCASILA,-6.1782384,106.8423558
2024,KOTA ADM. JAKARTA SELATAN,HLT202400546,REGULER,133010118004,JL. LENTENG AGUNG RAYA U S SEBERANG STASIUN KA TANJUNG BAR,-6.1771906,106.8414302
2024,KOTA ADM. JAKARTA BARAT,HLT202400547,REGULER,133010118004,JL. KYAI TAPA 1 TOMANG KEC GROGOL PETAMBURAN KOTA KOTA ADM. JAKARTA BARAT DAERAH KHUSUS IBUKOTA JAKARTA 11440 DI BAWAH JPO BUSWAY GROGOL 1 DEPAN GELANGGANG MAHASISWA 2,-6.2268115,106.8814261
2024,KOTA ADM. JAKARTA PUSAT,HLT202400548,REGULER,133010118004,JL. DR SAHARDJO S U DEPAN SDN 01 02 03 MENTENG JAKARTA SE,-6.1832774,106.8126846
2024,KOTA ADM. JAKARTA SELATAN,HLT202400473,REGULER,133010118004,JL. DANAU SUNTER UTARA RT 14 RW 13 SUNTER AGUNG TJ PRIOK KOTA JKT UTARA DAERAH KHUSUS IBUKOTA JAKARTA 14350 HALTE SUNTER KARYA,-6.2245616,106.8663683
2024,KOTA ADM. JAKARTA UTARA,HLT202400474,REGULER,133010135001,JL. PESANGGRAHAN 19 28 RT 4 RW 6 KEMBANGAN SEL KEC KEMBANGAN KOTA KOTA ADM. JAKARTA BARAT DAERAH KHUSUS IBUKOTA JAKARTA 11610 DEPAN STARBUCKS,-6.201502,106.9046449
2024,KOTA ADM. JAKARTA PUSAT,HLT202400475,REGULER,133010118004,JL. KEBON SIRIH 75 79 RT 1 RW 1 GAMBIR KECAMATAN GAMBIR KOTA KOTA ADM. JAKARTA PUSAT DAERAH KHUSUS IBUKOTA JAKARTA 10340 HALTE MASJID AL RAYYAN,-6.3048187,106.8624581
2024,KOTA ADM. JAKARTA PUSAT,HLT202400476,REGULER,133010118004,JL. KEBON SIRIH RT 2 RW 3 KP BALI KECAMATAN TANAH ABANG KOTA KOTA ADM. JAKARTA PUSAT DAERAH KHUSUS IBUKOTA JAKARTA 10250 HALTE JEMBATAN SERONG,-6.2124497,106.9453324
2024,KOTA ADM. JAKARTA TIMUR,HLT202400477,REGULER,133010118004,JL. LENTENG AGUNG RAYA RT 4 RW 1 LENTENG AGUNG KEC JAGAKARSA KOTA KOTA ADM. JAKARTA SELATAN DAERAH KHUSUS IBUKOTA JAKARTA 12530 HALTE LENTENG AGUNG BARAT,-6.1082387,106.8999885
2024,KOTA ADM. JAKARTA UTARA,HLT202400478,REGULER,133010135001,JL. YOS SUDARSO 23 RT 1 RW 12 KB BAWANG TJ PRIOK KOTA JKT UTARA DAERAH KHUSUS IBUKOTA JAKARTA 14320 SAMPING JL. BUGIS,-6.2125383,106.9405581
2024,KOTA ADM. JAKARTA SELATAN,HLT202400479,REGULER,133010118004,JL. LETJEND SUPRAPTO RT 14 RW 6 BUNGUR KEC SENEN KOTA KOTA ADM. JAKARTA PUSAT DAERAH KHUSUS IBUKOTA JAKARTA BAWAH JPO,-6.1085086,106.9008247
2024,KOTA ADM. JAKARTA UTARA,HLT202400480,REGULER,133010118004,JL. YOS SUDARSO RT 5 RW 2 KOJA NORTH JAKARTA CITY JAKARTA HALTE KEBON BAWANG,-6.2137965,106.9396984
2024,KOTA ADM. JAKARTA SELATAN,HLT202400481,REGULER,133010118004,JL. MH THAMRIN DEPAN BANK SURYA,-6.1086158,106.9065589
2024,KOTA ADM. JAKARTA PUSAT,HLT202400482,REGULER,133010118004,JL. PROKLAMASI 13 25 RT 11 RW 2 PEGANGSAAN KEC MENTENG KOTA KOTA ADM. JAKARTA PUSAT DAERAH KHUSUS IBUKOTA JAKARTA 10320 HALTE MEGARIA,-6.2160615,106.924192
2024,KOTA ADM. JAKARTA PUSAT,HLT202400483,REGULER,133010118004,JL. PROKLAMASI 49 RT 11 RW 2 PEGANGSAAN KEC MENTENG KOTA KOTA ADM. JAKARTA PUSAT DAERAH KHUSUS IBUKOTA JAKARTA 10320 HALTE TUGU PROKLAMASI,-6.1076525,106.8952928
2024,KOTA ADM. JAKARTA PUSAT,HLT202400484,REGULER,133010118004,JL. ASIA AFRIKA RT 1 RW 3 GELORA KECAMATAN TANAH ABANG KOTA KOTA ADM. JAKARTA PUSAT DAERAH KHUSUS IBUKOTA JAKARTA 10270 DEPAN SOGO PLAZA SENAYAN,-6.3080482,106.8394009
2024,KOTA ADM. JAKARTA SELATAN,HLT202400485,REGULER,133010118004,JL. CUT MUTIA 1 RT 10 RW 5 CIKINI KEC MENTENG KOTA KOTA ADM. JAKARTA PUSAT DAERAH KHUSUS IBUKOTA JAKARTA 10330 HALTE BAPINDO,-6.2152251,106.9178558
2024,KOTA ADM. JAKARTA TIMUR,HLT202400486,REGULER,133010118004,JL. I GUSTI NGURAH RAI 11 MALAKA JAYA KEC CAKUNG KOTA KOTA ADM. JAKARTA TIMUR DAERAH KHUSUS IBUKOTA JAKARTA 13460 DEKET JPO BUSWAY PERUMNAS KLENDER,-6.2145017,106.9118617
2024,KOTA ADM. JAKARTA BARAT,HLT202400487,REGULER,133010118004,JL. PROF DR LATUMETEN 109 ANGKE KEC TAMBORA KOTA KOTA ADM. JAKARTA BARAT DAERAH KHUSUS IBUKOTA JAKARTA 11330 DEPAN GERAI CAHAYA MAS,-6.2295769,106.9050692
2024,KOTA ADM. JAKARTA PUSAT,HLT202400488,REGULER,133010118004,JL. ASIA AFRIKA RT 1 RW 3 GELORA KECAMATAN TANAH ABANG KOTA KOTA ADM. JAKARTA PUSAT DAERAH KHUSUS IBUKOTA JAKARTA 10270 HALTE ISTORA SENAYAN,-6.2104216,106.8508222
2024,KOTA ADM. JAKARTA SELATAN,HLT202400489,REGULER,133010118004,JL. MH THAMRIN DEPAN SARINAH,-6.2136797,106.9028975
2024,KOTA ADM. JAKARTA PUSAT,HLT202400490,REGULER,133010118004,JL. ASIA AFRIKA 61 59 RT 1 RW 3 GELORA KECAMATAN TANAH ABANG KOTA KOTA ADM. JAKARTA PUSAT DAERAH KHUSUS IBUKOTA JAKARTA 10270 DEPAN SENAYAN CITY,-6.1680254,106.8825275
2024,KOTA ADM. JAKARTA SELATAN,HLT202400491,REGULER,133010118004,JL. JEND SUDIRMAN RT 10 RW 11 KARET TENGSIN KECAMATAN TANAH ABANG KOTA KOTA ADM. JAKARTA PUSAT DAERAH KHUSUS IBUKOTA JAKARTA 10250 DEPAN ASTRA,-6.2130374,106.8530537
2024,KOTA ADM. JAKARTA PUSAT,HLT202400492,REGULER,133010118004,JL. ASIA AFRIKA RT 1 RW 3 GELORA KECAMATAN TANAH ABANG KOTA KOTA ADM. JAKARTA PUSAT DAERAH KHUSUS IBUKOTA JAKARTA 10270 HALTE GELORA,-6.2074865,106.7978287
2024,KOTA ADM. JAKARTA BARAT,HLT202400493,REGULER,133010118004,JL. LETJEN S PARMAN RT 3 RW 8 TOMANG KEC GROGOL PETAMBURAN KOTA KOTA ADM. JAKARTA BARAT DAERAH KHUSUS IBUKOTA JAKARTA 11440 SAMPING GERBANG TOL TANJUNG DUREN,-6.146731,106.857955
2024,KOTA ADM. JAKARTA SELATAN,HLT202400494,REGULER,133010118004,JL. JEND SUDIRMAN RT 10 RW 11 KARET TENGSIN KECAMATAN TANAH ABANG KOTA KOTA ADM. JAKARTA PUSAT DAERAH KHUSUS IBUKOTA JAKARTA 10250 DEPAN ASTRA,-6.2091365,106.7962563
2024,KOTA ADM. JAKARTA SELATAN,HLT202400495,REGULER,133010118004,JL. IMAM BONJOL RT 9 RW 4 MENTENG KEC MENTENG KOTA KOTA ADM. JAKARTA PUSAT DAERAH KHUSUS IBUKOTA JAKARTA 10310 SAMPING POS BIRU,-6.1399043,106.8590946
2024,KOTA ADM. JAKARTA BARAT,HLT202400496,REGULER,133010118004,JL. LETJEN S PARMAN ST RT 17 RW 1 JATI PULO PALMERAH WEST JAKARTA CITY JAKARTA 11430 DEKAT KPP PAL MERAH,-6.1285084,106.894027
2024,KOTA ADM. JAKARTA SELATAN,HLT202400405,REGULER,133010118004,JL. RAYA KBY LAMA RT 11 RW 1 GROGOL SEL KEC KBY LAMA KOTA KOTA ADM. JAKARTA SELATAN DAERAH KHUSUS IBUKOTA JAKARTA 12220 HALTE KANGKUNG,-6.2535927,106.8643442
2024,KOTA ADM. JAKARTA SELATAN,HLT202400406,REGULER,133010118004,JL. RAYA KBY LAMA NO B1 RT 1 RW 7 GROGOL SEL KEC KBY LAMA KOTA KOTA ADM. JAKARTA SELATAN DAERAH KHUSUS IBUKOTA JAKARTA 12220 HALTE SMPN 48,-6.1333005,106.8319309
2024,KOTA ADM. JAKARTA BARAT,HLT202400407,REGULER,133010135001,JL. HAYAM WURUK NO 125 I RT 2 RW 6 MANGGA BESAR KEC TAMAN SARI KOTA KOTA ADM. JAKARTA BARAT DAERAH KHUSUS IBUKOTA JAKARTA 11180 DEPAN IMPERIAL CHEF,-6.2322651,106.8075584
2024,KOTA ADM. JAKARTA SELATAN,HLT202400408,REGULER,133010118004,JL. GATOT SUBROTO 21 RT 9 RW 1 MENTENG DALAM KEC TEBET KOTA KOTA ADM. JAKARTA SELATAN DAERAH KHUSUS IBUKOTA JAKARTA 12870 SEBRANG GEDUNG SME,-6.1673496,106.7889962
2024,KOTA ADM. JAKARTA PUSAT,HLT202400409,REGULER,133010118004,JL. M H THAMRIN RT 2 RW 1 KB SIRIH KEC MENTENG KOTA KOTA ADM. JAKARTA PUSAT DAERAH KHUSUS IBUKOTA JAKARTA 10340 HALTE DEPAN MENARA THAMRIN 2,-6.2875085,106.8425614
2024,KOTA ADM. JAKARTA SELATAN,HLT202400410,REGULER,133010118004,JL. MT HARYONO RT 4 RW 2 TEBET TIM KEC TEBET KOTA KOTA ADM. JAKARTA SELATAN DAERAH KHUSUS IBUKOTA JAKARTA 12820 DEPAN WISMA MTH,-6.167075,106.7904371
2024,KOTA ADM. JAKARTA SELATAN,HLT202400411,REGULER,133010118004,JL. MT HARYONO RT 4 RW 2 TEBET TIM KEC TEBET KOTA KOTA ADM. JAKARTA SELATAN DAERAH KHUSUS IBUKOTA JAKARTA 12820 DEPAN WISMA MTH,-6.3394517,106.8338078
2024,KOTA ADM. JAKARTA PUSAT,HLT202400412,REGULER,133010118004,JL. M H THAMRIN RT 8 RW 4 GONDANGDIA KEC MENTENG KOTA KOTA ADM. JAKARTA PUSAT DAERAH KHUSUS IBUKOTA JAKARTA 10350 HALTE SARINAH 2,-6.308089,106.8386073
2024,KOTA ADM. JAKARTA TIMUR,HLT202400413,REGULER,133010118004,JL. RAYA PD GEDE 18 RT 2 RW 1 HALIM PERDANA KUSUMAH KEC MAKASAR KOTA KOTA ADM. JAKARTA TIMUR DAERAH KHUSUS IBUKOTA JAKARTA 13810 DEPAN MESS KARTIKA,-6.1670682,106.7902758
2024,KOTA ADM. JAKARTA SELATAN,HLT202400414,REGULER,133010118004,JL. BINTARO RAYA 12 RT 11 RW 10 KBY LAMA UTARA KEC KBY LAMA KOTA KOTA ADM. JAKARTA SELATAN DAERAH KHUSUS IBUKOTA JAKARTA 12240 HALTE SEKOLAHAN,-6.219486,106.8453921
2024,KOTA ADM. JAKARTA TIMUR,HLT202400415,REGULER,133010118004,JL. RAYA PD GEDE LUBANG BUAYA KEC MAKASAR KOTA KOTA ADM. JAKARTA TIMUR DAERAH KHUSUS IBUKOTA JAKARTA 13810 DEPAN RS HAJI PONDOK GEDE,-6.1945294,106.8365687
2024,KOTA ADM. JAKARTA UTARA,HLT202400508,REGULER,133010118004,JL. CILINCING RAYA SEMPER TIM KEC CILINCING KOTA JKT UTARA DAERAH KHUSUS IBUKOTA JAKARTA HALTE PEMANDIAN,-6.1372761,106.7970056
2024,KOTA ADM. JAKARTA UTARA,HLT202400509,REGULER,133010118004,JL. RAYA CILINCING UTARA JAKARTA RW 11 KALI BARU CILINCING NORTH JAKARTA CITY JAKARTA 14110 HALTE BOGASARI,-6.1469672,106.8413764
2024,KOTA ADM. JAKARTA TIMUR,HLT202400510,REGULER,133010118004,JL. LETJEN SOEPRAPTO DEKAT INSTITUT KALBE,-6.2002089,106.8374056
2024,KOTA ADM. JAKARTA UTARA,HLT202400511,REGULER,133010118004,JL. RAYA CILINCING UTARA JAKARTA RT 1 RW 11 KALI BARU CILINCING NORTH JAKARTA CITY JAKARTA 14110 HALTE AIRIN,-6.2562903,106.8430235
2024,KOTA ADM. JAKARTA TIMUR,HLT202400512,REGULER,133010118004,JL. PERINTIS KEMERDEKAAN JPO PEDONGKELAN DEKAT SMK BAHARIWAN,-6.1279493,106.8940205
2024,KOTA ADM. JAKARTA UTARA,HLT202400513,REGULER,133010118004,JL. RAYA CILINCING RT 15 RW 16 WEST SEMPER CILINCING NORTH JAKARTA CITY JAKARTA HALTE MASAJI,-6.1894787,106.8315654
2024,KOTA ADM. JAKARTA TIMUR,HLT202400514,REGULER,133010135001,JL. DANAU SUNTER BARAT DEKAT RUMAH A2 19 SERBANG APRINDO,-6.1894151,106.8314518
2024,KOTA ADM. JAKARTA BARAT,HLT202400515,REGULER,133010135001,KOMP PERTOKOAN LINDETEVES TRADE CENTER GF 2 RA 38 39 JL. HAYAM WURUK NO 127 RT 1 RW 6 MANGGA BESAR JAKARTA BARAT JAKARTA CITY INDONESIA 11180 HALTE LTC,-6.142575,106.890985
2024,KOTA ADM. JAKARTA TIMUR,HLT202400516,REGULER,133010135001,JL. DANAU SUNTER DEPAN GG DADAP,-6.1403285,106.7026114
2024,KOTA ADM. JAKARTA TIMUR,HLT202400517,REGULER,133010135001,JL. DANAU SUNTER SELATAN DEKAT SEKOLAH JUNNELE,-6.2014435,106.8107081
2024,KOTA ADM. JAKARTA PUSAT,HLT202400518,REGULER,133010135001,JL. HAYAM WURUK KOTA ADM. JAKARTA PUSAT RT 14 RW 1 KB KLP KECAMATAN GAMBIR KOTA KOTA ADM. JAKARTA PUSAT DAERAH KHUSUS IBUKOTA JAKARTA 10120 DEPAN GRAND MERCURE,-6.2017143,106.8079086
2024,KOTA ADM. JAKARTA TIMUR,HLT202400519,REGULER,133010118004,JL. TUGU KRAMAT JAYA PINTU MASUK ISLAMIC CENTER,-6.1304186,106.729757
2024,KOTA ADM. JAKARTA BARAT,HLT202400520,REGULER,133010118004,JL. HAYAM WURUK RT 9 RW 5 MAPHAR KEC TAMAN SARI KOTA KOTA ADM. JAKARTA BARAT DAERAH KHUSUS IBUKOTA JAKARTA 11140 DEPAN PERMATA BANK,-6.1817667,106.8264493
2024,KOTA ADM. JAKARTA TIMUR,HLT202400521,REGULER,133010118004,JL. TUGU KRAMAT JAYA DEPAN RS PELABUHAN,-6.2958568,106.8408667
2024,KOTA ADM. JAKARTA BARAT,HLT202400268,REGULER,133010118004,JL. PESANGGRAHAN 1 17 RT 6 RW 5 MERUYA UTARA KEC KEMBANGAN KOTA KOTA ADM. JAKARTA BARAT DAERAH KHUSUS IBUKOTA JAKARTA 11620 HALTE MITRA 10,-6.1153419,106.9244304
2024,KOTA ADM. JAKARTA SELATAN,HLT202400269,REGULER,133010118004,JL. DAAN MOGOT RT 10 RW 8 KEDOYA UTARA KEC KB JERUK KOTA KOTA ADM. JAKARTA BARAT DAERAH KHUSUS IBUKOTA JAKARTA 11520 DEPAN POM BENSIN,-6.2147982,106.8845989
2024,KOTA ADM. JAKARTA SELATAN,HLT202400270,REGULER,133010118004,JL. DAAN MOGOT 95 119 RT 6 RW 5 DURI KEPA KEC KB JERUK KOTA KOTA ADM. JAKARTA BARAT DAERAH KHUSUS IBUKOTA JAKARTA 11510 DEPAN BRIDGESTONE,-6.1417024,106.8280839
2024,KOTA ADM. JAKARTA TIMUR,HLT202400271,REGULER,133010118004,JL. HAJI DARIP RT 1 RW 15 CIPINANG KEC PULO GADUNG KOTA KOTA ADM. JAKARTA TIMUR DAERAH KHUSUS IBUKOTA JAKARTA 13240 DEPAN SMK KEMALA,-6.1933417,106.8801917
2024,KOTA ADM. JAKARTA TIMUR,HLT202400272,REGULER,133010118004,JL. HAJI DARIP 195 194 RW 6 CIPINANG KEC PULO GADUNG KOTA KOTA ADM. JAKARTA TIMUR DAERAH KHUSUS IBUKOTA JAKARTA 13240 HALTE LOGISTIK POLRI,-6.143905,106.9402953
2024,KOTA ADM. JAKARTA SELATAN,HLT202400273,REGULER,133010118004,JL. DAAN MOGOT RT 1 RW 5 KEDAUNG KALI ANGKE KECAMATAN CENGKARENG KOTA KOTA ADM. JAKARTA BARAT DAERAH KHUSUS IBUKOTA JAKARTA 11710 DEPAN MASJID JAMI,-6.1435233,106.9395165
2024,KOTA ADM. JAKARTA TIMUR,HLT202400274,REGULER,133010118004,JL. DAAN MOGOT RW 2 KEDAUNG KALI ANGKE KECAMATAN CENGKARENG KOTA KOTA ADM. JAKARTA BARAT DAERAH KHUSUS IBUKOTA JAKARTA 11710 HALTE GREEN,-6.3231508,106.8348928
2024,KOTA ADM. JAKARTA PUSAT,HLT202400275,REGULER,133010118004,JL. SALEMBA RAYA KOTA ADM. JAKARTA PUSAT RW 6 KENARI KEC SENEN KOTA KOTA ADM. JAKARTA PUSAT DAERAH KHUSUS IBUKOTA JAKARTA 10430 DEPAN SMPN 216,-6.3028421,106.84012
2024,KOTA ADM. JAKARTA TIMUR,HLT202400276,REGULER,133010118004,JL. RAYA JAKARTA BOGOR RT 2 RW 7 SUSUKAN KEC CIRACAS KOTA KOTA ADM. JAKARTA TIMUR DAERAH KHUSUS IBUKOTA JAKARTA 13750 DEPAN POOL MAYASARI,-6.1207176,106.9257637
2024,KOTA ADM. JAKARTA TIMUR,HLT202400277,REGULER,133010118004,JL. PERINTIS KEMERDEKAAN 42 JAKARTA D K I JAKARTA RW 5 KAYU PUTIH PULO GADUNG EAST JAKARTA CITY JAKARTA 13210 HALTE SEKOLAH,-6.1975316,106.8251891
2024,KOTA ADM. JAKARTA UTARA,HLT202400278,REGULER,133010118004,JL. DAAN MOGOT RT 1 RW 8 KEDAUNG KALI ANGKE KECAMATAN CENGKARENG KOTA KOTA ADM. JAKARTA BARAT DAERAH KHUSUS IBUKOTA JAKARTA 11710 RUMAH POMPA,-6.2977135,106.8401132
2024,KOTA ADM. JAKARTA BARAT,HLT202400279,REGULER,133010118004,JL. TANJUNG DUREN RAYA 21 137 RT 4 RW 2 TJ DUREN SEL KEC GROGOL PETAMBURAN KOTA KOTA ADM. JAKARTA BARAT DAERAH KHUSUS IBUKOTA JAKARTA 11470 SDN TANJUNG DUREN UTARA,-6.2972578,106.8397415
2024,KOTA ADM. JAKARTA UTARA,HLT202400280,TRANSJAKARTA,133010135001,JL. DAAN MOGOT RT 1 RW 8 KEDAUNG KALI ANGKE KECAMATAN CENGKARENG KOTA KOTA ADM. JAKARTA BARAT DAERAH KHUSUS IBUKOTA JAKARTA 11710 BAWAH JPO BUSWAY TAMAN KOTA,-6.1993377,106.8273572
2024,KOTA ADM. JAKARTA BARAT,HLT202400281,REGULER,133010135001,JL. TANJUNG DUREN RAYA 4 RT 12 RW 2 TJ DUREN UTARA KEC GROGOL PETAMBURAN KOTA KOTA ADM. JAKARTA BARAT DAERAH KHUSUS IBUKOTA JAKARTA 11470 HALTE PEMADAM,-6.1264917,106.9169467
2024,KOTA ADM. JAKARTA BARAT,HLT202400282,REGULER,133010135001,JL. DAAN MOGOT NO 187 RT 2 RW 8 KEDAUNG KALI ANGKE KECAMATAN CENGKARENG KOTA KOTA ADM. JAKARTA BARAT DAERAH KHUSUS IBUKOTA JAKARTA 11710 SAMPING JEMBATAN PERUMAHAN TAMAN KOTA,-6.2947289,106.8407362
2024,KOTA ADM. JAKARTA UTARA,HLT202400283,REGULER,133010135001,JL. PLUMPANG SEMPER 5 1 RT 5 RW 4 RAWABADAK SEL KEC KOJA KOTA JKT UTARA DAERAH KHUSUS IBUKOTA JAKARTA 14230 DEPAN PLN PLUMPANG,-6.124653,106.916578
2024,KOTA ADM. JAKARTA UTARA,HLT202400284,REGULER,133010118004,JL. DAAN MOGOT RT 6 RW 3 KEDAUNG KALI ANGKE KECAMATAN CENGKARENG KOTA KOTA ADM. JAKARTA BARAT DAERAH KHUSUS IBUKOTA JAKARTA 11710 DEPAN HALTE BUSWAY JEMBATAN GANTUNG,-6.1993028,106.8416926
2024,KOTA ADM. JAKARTA UTARA,HLT202400285,REGULER,133010118004,JL. PLUMPANG SEMPER 13 RT 9 RW 1 TUGU UTARA KEC KOJA KOTA JKT UTARA DAERAH KHUSUS IBUKOTA JAKARTA 14260 SEBRANG POM BENSIN,-6.1272069,106.9170112
2024,KOTA ADM. JAKARTA PUSAT,HLT202400286,REGULER,133010118004,JL. DAAN MOGOT RT 5 RW 3 WIJAYA KUSUMA KEC GROGOL PETAMBURAN KOTA KOTA ADM. JAKARTA BARAT DAERAH KHUSUS IBUKOTA JAKARTA 11460 SEBRANG OMETRACO,-6.1762983,106.8441633
2024,KOTA ADM. JAKARTA TIMUR,HLT202400287,REGULER,133010118004,JL. DAAN MOGOT RT 4 RW 2 WIJAYA KUSUMA KEC GROGOL PETAMBURAN KOTA KOTA ADM. JAKARTA BARAT DAERAH KHUSUS IBUKOTA JAKARTA 11510 DEPAN IKM,-6.1234404,106.9166489
2024,KOTA ADM. JAKARTA PUSAT,HLT202400288,REGULER,133010118004,JL. CIKINI RAYA 78 60 RT 10 RW 4 CIKINI KEC MENTENG KOTA KOTA ADM. JAKARTA PUSAT DAERAH KHUSUS IBUKOTA JAKARTA 10330 HALTE ABA,-6.2081691,106.7971054
2024,KOTA ADM. JAKARTA TIMUR,HLT202400289,REGULER,133010118004,JL. DAAN MOGOTRT 8 RW 4 JELAMBAR KEC GROGOL PETAMBURAN KOTA KOTA ADM. JAKARTA BARAT DAERAH KHUSUS IBUKOTA JAKARTA 11460 HALTE CITRALAND,-6.1760265,106.8105911
2024,KOTA ADM. JAKARTA PUSAT,HLT202400290,REGULER,133010118004,JL. MENTENG RAYA KB SIRIH KEC MENTENG KOTA KOTA ADM. JAKARTA PUSAT DAERAH KHUSUS IBUKOTA JAKARTA HALTE SEKOLAHAN,-6.205206,106.8165484
2024,KOTA ADM. JAKARTA TIMUR,HLT202400291,REGULER,133010118004,JL. PROF DR LATUMETEN RT 1 RW 4 JELAMBAR KEC GROGOL PETAMBURAN KOTA KOTA ADM. JAKARTA BARAT DAERAH KHUSUS IBUKOTA JAKARTA 11460 DEPAN RSJ SOEHARTO,-6.2153779,106.8710081
2024,KOTA ADM. JAKARTA PUSAT,HLT202400292,REGULER,133010118004,JL. MENTENG RAYA RT 1 RW 10 KB SIRIH KEC MENTENG KOTA KOTA ADM. JAKARTA PUSAT DAERAH KHUSUS IBUKOTA JAKARTA 10340 HALTE KANISIUS,-6.1950443,106.8145107
2024,KOTA ADM. JAKARTA UTARA,HLT202400293,REGULER,133010135001,JL. JEMB 3 RAYA PENJARINGAN KEC PENJARINGAN KOTA JKT UTARA DAERAH KHUSUS IBUKOTA JAKARTA HALTE SEKOLAH PLUIT RAYA,-6.1828667,106.8127192
2024,KOTA ADM. JAKARTA SELATAN,HLT202400294,REGULER,133010118004,JL. TAMAN PEJAMBON SENEN KEC SENEN KOTA KOTA ADM. JAKARTA PUSAT DAERAH KHUSUS IBUKOTA JAKARTA BELAKANG GEDUNG KEMENTERIAN LUAR NEGERI,-6.2067775,106.8170014
2024,KOTA ADM. JAKARTA TIMUR,HLT202400295,REGULER,133010118004,JL. RAYA JAKARTA BOGOR 34 44 RT 8 RW 8 SUSUKAN KEC CIRACAS KOTA KOTA ADM. JAKARTA TIMUR DAERAH KHUSUS IBUKOTA JAKARTA 13750 HALTE BUS SEKOLAH,-6.1759711,106.8122516
2024,KOTA ADM. JAKARTA TIMUR,HLT202400296,REGULER,133010118004,JL. SALEMBA RAYA RW 5 KENARI KEC SENEN KOTA KOTA ADM. JAKARTA PUSAT DAERAH KHUSUS IBUKOTA JAKARTA 10430 HALTE KAMPUS UI,-6.2144083,106.9125067
2024,KOTA ADM. JAKARTA UTARA,HLT202400297,REGULER,133010118004,JL. JEMBATAN TIGA RT 023 RW 008 KELURAHAN PENJARINGAN KECAMATAN PENJARINGAN KOTA ADM. JAKARTA UTARA 14450 HALTE JEMBATAN TIGA,-6.1790439,106.8131349
2024,KOTA ADM. JAKARTA SELATAN,HLT202400298,REGULER,133010118004,JL. RAYA KEBON JERUK RT 3 RW 9 KB JERUK KEC KB JERUK KOTA KOTA ADM. JAKARTA BARAT DAERAH KHUSUS IBUKOTA JAKARTA SEBRANG UPNORMAL,-6.1414153,106.8862292
2024,KOTA ADM. JAKARTA PUSAT,HLT202400299,REGULER,133010118004,JL. MEDAN MERDEKA TIM RT 5 RW 2 GAMBIR KECAMATAN GAMBIR KOTA KOTA ADM. JAKARTA PUSAT DAERAH KHUSUS IBUKOTA JAKARTA 10110 HALTE STASIUN GAMBIR,-6.1854365,106.7547091
2024,KOTA ADM. JAKARTA SELATAN,HLT202400300,REGULER,133010118004,JL. MATRAMAN RAYA 108 98 RT 4 RW 3 KB MANGGIS KEC MATRAMAN KOTA KOTA ADM. JAKARTA TIMUR DAERAH KHUSUS IBUKOTA JAKARTA 13150 DEPAN MESS PADYA,-6.1835959,106.8227645
2024,KOTA ADM. JAKARTA PUSAT,HLT202400301,REGULER,133010118004,JL. MEDAN MERDEKA TIM 1 17 RT 5 RW 2 GAMBIR KECAMATAN GAMBIR KOTA KOTA ADM. JAKARTA PUSAT DAERAH KHUSUS IBUKOTA JAKARTA 10110 SAMPING GAMBIR,-6.182297,106.8181906
2024,KOTA ADM. JAKARTA SELATAN,HLT202400302,REGULER,133010135001,JL. TB SIMATUPANG RT 2 RW 1 KEBAGUSAN PASAR MINGGU SOUTH JAKARTA CITY JAKARTA 12520 DEPAN PLASA OLEOS,-6.3089161,106.8380749
2024,KOTA ADM. JAKARTA PUSAT,HLT202400303,REGULER,133010135001,JL. MEDAN MERDEKA TIM NO 17 GAMBIR KECAMATAN GAMBIR KOTA KOTA ADM. JAKARTA PUSAT DAERAH KHUSUS IBUKOTA JAKARTA 10110 HALTE ST GAMBIR,-6.1158207,106.89282
2024,KOTA ADM. JAKARTA BARAT,HLT202400304,REGULER,133010135001,DAAN MOGOT BARAT JAKARTA BARAT JAKARTA CITY JAKARTA 11520 HALTE SMP ISLAM,-6.17515,106.8464133
2024,KOTA ADM. JAKARTA BARAT,HLT202400305,REGULER,133010135001,DAAN MOGOT BARAT JAKARTA RT 6 RW 5 DURI KEPA KEBONJERUK BARAT JAKARTA CITY JAKARTA 11510 HALTE DAAN MOGOT,-6.1126099,106.8932533
2024,KOTA ADM. JAKARTA BARAT,HLT202400306,REGULER,133010118004,DAAN MOGOT KEDAUNG KALI ANGKE CENGKARENG BARAT JAKARTA CITY JAKARTA HALTE TAMAN KOTA 2,-6.1881647,106.822752
2024,KOTA ADM. JAKARTA BARAT,HLT202400307,REGULER,133010118004,DAAN MOGOT RD RT 10 RW 1 EAST CENGKARENG CENGKARENG WEST JAKARTA CITY JAKARTA 11730 HALTE SDN 02,-6.1999246,106.8446807
2024,KOTA ADM. JAKARTA SELATAN,HLT202400308,REGULER,133010135001,JL. MERDEKA SELATAN KOTA ADM. JAKARTA PUSAT RT 11 RW 2 GAMBIR KECAMATAN GAMBIR KOTA KOTA ADM. JAKARTA PUSAT DAERAH KHUSUS IBUKOTA JAKARTA 10110 BUS SHELTER DEPAN GTO GAMBIR,-6.2033017,106.84548
2024,KOTA ADM. JAKARTA BARAT,HLT202400309,REGULER,133010135001,DAAN MOGOT KEDAUNG KALI ANGKE CENGKARENG BARAT JAKARTA CITY JAKARTA DEKAT HALTE BUSWAY TAMAN KOTA,-6.2251747,106.7989872
2024,KOTA ADM. JAKARTA SELATAN,HLT202400310,REGULER,133010135001,JL. SENEN RAYA 34 26 RW 2 SENEN KEC SENEN KOTA KOTA ADM. JAKARTA PUSAT DAERAH KHUSUS IBUKOTA JAKARTA 10410 HALTE RSPAD,-6.1871706,106.8355733
2024,KOTA ADM. JAKARTA BARAT,HLT202400311,REGULER,133010135001,JL. DAAN MOGOT 102 101 RT 1 RW 8 KEDAUNG KALI ANGKE KECAMATAN CENGKARENG KOTA KOTA ADM. JAKARTA BARAT DAERAH KHUSUS IBUKOTA JAKARTA 11710 BAWAH JPO SEBRANG PT WINNER PRIMA GROUP,-6.2167569,106.9310247
2024,KOTA ADM. JAKARTA SELATAN,HLT202400312,REGULER,133010135001,JL. PANGERAN ANTASARI 6 RT 1 RW 11 CIPETE UTARA KEC KBY BARU KOTA KOTA ADM. JAKARTA SELATAN DAERAH KHUSUS IBUKOTA JAKARTA 12150 DEPAN RUMAH NOMOR 27,-6.1434144,106.7935883
2024,KOTA ADM. JAKARTA TIMUR,HLT202400313,REGULER,133010135001,JL. RAYA JAKARTA BOGOR 19 1 RT 3 RW 1 KP TENGAH KEC KRAMAT JATI KOTA KOTA ADM. JAKARTA TIMUR DAERAH KHUSUS IBUKOTA JAKARTA 13540 HALTE SEBRANG RAJA SAMBEL,-6.218551,106.7983156
2024,KOTA ADM. JAKARTA TIMUR,HLT202400314,REGULER,133010118004,JL. LKR LUAR BARAT RT 3 RW 8 CENGKARENG BAR KECAMATAN CENGKARENG KOTA KOTA ADM. JAKARTA BARAT DAERAH KHUSUS IBUKOTA JAKARTA 11730 HALTE BUS SEKOLAH,-6.187919,106.8233705
2024,KOTA ADM. JAKARTA SELATAN,HLT202400315,REGULER,133010118004,JL. KYAI TAPA 1 TOMANG KEC GROGOL PETAMBURAN KOTA KOTA ADM. JAKARTA BARAT DAERAH KHUSUS IBUKOTA JAKARTA 11440 BAWAH JPO BUSWAY RS SUMBER WARAS,-6.2277342,106.7980824
2024,KOTA ADM. JAKARTA BARAT,HLT202400316,REGULER,133010118004,JL. BAKTI KOTA ADM. JAKARTA BARAT CENGKARENG TIM KECAMATAN CENGKARENG KOTA KOTA ADM. JAKARTA BARAT DAERAH KHUSUS IBUKOTA JAKARTA 11730 BAWAH JPO DEPAN MT AD DAWATUL ISLAMIYAH,-6.209234,106.8214608
2024,KOTA ADM. JAKARTA BARAT,HLT202400317,REGULER,133010118004,JL. DAAN MOGOT RT 12 RW 13 CENGKARENG TIM KECAMATAN CENGKARENG KOTA KOTA ADM. JAKARTA BARAT DAERAH KHUSUS IBUKOTA JAKARTA 11730 BAWAJ JPO SEBRANG PT DUTA LASTINDO,-6.2153227,106.7981361
2024,KOTA ADM. JAKARTA TIMUR,HLT202400318,REGULER,133010135001,JL. PENGADEGAN TIMUR KOTA ADM. JAKARTA SELATAN KEC TEBET KOTA KOTA ADM. JAKARTA SELATAN DAERAH KHUSUS IBUKOTA JAKARTA 12820 DEPAN STASIUN KA DUREN KALIBATA,-6.1698157,106.7874244
2024,KOTA ADM. JAKARTA TIMUR,HLT202400319,REGULER,133010135001,JL. MAMPANG PRPT RAYA 62 79 RT 1 RW 2 TEGAL PARANG KEC MAMPANG PRPT KOTA KOTA ADM. JAKARTA SELATAN DAERAH KHUSUS IBUKOTA JAKARTA 12790 HALTE MAMPANG 6,-6.2077339,106.8214965
2024,KOTA ADM. JAKARTA BARAT,HLT202400320,REGULER,133010118004,DAAN MOGOT RD 57 RT 2 RW 12 KALIDERES WEST JAKARTA CITY JAKARTA 11840 HALTE PESAKIH,-6.2001642,106.8310641
2024,KOTA ADM. JAKARTA BARAT,HLT202400321,REGULER,133010135001,DAAN MOGOT RD RT 1 RW 1 EAST CENGKARENG CENGKARENG WEST JAKARTA CITY JAKARTA 11730 HALTE KM 13 5,-6.1799676,106.7972268
2024,KOTA ADM. JAKARTA TIMUR,HLT202400322,REGULER,133010135001,JL. KEBON RAYA RT 1 RW 2 DURI KEPA KEC KB JERUK KOTA KOTA ADM. JAKARTA BARAT DAERAH KHUSUS IBUKOTA JAKARTA 11510 HALTE SEKOLAHAN,-6.193867,106.7972268
2024,KOTA ADM. JAKARTA BARAT,HLT202400323,REGULER,133010135001,JL. LONTAR BLOK J III KAV 323 RT 8 RW 7 TJ DUREN UTARA KEC GROGOL PETAMBURAN KOTA KOTA ADM. JAKARTA BARAT DAERAH KHUSUS IBUKOTA JAKARTA 12630 DEPAN SDN DURI KEPA 01,-6.2001497,106.8323697
2024,KOTA ADM. JAKARTA BARAT,HLT202400370,REGULER,133010135001,JL. KEDOYA RAYA 22 1 RT 5 RW 2 KEDOYA SEL KEC KB JERUK KOTA KOTA ADM. JAKARTA BARAT DAERAH KHUSUS IBUKOTA JAKARTA 11520 SEBRANG MIE AYAM DEDEN,-6.2010833,106.84286
2024,KOTA ADM. JAKARTA SELATAN,HLT202400371,REGULER,133010118004,JL. TAMAN MARGA SATWA NO 21 RT 9 RW 5 JATI PADANG KEC PS MINGGU KOTA KOTA ADM. JAKARTA SELATAN DAERAH KHUSUS IBUKOTA JAKARTA 12540 DEPAN INDIHOME,-6.196525,106.7974033
2024,KOTA ADM. JAKARTA BARAT,HLT202400372,REGULER,133010118004,JL. KEDOYA RAYA 24 RT 6 RW 7 KEDOYA UTARA KEC KB JERUK KOTA KOTA ADM. JAKARTA BARAT DAERAH KHUSUS IBUKOTA JAKARTA 11520 SEBRANG JL. PILAR II,-6.2308553,106.7895707
2024,KOTA ADM. JAKARTA SELATAN,HLT202400373,REGULER,133010118004,JL. DAAN MOGOT RT 9 RW 2 KALIDERES KEC KALIDERES KOTA KOTA ADM. JAKARTA BARAT DAERAH KHUSUS IBUKOTA JAKARTA 11840 SEBRANG HALTE KOMPLEK KODAM,-6.171421,106.7881263
2024,KOTA ADM. JAKARTA BARAT,HLT202400374,REGULER,133010118004,JL. KEDOYA RAYA 26 RT02 RW02 RT 2 RW 2 SELATAN KEDOYA KEBONJERUK BARAT JAKARTA CITY JAKARTA 11520 SEBRANG RS CENDANA,-6.1865888,106.7964244
2024,KOTA ADM. JAKARTA SELATAN,HLT202400375,REGULER,133010135001,JL. KS TUBUN 132 49 RW 7 SLIPI KEC PALMERAH KOTA KOTA ADM. JAKARTA BARAT DAERAH KHUSUS IBUKOTA JAKARTA 11410 HALTE SALVATOR,-6.151675,106.8533296
2024,KOTA ADM. JAKARTA BARAT,HLT202400376,REGULER,133010118004,JL. KEDOYA RAYA 6 RT 2 RW 2 KEDOYA SEL KEC KB JERUK KOTA KOTA ADM. JAKARTA BARAT DAERAH KHUSUS IBUKOTA JAKARTA 11520 SEBRANG PERTAMINA,-6.1945308,106.8364663
2024,KOTA ADM. JAKARTA SELATAN,HLT202400377,REGULER,133010118004,JL. WARUNG BUNCIT RAYA 24 83 RT 2 RW 1 DUREN TIGA KEC PANCORAN KOTA KOTA ADM. JAKARTA SELATAN DAERAH KHUSUS IBUKOTA JAKARTA 12760 DEPAN BPJS KETENAGAKERJAAN,-6.1100102,106.9229382
2024,KOTA ADM. JAKARTA SELATAN,HLT202400378,REGULER,133010118004,JL. GATOT SUBROTO 10 RT 6 RW 1 KUNINGAN BAR KEC MAMPANG PRPT KOTA KOTA ADM. JAKARTA SELATAN DAERAH KHUSUS IBUKOTA JAKARTA 12710 SAMPING LIPI 1,-6.2149004,106.8766549
2024,KOTA ADM. JAKARTA SELATAN,HLT202400379,REGULER,133010118004,JL. PEMUDA 4 1 RT 2 RW 7 JATINEGARA KAUM KEC PULO GADUNG KOTA KOTA ADM. JAKARTA TIMUR DAERAH KHUSUS IBUKOTA JAKARTA 13250 DEPAN IGD ANTAM,-6.1547783,106.7353506
2024,KOTA ADM. JAKARTA TIMUR,HLT202400380,REGULER,133010135001,JL. RAYA BOGOR RT 5 RW 2 SUSUKAN KEC CIRACAS KOTA KOTA ADM. JAKARTA TIMUR DAERAH KHUSUS IBUKOTA JAKARTA 13750 DEPAN SOPHIE,-6.2428447,106.852079
2024,KOTA ADM. JAKARTA PUSAT,HLT202400381,REGULER,133010135001,JL. MERDEKA SELATAN HALTE MILENIUM,-6.1527792,106.7220369
2024,KOTA ADM. JAKARTA BARAT,HLT202400382,REGULER,133010135001,JL. KYAI MAJA RT 11 RW 7 GUNUNG KEC KBY BARU KOTA KOTA ADM. JAKARTA SELATAN DAERAH KHUSUS IBUKOTA JAKARTA 12130 HALTE SAMPING JPO,-6.1930223,106.8490247
2024,KOTA ADM. JAKARTA SELATAN,HLT202400223,TRANSJAKARTA,133010118004,BI,-6.1553872,106.8181683
2024,KOTA ADM. JAKARTA SELATAN,HLT202400224,REGULER,133010118004,JL. I GUSTI NGURAH RAI KEC DUREN SAWIT KOTA KOTA ADM. JAKARTA TIMUR DAERAH KHUSUS IBUKOTA JAKARTA 13460 HALTE PONDOK KOPI,-6.119818,106.917103
2024,KOTA ADM. JAKARTA PUSAT,HLT202400225,TRANSJAKARTA,133010118004,JL. JEND SUDIRMAN RT 1 RW 6 DUKUH ATAS MENTENG KEC MENTENG KOTA KOTA ADM. JAKARTA PUSAT DAERAH KHUSUS IBUKOTA JAKARTA 10230 HALTE BUSWAY TOSARI,-6.1553337,106.8183542
2024,KOTA ADM. JAKARTA SELATAN,HLT202400226,REGULER,133010118004,JL. RAYA BEKASI RT 1 RW 3 RW TERATE KEC CAKUNG KOTA KOTA ADM. JAKARTA TIMUR DAERAH KHUSUS IBUKOTA JAKARTA 13920 HALTE BANK MANDIRI,-6.1202075,106.916699
2024,KOTA ADM. JAKARTA PUSAT,HLT202400227,TRANSJAKARTA,133010118004,JL. MEDAN MERDEKA BARAT NO 12 RT 5 RW 2 GAMBIR KECAMATAN GAMBIR KOTA KOTA ADM. JAKARTA PUSAT DAERAH KHUSUS IBUKOTA JAKARTA 10110 HALTE BUSWAY MONAS,-6.1290395,106.8399085
2024,KOTA ADM. JAKARTA BARAT,HLT202400228,REGULER,133010118004,JL. SRENGSENG RAYA 60 RT 6 SRENGSENG KEC KEMBANGAN KOTA KOTA ADM. JAKARTA BARAT DAERAH KHUSUS IBUKOTA JAKARTA 11630 HALTE PUSKESMAS,-6.2169045,106.93911
2024,KOTA ADM. JAKARTA SELATAN,HLT202400229,REGULER,133010135001,JL. RAYA MANGGA BESAR RT 2 RW 3 GAMBIR KECAMATAN GAMBIR JAKARTA DAERAH KHUSUS IBUKOTA JAKARTA 10120 HALTE VETERAN III,-6.2151517,106.939415
2024,KOTA ADM. JAKARTA SELATAN,HLT202400230,REGULER,133010118004,JL. SURYOPRANOTO 9 1 RT 14 RW 8 PETOJO SEL KECAMATAN GAMBIR KOTA KOTA ADM. JAKARTA PUSAT DAERAH KHUSUS IBUKOTA JAKARTA 10130 SEBRANG DELTA,-6.129215,106.8384767
2024,KOTA ADM. JAKARTA SELATAN,HLT202400231,REGULER,133010118004,JL. GAJAH MADA KOTA ADM. JAKARTA BARAT KEAGUNGAN KEC TAMAN SARI KOTA KOTA ADM. JAKARTA BARAT DAERAH KHUSUS IBUKOTA JAKARTA DEPAN SMAN 2,-6.1297305,106.8354287
2024,KOTA ADM. JAKARTA BARAT,HLT202400232,REGULER,133010118004,JL. KAMAL RAYA 32 35 RT 3 RW 6 CENGKARENG BAR KECAMATAN CENGKARENG KOTA KOTA ADM. JAKARTA BARAT DAERAH KHUSUS IBUKOTA JAKARTA 11820 DEPAN POS INDONESIA,-6.1920903,106.9354548
2024,KOTA ADM. JAKARTA BARAT,HLT202400233,REGULER,133010118004,JL. LKR LUAR BARAT RT 7 RW 8 CENGKARENG BAR KECAMATAN CENGKARENG KOTA KOTA ADM. JAKARTA BARAT DAERAH KHUSUS IBUKOTA JAKARTA 11730 SAMPING PINTU MASUK PERUMAHAN KFT,-6.2140959,106.9101828
2024,KOTA ADM. JAKARTA SELATAN,HLT202400234,REGULER,133010118004,JL. SURYOPRANOTO RT 2 RW 8 PETOJO UTARA KECAMATAN GAMBIR KOTA KOTA ADM. JAKARTA PUSAT DAERAH KHUSUS IBUKOTA JAKARTA 10130 DEPAN PRASADA SASANA,-6.1116221,106.7737146
2024,KOTA ADM. JAKARTA PUSAT,HLT202400235,REGULER,133010118004,JL. MEDAN MERDEKA BARAT 4 RT 2 RW 3 GAMBIR KECAMATAN GAMBIR KOTA KOTA ADM. JAKARTA PUSAT DAERAH KHUSUS IBUKOTA JAKARTA 10110 DEPAN RADIO REPUBLIK INDONESIA,-6.1266212,106.84741
2024,KOTA ADM. JAKARTA SELATAN,HLT202400236,REGULER,133010118004,JL. SULTAN ISKANDAR MUDA KOTA ADM. JAKARTA SELATAN RW 16 PD PINANG KEC KBY LAMA KOTA KOTA ADM. JAKARTA SELATAN DAERAH KHUSUS IBUKOTA JAKARTA 12310 HALTE MASJID,-6.1925026,106.9356047
2024,KOTA ADM. JAKARTA TIMUR,HLT202400237,REGULER,133010118004,JL. CAKUNG CILINCING TIM RW 6 PULO GEBANG KEC CAKUNG KOTA KOTA ADM. JAKARTA TIMUR DAERAH KHUSUS IBUKOTA JAKARTA 13950 HALTE SENTRA TIMUR,-6.1211022,106.8614867
2024,KOTA ADM. JAKARTA SELATAN,HLT202400238,REGULER,133010118004,JL. JATI BARU RAYA 1 29 RW 3 KP BALI KECAMATAN TANAH ABANG KOTA KOTA ADM. JAKARTA PUSAT DAERAH KHUSUS IBUKOTA JAKARTA 10150 SAMPING HOTEL PARMIN,-6.2124813,106.9447641
2024,KOTA ADM. JAKARTA TIMUR,HLT202400239,REGULER,133010118004,JL. DR SUMARNO 53 54 RT 14 RW 8 PENGGILINGAN KEC CAKUNG KOTA KOTA ADM. JAKARTA TIMUR DAERAH KHUSUS IBUKOTA JAKARTA 13940 SAMPING KUMON,-6.1858339,106.9332609
2024,KOTA ADM. JAKARTA SELATAN,HLT202400240,REGULER,133010118004,JL. TEUKU CIK DITIRO 56 54 RW 5 MENTENG KEC MENTENG KOTA KOTA ADM. JAKARTA PUSAT DAERAH KHUSUS IBUKOTA JAKARTA 10310 DEPAN PT TIMAH,-6.1357972,106.8321126
2024,KOTA ADM. JAKARTA BARAT,HLT202400241,REGULER,133010118004,JL. PANJANG ARTERI KLP DUA RAYA 2 RT 4 RW 10 KB JERUK KEC KB JERUK KOTA KOTA ADM. JAKARTA BARAT DAERAH KHUSUS IBUKOTA JAKARTA 11530 HALTE PANJANG,-6.1933723,106.833116
2024,KOTA ADM. JAKARTA SELATAN,HLT202400242,REGULER,133010118004,JL. H R RASUNA SAID GUNTUR KECAMATAN SETIABUDI KOTA KOTA ADM. JAKARTA SELATAN DAERAH KHUSUS IBUKOTA JAKARTA HALTE SETIA BUDI,-6.2904383,106.8892185
2024,KOTA ADM. JAKARTA SELATAN,HLT202400243,REGULER,133010118004,JL. M I RIDWAN RAIS RT 14 RW 2 GAMBIR KECAMATAN GAMBIR KOTA KOTA ADM. JAKARTA PUSAT DAERAH KHUSUS IBUKOTA JAKARTA 10110 HALTE TELKOM,-6.1521467,106.7947
2024,KOTA ADM. JAKARTA BARAT,HLT202400244,REGULER,133010118004,JL. PANJANG RT 5 RW 10 KB JERUK KEC KB JERUK KOTA KOTA ADM. JAKARTA BARAT DAERAH KHUSUS IBUKOTA JAKARTA 11530 HALTE DEPAN APARTEMEN KEDOYA,-6.2882207,106.8750622
2024,KOTA ADM. JAKARTA BARAT,HLT202400245,REGULER,133010118004,JL. PANJANG RT 19 KEDOYA SEL KEC KB JERUK KOTA KOTA ADM. JAKARTA BARAT DAERAH KHUSUS IBUKOTA JAKARTA 11520 HALTE DEPAN BUSWAY DURI KEPA,-6.1428646,106.8903701
2024,KOTA ADM. JAKARTA PUSAT,HLT202400600,REGULER,133010118004,JL. HARSONO RM RAGUNAN KEC PS MINGGU KOTA KOTA ADM. JAKARTA SELATAN DAERAH KHUSUS IBUKOTA JAKARTA HALTE BUSWAI DEPARTEMEN PERTANIAN,-6.1260451,106.7374905
2024,KOTA ADM. JAKARTA TIMUR,HLT202400601,TRANSJAKARTA,133010135001,JL. I GUSTI NGURAH RAI CIPINANG MUARA KECAMATAN JATINEGARA KOTA KOTA ADM. JAKARTA TIMUR DAERAH KHUSUS IBUKOTA JAKARTA HALTE BUSWAY CIPINANG,-6.2624633,106.8664854
2024,KOTA ADM. JAKARTA TIMUR,HLT202400602,REGULER,133010135001,JL. PEMUDA KAVLING 61 RAWA MANGUN,-6.1239471,106.7347662
2024,KOTA ADM. JAKARTA TIMUR,HLT202400603,TRANSJAKARTA,133010118004,01 JL. I GUSTI NGURAH RAI NO 35 RT 8 KLENDER KEC DUREN SAWIT KOTA KOTA ADM. JAKARTA TIMUR DAERAH KHUSUS IBUKOTA JAKARTA 13470 HALTE BUSWAY STASIUN KLENDER,-6.1855835,106.8227817
2024,KOTA ADM. JAKARTA TIMUR,HLT202400604,REGULER,133010118004,JL. PEMUDA KAVLING DEPAN GOR BALAP SEPEDA RAWA MANGUN,-6.3019775,106.8680686
2024,KOTA ADM. JAKARTA TIMUR,HLT202400605,TRANSJAKARTA,133010135001,JL. HAJI DARIP RT 9 RW 9 PISANGAN TIM KEC PULO GADUNG KOTA KOTA ADM. JAKARTA TIMUR DAERAH KHUSUS IBUKOTA JAKARTA 13230 HALTE BUSWAY IMIGRASI KOTA ADM. JAKARTA TIMUR,-6.2167012,106.8108115
2024,KOTA ADM. JAKARTA TIMUR,HLT202400606,REGULER,133010135001,JL. PRAMUKA DEPAN TAMAN GENJING HALTE BUSWAY PASAR GENJING,-6.2942432,106.8721727
2024,KOTA ADM. JAKARTA TIMUR,HLT202400607,TRANSJAKARTA,133010118004,JL. HAJI DARIP RT 8 RW 9 PISANGAN TIM KEC PULO GADUNG KOTA KOTA ADM. JAKARTA TIMUR DAERAH KHUSUS IBUKOTA JAKARTA 13410 HALTE BUSWAY PASAR ENJO,-6.2687058,106.8666746
2024,KOTA ADM. JAKARTA SELATAN,HLT202400608,TRANSJAKARTA,133010118004,UNDERPASS KARTINI,-6.1878207,106.8228385
2024,KOTA ADM. JAKARTA SELATAN,HLT202400609,REGULER,133010118004,UNDERPASS MAMPANG KUNINGAN,-6.1453717,106.793895
2024,KOTA ADM. JAKARTA TIMUR,HLT202400610,TRANSJAKARTA,133010118004,JL. JENDRAL AHMAD YANI RT 4 RW 3 RW BUNGA KECAMATAN JATINEGARA KOTA KOTA ADM. JAKARTA TIMUR DAERAH KHUSUS IBUKOTA JAKARTA 13410 HALTE BUSWAY FLYOVER JATINEGARA,-6.2213933,106.7832167
2024,KOTA ADM. JAKARTA TIMUR,HLT202400611,TRANSJAKARTA,133010118004,JALAN JATINEGARA TIMUR II NO 9 RT 12 RW 2 RAWA BUNGA JATINEGARA KOTA KOTA ADM. JAKARTA TIMUR 13310 HALTE JATINEGARA RS PREMIER,-6.2184317,106.7774308
2024,KOTA ADM. JAKARTA TIMUR,HLT202400612,TRANSJAKARTA,133010118004,JL. JATINEGARA TIMUR NO 105 BALI MESTER KECAMATAN JATINEGARA KOTA KOTA ADM. JAKARTA TIMUR DAERAH KHUSUS IBUKOTA JAKARTA 13310 HALTE KAMPUNG MELAYU,-6.1436762,106.7874933
2024,KOTA ADM. JAKARTA TIMUR,HLT202400613,REGULER,133010118004,JL. RAYA BEKASI 33 50 RT 12 RW 3 JATINEGARA KEC CAKUNG KOTA KOTA ADM. JAKARTA TIMUR DAERAH KHUSUS IBUKOTA JAKARTA 13250 HALTE POOL MAYASARI,-6.1871437,106.8330073
2024,KOTA ADM. JAKARTA SELATAN,HLT202400614,REGULER,133010118004,JL. TB SIMATUPANG 39 RT 3 RW 11 GEDONG KEC PS REBO KOTA KOTA ADM. JAKARTA TIMUR DAERAH KHUSUS IBUKOTA JAKARTA 13760 SEBRANG RS PASAR REBO,-6.1871404,106.8328337
2024,KOTA ADM. JAKARTA TIMUR,HLT202400615,TRANSJAKARTA,133010118004,BLOK SADAR 2 JALAN DOKTOR SUMARNO BLOK SADAR 2 NO 1 PENGGILINGAN CAKUNG KOTA KOTA ADM. JAKARTA TIMUR 13940 HALTE BUSWAY WALIKOTA KOTA ADM. JAKARTA TIMUR,-6.1849418,106.8326188
2024,KOTA ADM. JAKARTA UTARA,HLT202400616,REGULER,133010135001,JL. JAMPEA RT 11 RW 1 KOJA KEC KOJA KOTA JKT UTARA DAERAH KHUSUS IBUKOTA JAKARTA 14220 HALTE RS KOJA,-6.1851517,106.8319658
2024,KOTA ADM. JAKARTA TIMUR,HLT202400617,TRANSJAKARTA,133010135001,JL. RAYA PENGGILINGAN NO 2 RW 4 PENGGILINGAN KEC CAKUNG KOTA KOTA ADM. JAKARTA TIMUR DAERAH KHUSUS IBUKOTA JAKARTA 13940 HALTE BUSWAY PENGGILINGAN,-6.1850765,106.8326689
2024,KOTA ADM. JAKARTA UTARA,HLT202400618,REGULER,133010118004,JL. JAMPEA UTARA JAKARTA RW 1 KOJA NORTH JAKARTA CITY JAKARTA 14220 HALTE PERTAMINA,-6.1846241,106.8320887
2024,KOTA ADM. JAKARTA TIMUR,HLT202400619,TRANSJAKARTA,133010118004,JL. PENGGILINGAN PENGGILINGAN KEC CAKUNG KOTA KOTA ADM. JAKARTA TIMUR DAERAH KHUSUS IBUKOTA JAKARTA 13940 HALTE BUSWAY PERUMNAS KLENDER,-6.2257685,106.8580027
2024,KOTA ADM. JAKARTA UTARA,HLT202400620,REGULER,133010118004,JL. JAMPEA RW 1 KOJA KEC KOJA KOTA JKT UTARA DAERAH KHUSUS IBUKOTA JAKARTA 14220 HALTE MARINE,-6.1142824,106.8931112
2024,KOTA ADM. JAKARTA TIMUR,HLT202400621,TRANSJAKARTA,133010135001,JL. RADEN INTAN RAYA KLENDER KEC DUREN SAWIT KOTA KOTA ADM. JAKARTA TIMUR DAERAH KHUSUS IBUKOTA JAKARTA 13470 HALTE BUSWAY FLYOVER RADEN INTEN,-6.1638367,106.7274681
2024,KOTA ADM. JAKARTA UTARA,HLT202400622,REGULER,133010118004,JL. JAMPEA RT 12 RW 5 KOJA NORTH JAKARTA CITY JAKARTA HALTE LORONG 5,-6.2563902,106.8915847
2024,KOTA ADM. JAKARTA TIMUR,HLT202400623,REGULER,133010118004,JL. LENTENG AGUNG RAYA 40 4 RT 4 RW 1 LENTENG AGUNG KEC JAGAKARSA KOTA KOTA ADM. JAKARTA SELATAN DAERAH KHUSUS IBUKOTA JAKARTA 12530 SEBRANG STASIUN TANJUNG BARAT,-6.2158513,106.7739864
2024,KOTA ADM. JAKARTA PUSAT,HLT202400746,TRANSJAKARTA,133010118004,JL. KYAI CARINGIN RT 11 RW 4 CIDENG GAMBIR KOTA KOTA ADM. JAKARTA PUSAT 10150 HALTE BUSWAY RS TARAKAN,-6.1712402,106.8100692
2024,KOTA ADM. JAKARTA TIMUR,HLT202400747,REGULER,133010118004,JL. PURI KEMBANGAN 103 49 RT 8 RW 3 KEMBANGAN SEL KEC KB JERUK KOTA KOTA ADM. JAKARTA BARAT DAERAH KHUSUS IBUKOTA JAKARTA 11610 SDN KEMBANGAN SELATAN,-6.1834396,106.756382
2024,KOTA ADM. JAKARTA PUSAT,HLT202400748,TRANSJAKARTA,133010118004,JL. SURYOPRANOTO RT 7 RW 7 PETOJO SEL KECAMATAN GAMBIR KOTA KOTA ADM. JAKARTA PUSAT DAERAH KHUSUS IBUKOTA JAKARTA 10160 HALTE BUSWAY PETOJO,-6.1700018,106.8172026
2024,KOTA ADM. JAKARTA UTARA,HLT202400749,TRANSJAKARTA,133010118004,JALAN RAYA PELABUHAN NO TANJUNG PRIOK TANJUNG PRIOK KOTA JKT UTARA 14310 HALTE BUSWAY ENGGANO,-6.1101373,106.8924173
2024,KOTA ADM. JAKARTA SELATAN,HLT202400750,TRANSJAKARTA,133010118004,KOTA ADM. JAKARTA PUSAT RT 1 RW 2 CEMP PUTIH TIM KEC CEMP PUTIH KOTA KOTA ADM. JAKARTA PUSAT DAERAH KHUSUS IBUKOTA JAKARTA 10510 SAMPING PINTU TOL,-6.1767568,106.876161
2024,KOTA ADM. JAKARTA PUSAT,HLT202400751,TRANSJAKARTA,133010118004,JL. AGUS SALIM DEPAN BPN HALTE BPN,-6.187595,106.8252783
2024,KOTA ADM. JAKARTA TIMUR,HLT202400752,REGULER,133010118004,JL. PERSAHABATAN UTARA,-6.2019556,106.8855207
2024,KOTA ADM. JAKARTA SELATAN,HLT202400753,TRANSJAKARTA,133010118004,JL. SAPTA TARUNA BARU NO 10 RW 7 PD PINANG KEC KBY LAMA KOTA KOTA ADM. JAKARTA SELATAN DAERAH KHUSUS IBUKOTA JAKARTA 12310 HALTE BUSWAY TERMINAL LEBAK BULUS,-6.2891824,106.7734147
2024,KOTA ADM. JAKARTA TIMUR,HLT202400754,REGULER,133010118004,JL. BEKASI TIM RAYA RT 1 RW 9 PISANGAN TIM KEC PULO GADUNG KOTA KOTA ADM. JAKARTA TIMUR DAERAH KHUSUS IBUKOTA JAKARTA 13230 BAWAH FLYOVER CIPINANG PENJARA,-6.2144774,106.8871123
2024,KOTA ADM. JAKARTA SELATAN,HLT202400755,TRANSJAKARTA,133010118004,JL. CIIPUTAT RAYA PD PINANG KEC KBY LAMA KOTA KOTA ADM. JAKARTA SELATAN DAERAH KHUSUS IBUKOTA JAKARTA 12310 HALTE BUSWAY PONDOK PINANG,-6.2822235,106.7720304
2024,KOTA ADM. JAKARTA TIMUR,HLT202400756,REGULER,133010118004,JL. RAYA BEKASI NO 63 RT 1 RW 4 RW TERATE KEC CAKUNG KOTA KOTA ADM. JAKARTA TIMUR DAERAH KHUSUS IBUKOTA JAKARTA 13920 HALTE PUPAR,-6.1830032,106.9229201
2024,KOTA ADM. JAKARTA SELATAN,HLT202400757,TRANSJAKARTA,133010135001,JL. METRO PONDOK INDAH NO 6 RW 16 PD PINANG KEC KBY LAMA KOTA KOTA ADM. JAKARTA SELATAN DAERAH KHUSUS IBUKOTA JAKARTA 12310 HALTE BUSWAY PONDOK INDAH 2,-6.26723114394588,106.783656093789
2024,KOTA ADM. JAKARTA TIMUR,HLT202400758,REGULER,133010135001,JL. KYAI H ZAINUL ARIFIN RT 1 RW 1 KRUKUT KECAMATAN GAMBIR KOTA KOTA ADM. JAKARTA PUSAT DAERAH KHUSUS IBUKOTA JAKARTA 10130 DEPAN ALFAMART KETAPANG RAYA,-6.1605089,106.8146496
2024,KOTA ADM. JAKARTA SELATAN,HLT202400759,TRANSJAKARTA,133010135001,JL. SULTAN ISKANDAR MUDA RT 1 RW 8 KBY LAMA SEL KEC KBY LAMA KOTA KOTA ADM. JAKARTA SELATAN DAERAH KHUSUS IBUKOTA JAKARTA 12240 HALTE BUSWAY TANAH KUSIR,-6.2571531,106.7818225
2024,KOTA ADM. JAKARTA TIMUR,HLT202400760,REGULER,133010135001,JL. I GUSTI NGURAH RAI 26 46 RT 7 RW 12 KLENDER KEC CAKUNG KOTA KOTA ADM. JAKARTA TIMUR DAERAH KHUSUS IBUKOTA JAKARTA 13470 SEBRANG FAJAR UTAMA MOTOR,-6.2141383,106.9102633
2024,KOTA ADM. JAKARTA SELATAN,HLT202400761,TRANSJAKARTA,133010135001,JL. SULTAN ISKANDAR MUDA RT 9 RW 1 KBY LAMA SEL KEC KBY LAMA KOTA KOTA ADM. JAKARTA SELATAN DAERAH KHUSUS IBUKOTA JAKARTA 12240 HALTE BUSWAY KEBAYORAN LAMA BUNGUR,-6.2386671,106.7830855
2024,KOTA ADM. JAKARTA TIMUR,HLT202400762,REGULER,133010118004,JL. JATINEGARA TIMUR 64 RT 11 RW 3 BALI MESTER KECAMATAN JATINEGARA KOTA KOTA ADM. JAKARTA TIMUR DAERAH KHUSUS IBUKOTA JAKARTA 13310 HALTE JATINEGARA TIMUR,-6.2205269,106.8682018
2024,KOTA ADM. JAKARTA BARAT,HLT202400763,TRANSJAKARTA,133010118004,JL. JELEMBAR TIMUR RT 8 RW 5 JELAMBAR KEC GROGOL PETAMBURAN KOTA KOTA ADM. JAKARTA BARAT DAERAH KHUSUS IBUKOTA JAKARTA HALTE BUSWAY ST KA LATUMENTEN,-6.1610091,106.7902761
2024,KOTA ADM. JAKARTA TIMUR,HLT202400764,TRANSJAKARTA,133010118004,JL. YOS SUDARSO KOTA ADM. JAKARTA UTARA RT 10 RW 11 KLP GADING BAR KEC KLP GADING KOTA JKT UTARA DAERAH KHUSUS IBUKOTA JAKARTA 14240 HALTE SUNTER KELAPA GADING,-6.1513071,106.886907
2024,KOTA ADM. JAKARTA BARAT,HLT202400765,TRANSJAKARTA,133010118004,JL. PROF DR LATUMENTEN RT 10 RW 1 JEMB BESI KEC TAMBORA KOTA KOTA ADM. JAKARTA BARAT DAERAH KHUSUS IBUKOTA JAKARTA 11320 HALTE BUSWAY JEMBATAN BESI,-6.1520742,106.7949264
2024,KOTA ADM. JAKARTA TIMUR,HLT202400766,TRANSJAKARTA,133010118004,JL. DI PANJAITAN PEDATI TUNEL 5 RW 9 RW BUNGA KECAMATAN JATINEGARA KOTA KOTA ADM. JAKARTA TIMUR DAERAH KHUSUS IBUKOTA JAKARTA 13350 HALTE PEDATI,-6.2429234,106.876333
2024,KOTA ADM. JAKARTA UTARA,HLT202400767,TRANSJAKARTA,133010118004,JL. JEMBATAN DUA RAYA ANGKE KEC TAMBORA KOTA KOTA ADM. JAKARTA BARAT DAERAH KHUSUS IBUKOTA JAKARTA 11330 HALTE BUSWAY JEMBATAN DUA,-6.143119,106.7935822
2024,KOTA ADM. JAKARTA TIMUR,HLT202400745,REGULER,133010118004,JL. KALIMALANG CURUG,-6.2477361,106.9246091
2024,KOTA ADM. JAKARTA SELATAN,HLT202400790,TRANSJAKARTA,133010135001,JL. GATOT SUBROTO RT 6 RW 3 KUNINGAN KUNINGAN TIM KECAMATAN SETIABUDI KOTA KOTA ADM. JAKARTA SELATAN DAERAH KHUSUS IBUKOTA JAKARTA 12950 HALTE BUSWAY JAMSOSTEK GATOT SUBROTO,-6.2326072,106.8214948
2024,KOTA ADM. JAKARTA SELATAN,HLT202400791,TRANSJAKARTA,133010118004,JL. GATOT SUBROTO RT 7 RW 1 SENAYAN KEC KBY BARU KOTA KOTA ADM. JAKARTA SELATAN DAERAH KHUSUS IBUKOTA JAKARTA 12190 HALTE GATOT SUBROTO LIPI,-6.2266628,106.8179848
2024,KOTA ADM. JAKARTA BARAT,HLT202400792,REGULER,133010118004,JL. ANGKASA 20 RT 5 RW 2 GN SAHARI SEL KEC KEMAYORAN KOTA KOTA ADM. JAKARTA PUSAT DAERAH KHUSUS IBUKOTA JAKARTA 10610 HALTE PELNI,-6.1579265,106.8419523
2024,KOTA ADM. JAKARTA UTARA,HLT202400793,TRANSJAKARTA,133010135001,JL. DI PANJAITAN RT 7 RW 11 CIPINANG CEMPEDAK KECAMATAN JATINEGARA KOTA KOTA ADM. JAKARTA TIMUR DAERAH KHUSUS IBUKOTA JAKARTA 13340 HALTE BUSWAY CAWANG SUTOYO,-6.2452282,106.8754939
2024,KOTA ADM. JAKARTA TIMUR,HLT202400794,TRANSJAKARTA,133010135001,JL. MAYJEN SUTOYO RT 9 RW 6 CAWANG KEC KRAMAT JATI KOTA KOTA ADM. JAKARTA TIMUR DAERAH KHUSUS IBUKOTA JAKARTA 13630 BAWAH SUTET,-6.2500808,106.8731892
2024,KOTA ADM. JAKARTA SELATAN,HLT202400795,TRANSJAKARTA,133010135001,JL. GATOT SUBROTO RT 1 RW 4 KARET SEMANGGI SETIA BUDI KOTA KOTA ADM. JAKARTA SELATAN DAERAH KHUSUS IBUKOTA JAKARTA 12930 HALTE BUSWAY SEMANGGI,-6.208046,106.8043196
2024,KOTA ADM. JAKARTA TIMUR,HLT202400796,REGULER,133010135001,JL. ANGKASA RW 10 GN SAHARI SEL KEC KEMAYORAN KOTA KOTA ADM. JAKARTA PUSAT DAERAH KHUSUS IBUKOTA JAKARTA 10610 DEPAN PULAU INTAN,-6.1561695,106.8502108
2024,KOTA ADM. JAKARTA PUSAT,HLT202400797,TRANSJAKARTA,133010118004,JALAN JENDRAL GATOT SUBROTO RT 9 RW 2 BENDUNGAN HILIR TANAH ABANG KOTA KOTA ADM. JAKARTA PUSAT 10210 HALTE BUSWAY JCC SENAYAN,-6.2139487,106.8089887
2024,KOTA ADM. JAKARTA UTARA,HLT202400798,REGULER,133010118004,JL. ANGKASA RW 10 GN SAHARI SEL KEC KEMAYORAN KOTA KOTA ADM. JAKARTA PUSAT DAERAH KHUSUS IBUKOTA JAKARTA 10610 HALTE ANGKASA,-6.1568435,106.8453597
2024,KOTA ADM. JAKARTA UTARA,HLT202400799,REGULER,133010118004,JL. INDUSTRI RAYA KOTA ADM. JAKARTA PUSAT RT 2 GN SAHARI SEL KEC KEMAYORAN KOTA KOTA ADM. JAKARTA PUSAT DAERAH KHUSUS IBUKOTA JAKARTA 10610 HALTE DEPAN TANAH KOSONG,-6.1521667,106.8438178
2024,KOTA ADM. JAKARTA BARAT,HLT202400800,TRANSJAKARTA,133010135001,JL. TENTARA PELAJAR KOTA ADM. JAKARTA PUSAT PETAMBURAN TANAHABANG KOTA KOTA ADM. JAKARTA PUSAT DAERAH KHUSUS IBUKOTA JAKARTA HALTE BUSWAY SLIPI PETAMBURAN,-6.2078088,106.7971859
2024,KOTA ADM. JAKARTA PUSAT,HLT202400801,REGULER,133010118004,JL. LETJEN S PARMAN RT 12 RW 1 TOMANG KEC GROGOL PETAMBURAN KOTA KOTA ADM. JAKARTA BARAT DAERAH KHUSUS IBUKOTA JAKARTA 11440 DEPAN TRANSMART HALTE 3,-6.1764402,106.7928221
2024,KOTA ADM. JAKARTA BARAT,HLT202400802,TRANSJAKARTA,133010118004,NO KAV 78 JALAN LETJEN S PARMAN PALMERAH DAERAH KHUSUS IBUKOTA JAKARTA 11410 INDONESIA DAERAH KHUSUS IBUKOTA JAKARTA HALTE BUSWAY SLIPI KEMANGGISAN,-6.190315,106.7973183
2024,KOTA ADM. JAKARTA UTARA,HLT202400803,REGULER,133010118004,JL. KAPUK RAYA 9 30 RT 6 RW 11 KAMAL MUARA KEC PENJARINGAN KOTA JKT UTARA DAERAH KHUSUS IBUKOTA JAKARTA 11720 DEPAN RUMAH SENG,-6.128658,106.7419502
2024,KOTA ADM. JAKARTA BARAT,HLT202400804,TRANSJAKARTA,133010135001,JL. LETJEND S PARMAN KOTA BAMBU UTARA KEC PALMERAH KOTA KOTA ADM. JAKARTA BARAT DAERAH KHUSUS IBUKOTA JAKARTA HALTE BUSWAY RS HARAPAN KITA,-6.1847834,106.797089
2024,KOTA ADM. JAKARTA BARAT,HLT202400805,TRANSJAKARTA,133010135001,JL. LETJEND S PARMAN RT 12 RW 1 TOMANG KEC GROGOL PETAMBURAN KOTA KOTA ADM. JAKARTA BARAT DAERAH KHUSUS IBUKOTA JAKARTA 11470 HALTE BUSWAY S PARMAN PODOMORO CITY,-6.1757375,106.7921909
2024,KOTA ADM. JAKARTA UTARA,HLT202400806,REGULER,133010135001,JL. KAPUK KAYU BESAR 81 208 RT 3 RW 3 KAMAL MUARA KEC PENJARINGAN KOTA JKT UTARA DAERAH KHUSUS IBUKOTA JAKARTA 11730 SEBRANG WARTEG,-6.1260451,106.7374905
2024,KOTA ADM. JAKARTA TIMUR,HLT202400807,TRANSJAKARTA,133010135001,JL. MAYJEND SUTOYO CILILITAN KEC KRAMAT JATI KOTA KOTA ADM. JAKARTA TIMUR DAERAH KHUSUS IBUKOTA JAKARTA 13510 HALTE BUSWAY PGC1,-6.2624633,106.8664854
2024,KOTA ADM. JAKARTA UTARA,HLT202400808,REGULER,133010135001,JL. KAPUK KAYU BESAR 44 RT 3 RW 3 KAMAL MUARA KEC PENJARINGAN KOTA JKT UTARA DAERAH KHUSUS IBUKOTA JAKARTA 11730 SAMPING GEDUNG BIRU,-6.1239471,106.7347662
2024,KOTA ADM. JAKARTA PUSAT,HLT202400809,REGULER,133010118004,JL. MH THAMRIN HALTE TERPADU,-6.1855835,106.8227817
2024,KOTA ADM. JAKARTA TIMUR,HLT202400810,TRANSJAKARTA,133010118004,JALAN RAYA BOGOR RAMBUTAN CIRACAS KOTA KOTA ADM. JAKARTA TIMUR 13830 HALTE BUSWAY HARAPAN BUNDA,-6.3019775,106.8680686
2024,KOTA ADM. JAKARTA BARAT,HLT202400811,REGULER,133010118004,JL. GATOT SUBROTO RT 12 RW 2 BEND HILIR TANAHABANG KOTA KOTA ADM. JAKARTA PUSAT DAERAH KHUSUS IBUKOTA JAKARTA 10210 SAMPING BALIHO,-6.2167012,106.8108115
2024,KOTA ADM. JAKARTA TIMUR,HLT202400812,TRANSJAKARTA,133010118004,JL. RAYA BOGOR RW 7 RAMBUTAN KEC CIRACAS KOTA KOTA ADM. JAKARTA TIMUR DAERAH KHUSUS IBUKOTA JAKARTA 13540 HALTE BUSWAY PASAR INDUK,-6.2942432,106.8721727
2024,KOTA ADM. JAKARTA PUSAT,HLT202400813,TRANSJAKARTA,133010118004,JL. RAYA BOGOR RW 7 RAMBUTAN KEC CIRACAS KOTA KOTA ADM. JAKARTA TIMUR DAERAH KHUSUS IBUKOTA JAKARTA 13540 HALTE BUSWAY PASAR KRAMAT JATI,-6.2687058,106.8666746
2024,KOTA ADM. JAKARTA PUSAT,HLT202400814,REGULER,133010135001,JL. M H THAMRIN 11 RT 8 RW 4 GONDANGDIA KEC MENTENG KOTA KOTA ADM. JAKARTA PUSAT DAERAH KHUSUS IBUKOTA JAKARTA 10350 DEPAN KFC SARINAH,-6.1878207,106.8228385
2024,KOTA ADM. JAKARTA SELATAN,HLT202400710,REGULER,133010135001,JL. PROF DR LATUMENTEN RT 2 RW 1 JEMB BESI KEC TAMBORA KOTA KOTA ADM. JAKARTA BARAT DAERAH KHUSUS IBUKOTA JAKARTA DEKAT JPO SEBRANG KODAK,-6.1453717,106.793895
2024,KOTA ADM. JAKARTA SELATAN,HLT202400711,TRANSJAKARTA,133010118004,JL. ARTERI PERMATA HIJAU RT 4 RW 2 GROGOL UTARA KEC KBY LAMA KOTA KOTA ADM. JAKARTA SELATAN DAERAH KHUSUS IBUKOTA JAKARTA 12210 HALTE BUSWAY PERMATA HIJAU,-6.2213933,106.7832167
2024,KOTA ADM. JAKARTA BARAT,HLT202400712,TRANSJAKARTA,133010118004,JL. ARTERI PERMATA HIJAU RT 7 RW 8 SUKABUMI SEL KEC KB JERUK KOTA KOTA ADM. JAKARTA BARAT DAERAH KHUSUS IBUKOTA JAKARTA 11560 HALTE BUSWAY PERMATA HIJAU RS MEDIKA,-6.2184317,106.7774308
2024,KOTA ADM. JAKARTA SELATAN,HLT202400713,TRANSJAKARTA,133010118004,JL. PANGERAN TUBAGUS ANGKE 8 RT 13 RW 7 JELAMBAR BARU KEC GROGOL PETAMBURAN KOTA KOTA ADM. JAKARTA BARAT DAERAH KHUSUS IBUKOTA JAKARTA 14450 DEPAN BNI,-6.1436762,106.7874933
2024,KOTA ADM. JAKARTA PUSAT,HLT202400714,REGULER,133010135001,SRIKAYA KEBON SIRIH MENTENG KOTA ADM. JAKARTA PUSAT,-6.1846241,106.8320887
2024,KOTA ADM. JAKARTA PUSAT,HLT202400715,REGULER,133010135001,SRIKAYA KEBON SIRIH MENTENG KOTA ADM. JAKARTA PUSAT,-6.1850765,106.8326689
2024,KOTA ADM. JAKARTA PUSAT,HLT202400716,REGULER,133010118004,SRIKAYA KEBON SIRIH MENTENG KOTA ADM. JAKARTA PUSAT,-6.1851517,106.8319658
2024,KOTA ADM. JAKARTA PUSAT,HLT202400717,REGULER,133010118004,SRIKAYA KEBON SIRIH MENTENG KOTA ADM. JAKARTA PUSAT,-6.1871437,106.8330073
2024,KOTA ADM. JAKARTA PUSAT,HLT202400718,REGULER,133010135001,SRIKAYA 2 KEBON SIRIH MENTENG KOTA ADM. JAKARTA PUSAT,-6.1850765,106.8326689
2024,KOTA ADM. JAKARTA PUSAT,HLT202400719,REGULER,133010135001,SRIKAYA KEBON SIRIH MENTENG KOTA ADM. JAKARTA PUSAT,-6.1846241,106.8320887
2024,KOTA ADM. JAKARTA SELATAN,HLT202400720,REGULER,133010135001,JALAN TEBET RAYA TBUKIT DURI DAN TEBET TIMUR TTEBET TKOTA ADM. JAKARTA SELATAN,-6.2257685,106.8580027
2024,KOTA ADM. JAKARTA UTARA,HLT202400721,REGULER,133010118004,JL. YOS SUDARSO 750 3 RT 4 RW 12 RAWABADAK UTARA KEC KOJA KOTA JKT UTARA DAERAH KHUSUS IBUKOTA JAKARTA 14320 HALTE BUSWAY PERMAI KOJA,-6.1142824,106.8931112
2024,KOTA ADM. JAKARTA PUSAT,HLT202400722,REGULER,133010118004,JL. LKR LUAR BARAT RW 3 RW BUAYA KECAMATAN CENGKARENG KOTA KOTA ADM. JAKARTA BARAT DAERAH KHUSUS IBUKOTA JAKARTA 11740 SAMPING TOKO BAN,-6.1638367,106.7274681
2024,KOTA ADM. JAKARTA TIMUR,HLT202400723,REGULER,133010118004,JL. RAJAWALI DEPAN RS ANGKATAN UDARA KEC MAKASAR,-6.2563902,106.8915847
2024,KOTA ADM. JAKARTA BARAT,HLT202400724,REGULER,133010118004,JL. PANJANG ARTERI KLP DUA RAYA NO 69 SUKABUMI UTARA KEC KB JERUK KOTA KOTA ADM. JAKARTA BARAT DAERAH KHUSUS IBUKOTA JAKARTA 11550 HALTE BUSWAY POS PENGUMBEN,-6.2158513,106.7739864
2024,KOTA ADM. JAKARTA SELATAN,HLT202400725,REGULER,133010135001,JL. PANGERAN TUBAGUS ANGKE WIJAYA KUSUMA KEC GROGOL PETAMBURAN KOTA KOTA ADM. JAKARTA BARAT DAERAH KHUSUS IBUKOTA JAKARTA 14450 DEPAN BRI,-6.1443715,106.7779074
2024,KOTA ADM. JAKARTA SELATAN,HLT202400726,REGULER,133010118004,JALAN TEBET RAYA TBUKIT DURI DAN TEBET TIMUR TTEBET TKOTA ADM. JAKARTA SELATAN,-6.2253064,106.8579558
2024,KOTA ADM. JAKARTA SELATAN,HLT202400727,REGULER,133010118004,JALAN TEBET RAYA TBUKIT DURI DAN TEBET TIMUR TTEBET TKOTA ADM. JAKARTA SELATAN,-6.2252082,106.8592254
2024,KOTA ADM. JAKARTA SELATAN,HLT202400728,REGULER,133010135001,JALAN TEBET RAYA TBUKIT DURI DAN TEBET TIMUR TTEBET TKOTA ADM. JAKARTA SELATAN,-6.2257567,106.85881
2024,KOTA ADM. JAKARTA SELATAN,HLT202400729,REGULER,133010135001,JALAN TEBET RAYA TBUKIT DURI DAN TEBET TIMUR TTEBET TKOTA ADM. JAKARTA SELATAN,-6.2256817,106.8588837
2024,KOTA ADM. JAKARTA SELATAN,HLT202400730,REGULER,133010118004,JALAN CASSABLANCA KOTA ADM. JAKARTA SELATAN,-6.2249913,106.841265
2024,KOTA ADM. JAKARTA SELATAN,HLT202400731,REGULER,133010118004,JALAN CASSABLANCA KOTA ADM. JAKARTA SELATAN,-6.2250352,106.8412527
2024,KOTA ADM. JAKARTA BARAT,HLT202400732,TRANSJAKARTA,133010118004,JL. RAYA KELAPA DUA RT 2 RW 2 KLP DUA KEC KB JERUK KOTA KOTA ADM. JAKARTA BARAT DAERAH KHUSUS IBUKOTA JAKARTA 11550 HALTE BUSWAY KELAPA DUA SASAK,-6.2056258,106.7695708
2024,KOTA ADM. JAKARTA SELATAN,HLT202400733,REGULER,133010118004,JL. PANGERAN TUBAGUS ANGKE RT 14 RW 11 JELAMBAR BARU KEC GROGOL PETAMBURAN KOTA KOTA ADM. JAKARTA BARAT DAERAH KHUSUS IBUKOTA JAKARTA 14450 BAWAH JPO DEPAN GEREJA BALA KESELAMATAN,-6.1437986,106.7853779
2024,KOTA ADM. JAKARTA BARAT,HLT202400734,TRANSJAKARTA,133010135001,JL. PANJANG NO 8 KB JERUK KEC KB JERUK KOTA KOTA ADM. JAKARTA BARAT DAERAH KHUSUS IBUKOTA JAKARTA 11530 HALTE BUSWAY KEBON JERUK,-6.1943347,106.7687955
2024,KOTA ADM. JAKARTA SELATAN,HLT202400735,REGULER,133010135001,JL. PANGERAN TUBAGUS ANGKE RT 1 RW 6 JELAMBAR BARU KEC GROGOL PETAMBURAN KOTA KOTA ADM. JAKARTA BARAT DAERAH KHUSUS IBUKOTA JAKARTA 14450 SAMPING JEMBATAN TAMAN PERMATA INDAH,-6.144174,106.7814629
2024,KOTA ADM. JAKARTA TIMUR,HLT202400768,REGULER,133010118004,BIDARACINA JATINEGARA JL. OTTO ISKANDARDINATA NO 59 A RT 1 RW 4 KP MELAYU KECAMATAN JATINEGARA KOTA KOTA ADM. JAKARTA TIMUR DAERAH KHUSUS IBUKOTA JAKARTA 13340 HALTE BPS,-6.232052,106.8673862
2024,KOTA ADM. JAKARTA UTARA,HLT202400769,TRANSJAKARTA,133010135001,JL. JEMBATAN TIGA RAYA RT 2 RW 16 PENJARINGAN KEC PENJARINGAN KOTA JKT UTARA DAERAH KHUSUS IBUKOTA JAKARTA 14450 HALTE BUSWAY JEMBATAN TIGA,-6.133305,106.7928633
2024,KOTA ADM. JAKARTA BARAT,HLT202400770,REGULER,133010135001,JL. OTISTA RAYA RW 5 KP MELAYU KECAMATAN JATINEGARA KOTA KOTA ADM. JAKARTA TIMUR DAERAH KHUSUS IBUKOTA JAKARTA 13330 HALTE BRI,-6.2350398,106.8679905
2024,KOTA ADM. JAKARTA UTARA,HLT202400771,TRANSJAKARTA,133010118004,JL. PLUIT PERMAI RT 15 RW 4 PLUIT KEC PENJARINGAN KOTA JKT UTARA DAERAH KHUSUS IBUKOTA JAKARTA 14450 HALTE BUSWAY PLUIT,-6.115686,106.7910331
2024,KOTA ADM. JAKARTA PUSAT,HLT202400772,REGULER,133010118004,JL. OTISTA RAYA RW 13 KP MELAYU KECAMATAN JATINEGARA KOTA KOTA ADM. JAKARTA TIMUR DAERAH KHUSUS IBUKOTA JAKARTA 13330 SEBRANG BRIDESTONE,-6.2265933,106.8670932
2024,KOTA ADM. JAKARTA UTARA,HLT202400773,TRANSJAKARTA,133010118004,STASIUN TJ PRIOK KOTA JKT UTARA DAERAH KHUSUS IBUKOTA JAKARTA 14310 HALTE BUSWAY TERMINAL TANJUNG PRIUK,-6.109465,106.8822867
2024,KOTA ADM. JAKARTA UTARA,HLT202400774,TRANSJAKARTA,133010118004,JL. PLUIT PUTRA NO 1 RT 17 RW 6 PLUIT KEC PENJARINGAN KOTA JKT UTARA DAERAH KHUSUS IBUKOTA JAKARTA 14450 HALTE BUSWAY PENJARINGAN,-6.1262928,106.7917118
2024,KOTA ADM. JAKARTA PUSAT,HLT202400775,REGULER,133010118004,JL. OTISTA RAYA 80 RT 2 RW 5 KP MELAYU KECAMATAN JATINEGARA KOTA KOTA ADM. JAKARTA TIMUR DAERAH KHUSUS IBUKOTA JAKARTA 13330 HALTE ASRAMA UI,-6.2376767,106.8686315
2024,KOTA ADM. JAKARTA TIMUR,HLT202400776,TRANSJAKARTA,133010118004,KP MELAYU RW 6 CAWANG KEC KRAMAT JATI KOTA KOTA ADM. JAKARTA TIMUR DAERAH KHUSUS IBUKOTA JAKARTA 13630 HALTE BUSWAY CAWANG CILIWUNG,-6.2429461,106.8635098
2024,KOTA ADM. JAKARTA PUSAT,HLT202400777,REGULER,133010118004,JL. DI PANJAITAN TIMUR JAKARTA RT 12 RW 1 SELATAN CIPINANG BESAR JATINEGARA TIMUR JAKARTA CITY JAKARTA 13410 HALTE SEKOLAHAN,-6.2391173,106.8779006
2024,KOTA ADM. JAKARTA TIMUR,HLT202400778,TRANSJAKARTA,133010118004,MT HARYONO RT 8 RW 9 TEBET TIM KEC TEBET KOTA KOTA ADM. JAKARTA SELATAN DAERAH KHUSUS IBUKOTA JAKARTA 12820 HALTE BUSWAY CIKOKO STASIUN CAWANG,-6.2429502,106.8583233
2024,KOTA ADM. JAKARTA TIMUR,HLT202400779,REGULER,133010118004,JL. GATOT SUBROTO RT 9 RW 2 BEND HILIR KECAMATAN TANAH ABANG KOTA KOTA ADM. JAKARTA PUSAT DAERAH KHUSUS IBUKOTA JAKARTA 10210 DEKAT PARK ROYALE,-6.2145825,106.8097182
2024,KOTA ADM. JAKARTA SELATAN,HLT202400780,TRANSJAKARTA,133010118004,JL. LETJEN MT HARYONO NO 4B RT 10 RW 2 CIKOKO KEC TEBET KOTA KOTA ADM. JAKARTA TIMUR DAERAH KHUSUS IBUKOTA JAKARTA 13630 HALTE BUSWAY TEBET BKPM,-6.2428573,106.8584467
2024,KOTA ADM. JAKARTA BARAT,HLT202400781,REGULER,133010118004,JL. LETJEN S PARMAN RT 12 RW 1 TOMANG KEC GROGOL PETAMBURAN KOTA KOTA ADM. JAKARTA BARAT DAERAH KHUSUS IBUKOTA JAKARTA 11440 DEPAN TRANSMART HALTE 2,-6.1761934,106.7920628
2024,KOTA ADM. JAKARTA BARAT,HLT202400782,REGULER,133010118004,JL. GATOT SUBROTO GELORA TANAHABANG KOTA KOTA ADM. JAKARTA PUSAT DAERAH KHUSUS IBUKOTA JAKARTA SAMPING MPR DPR,-6.206361,106.8032898
2024,KOTA ADM. JAKARTA SELATAN,HLT202400783,TRANSJAKARTA,133010118004,JL. MT HARYONO RT 2 RW 2 TEBET BAR KEC TEBET KOTA KOTA ADM. JAKARTA SELATAN DAERAH KHUSUS IBUKOTA JAKARTA 12780 HALTE BUSWAY PANCORAN TUGU,-6.2430067,106.8439088
2024,KOTA ADM. JAKARTA BARAT,HLT202400784,REGULER,133010118004,JL. GATOT SUBROTO RT 5 RW 3 SENAYAN KEC KBY BARU KOTA KOTA ADM. JAKARTA SELATAN DAERAH KHUSUS IBUKOTA JAKARTA 12190 BAWAH JPO BUSWAY LIPI SISI BPJS,-6.2335967,106.8230487
2024,KOTA ADM. JAKARTA BARAT,HLT202400785,REGULER,133010135001,JL. GATOT SUBROTO RT 1 RW 3 GELORA KECAMATAN TANAH ABANG KOTA KOTA ADM. JAKARTA PUSAT DAERAH KHUSUS IBUKOTA JAKARTA 10270 DEKAT HOTEL SULTAN,-6.2182117,106.8094082
2024,KOTA ADM. JAKARTA SELATAN,HLT202400786,TRANSJAKARTA,133010135001,JL. JEND GATOT SUBROTO NO KAV 53 KUNINGAN TIM RT 1 RW 4 KUNINGAN TIM KECAMATAN SETIABUDI KOTA KOTA ADM. JAKARTA SELATAN DAERAH KHUSUS IBUKOTA JAKARTA 12950 HALTE BUSWAY TEGAL PARANG,-6.2250095,106.8420789
2024,KOTA ADM. JAKARTA BARAT,HLT202400787,REGULER,133010118004,JL. KAPUK RAYA 69 74 RT 3 RW 3 KAMAL MUARA KEC PENJARINGAN KOTA JKT UTARA DAERAH KHUSUS IBUKOTA JAKARTA 11720 DEPAN ALFAMIDI KAPUK RAYA,-6.1286233,106.7418733
2024,KOTA ADM. JAKARTA SELATAN,HLT202400788,TRANSJAKARTA,133010135001,AH2 RT 5 RW 4 KUNINGAN TIM KECAMATAN SETIABUDI KOTA KOTA ADM. JAKARTA SELATAN DAERAH KHUSUS IBUKOTA JAKARTA 12710 HALTE BUSWAY KUNINGAN BARAT,-6.2376441,106.8278257
2024,KOTA ADM. JAKARTA SELATAN,HLT202400789,REGULER,133010118004,JL. INDUSTRI RAYA RT 15 RW 1 GN SAHARI UTARA KECAMATAN SAWAH BESAR KOTA KOTA ADM. JAKARTA PUSAT DAERAH KHUSUS IBUKOTA JAKARTA HALTE INDUSTRI,-6.1522449,106.8446058
2024,KOTA ADM. JAKARTA TIMUR,HLT202400624,TRANSJAKARTA,133010118004,JL. I GUSTI NGURAH RAI RW 9 JATINEGARA KEC CAKUNG KOTA KOTA ADM. JAKARTA TIMUR DAERAH KHUSUS IBUKOTA JAKARTA 13470 HALTE BUSWAY BUARAN,-6.1443715,106.7779074
2024,KOTA ADM. JAKARTA TIMUR,HLT202400625,TRANSJAKARTA,133010118004,JL. I GUSTI NGURAH RAI RT 14 RW 17 KLENDER DUREN SAWIT KOTA KOTA ADM. JAKARTA TIMUR 13470 HALTE BUSWAY KAMPUNG SUMUR,-6.2253064,106.8579558
2024,KOTA ADM. JAKARTA TIMUR,HLT202400626,REGULER,133010118004,JL. KOL SUGIONO JPO SUGIONO,-6.2252082,106.8592254
2024,KOTA ADM. JAKARTA SELATAN,HLT202400627,REGULER,133010118004,JL. MANGGARAI UTARA RW 1 TMANGGARAI TTEBET TKOTA ADM. JAKARTA SELATAN,-6.2257567,106.85881
2024,KOTA ADM. JAKARTA TIMUR,HLT202400628,TRANSJAKARTA,133010118004,JL. I GUSTI NGURAH RAI RT 2 RW 1 KLENDER KEC DUREN SAWIT KOTA KOTA ADM. JAKARTA TIMUR DAERAH KHUSUS IBUKOTA JAKARTA 13470 HALTE BUSWAY FLYOVER KLENDER,-6.2256817,106.8588837
2024,KOTA ADM. JAKARTA TIMUR,HLT202400629,REGULER,133010118004,JL. PERINTIS KEMERDEKAAN JPO PEDONGKELAN DEKAT SMK BAHARIWAN,-6.2249913,106.841265
2024,KOTA ADM. JAKARTA SELATAN,HLT202400630,REGULER,133010118004,JL. MANGGARAI UTARA RW 1 TMANGGARAI TTEBET TKOTA ADM. JAKARTA SELATAN,-6.2250352,106.8412527
2024,KOTA ADM. JAKARTA PUSAT,HLT202400631,REGULER,133010118004,JALAN PALMERAH TIMUR TGLORA TTANAH ABANG TKOTA ADM. JAKARTA PUSAT,-6.2056258,106.7695708
2024,KOTA ADM. JAKARTA UTARA,HLT202400632,TRANSJAKARTA,133010118004,JL. DANAU SUNTER BARAT RW 10 SUNTER AGUNG TJ PRIOK KOTA JKT UTARA DAERAH KHUSUS IBUKOTA JAKARTA 14350 HALTE BUSWAY DANAU SUNTER,-6.1437986,106.7853779
2024,KOTA ADM. JAKARTA PUSAT,HLT202400633,REGULER,133010118004,JALAN PALMERAH TIMUR TGLORA TTANAH ABANG TKOTA ADM. JAKARTA PUSAT,-6.1943347,106.7687955
2024,KOTA ADM. JAKARTA UTARA,HLT202400634,TRANSJAKARTA,133010118004,JL. DANAU SUNTER UTARA SUNTER AGUNG TJ PRIOK KOTA JKT UTARA DAERAH KHUSUS IBUKOTA JAKARTA HALTE BUSWAY SMP 140,-6.144174,106.7814629
2024,KOTA ADM. JAKARTA UTARA,HLT202400635,TRANSJAKARTA,133010118004,LAKS 14 JL. YOS SUDARSO NO 160 KOJA TJ PRIOK KOTA JKT UTARA DAERAH KHUSUS IBUKOTA JAKARTA 14320 HALTE TAMAN KOTA PLUMPANG,-6.1285084,106.894027
2024,KOTA ADM. JAKARTA BARAT,HLT202400636,REGULER,133010118004,CEMARA RT 2 RW 3 GONDANGDIA KEC MENTENG KOTA KOTA ADM. JAKARTA PUSAT DAERAH KHUSUS IBUKOTA JAKARTA 10350 HALTE SPBU,-6.1912343,106.8295762
2024,KOTA ADM. JAKARTA BARAT,HLT202400637,REGULER,133010118004,JL. BUDI RAYA SEBERANG SMUN 78,-6.1920761,106.782036
2024,KOTA ADM. JAKARTA SELATAN,HLT202400638,REGULER,133010118004,JL. M H THAMRIN 12 RT 8 RW 4 GONDANGDIA KEC MENTENG KOTA KOTA ADM. JAKARTA PUSAT DAERAH KHUSUS IBUKOTA JAKARTA 10350 DEPAN MENARA TOPAS,-6.1882977,106.8226646
2024,KOTA ADM. JAKARTA TIMUR,HLT202400639,REGULER,133010118004,JL. H NAMAN RT 17 RW 2 PD KLP KEC DUREN SAWIT KOTA KOTA ADM. JAKARTA TIMUR DAERAH KHUSUS IBUKOTA JAKARTA 13450 HALTE DEPAN SDN PONDOK KELAPA,-6.2486861,106.9421719
2024,KOTA ADM. JAKARTA UTARA,HLT202400640,TRANSJAKARTA,133010118004,JALAN DANAU SUNTER UTARA RT 8 RW 15 SUNTER AGUNG TANJUNG PRIOK KOTA JKT UTARA 14350 HALTE BUSWAY SUNTER KARYA,-6.1376894,106.8709355
2024,KOTA ADM. JAKARTA BARAT,HLT202400641,REGULER,133010118004,JALAN CENGKEH TAMANSARI KOTA ADM. JAKARTA BARAT,-6.131551,106.81216
2024,KOTA ADM. JAKARTA UTARA,HLT202400642,TRANSJAKARTA,133010118004,JL. YOS SUDARSO RT 10 RW 11 SUNTER JAYA TJ PRIOK KOTA JKT UTARA DAERAH KHUSUS IBUKOTA JAKARTA 14360 HALTE BUSWAY SUNTER BOULEVARD BARAT,-6.1496471,106.888986
2024,KOTA ADM. JAKARTA PUSAT,HLT202400643,REGULER,133010118004,SRIKAYA TKEBON SIRIH TMENTENG TKOTA ADM. JAKARTA PUSAT,-6.1872038,106.8326989
2024,KOTA ADM. JAKARTA UTARA,HLT202400644,TRANSJAKARTA,133010118004,JALAN PLUIT SELATAN RAYA NO 2 RW 8 PENJARINGAN RT 3 RW 10 PENJARINGAN KEC PENJARINGAN KOTA JKT UTARA DAERAH KHUSUS IBUKOTA JAKARTA 14440 HALTE BUSWAY PLUIT LANDMARK,-6.1251518,106.7994427
2024,KOTA ADM. JAKARTA UTARA,HLT202400645,TRANSJAKARTA,133010118004,JL. GEDONG PANJANG RT 2 RW 4 PENJARINGAN KEC PENJARINGAN KOTA JKT UTARA DAERAH KHUSUS IBUKOTA JAKARTA 14440 HALTE BUSWAY PAKIN,-6.1272951,106.8046886
2024,KOTA ADM. JAKARTA UTARA,HLT202400646,TRANSJAKARTA,133010118004,JL. GEDONG PANJANG RT 10 RW 10 PEKOJAN KEC TAMBORA KOTA KOTA ADM. JAKARTA BARAT DAERAH KHUSUS IBUKOTA JAKARTA 11240 HALTE GEDONG PANJANG,-6.1325679,106.8062953
2024,KOTA ADM. JAKARTA BARAT,HLT202400647,TRANSJAKARTA,133010118004,JL. BANDENGAN SELATAN PEKOJAN KEC TAMBORA KOTA KOTA ADM. JAKARTA BARAT DAERAH KHUSUS IBUKOTA JAKARTA HALTE BUSWAY BANDENGAN SELATAN,-6.1363973,106.8034537
2024,KOTA ADM. JAKARTA BARAT,HLT202400648,TRANSJAKARTA,133010118004,JL. KUNIR RT 7 RW 7 PINANGSIA KEC TAMAN SARI KOTA KOTA ADM. JAKARTA BARAT DAERAH KHUSUS IBUKOTA JAKARTA 11110 HALTE BUSWAY FATAHILAH,-6.1339493,106.8122101
2024,KOTA ADM. JAKARTA BARAT,HLT202400649,TRANSJAKARTA,133010118004,JL. MANGGA DUA RAYA RT 3 RW 4 PINANGSIA KEC TAMAN SARI KOTA JKT UTARA DAERAH KHUSUS IBUKOTA JAKARTA 11110 HALTE BUSWAY PANGERAN JAYAKARTA,-6.1375106,106.8179752
2024,KOTA ADM. JAKARTA BARAT,HLT202400650,TRANSJAKARTA,133010118004,JL. RAYA PANTURA RT 11 RW 5 ANCOL KEC PADEMANGAN KOTA JKT UTARA DAERAH KHUSUS IBUKOTA JAKARTA 14430 HALTE BUSWAY MANGGA DUA,-6.1361712,106.8260091
2024,KOTA ADM. JAKARTA BARAT,HLT202400651,TRANSJAKARTA,133010118004,JL. LADA RT 8 RW 6 PINANGSIA KEC TAMAN SARI KOTA KOTA ADM. JAKARTA BARAT DAERAH KHUSUS IBUKOTA JAKARTA 11110 HALTE BUSWAY STASIUN KOTA,-6.1365378,106.8148457
2024,KOTA ADM. JAKARTA TIMUR,HLT202400652,REGULER,133010118004,JL. BASUKI RAHMAD NO 43 RT 2 RW 3 PD BAMBU KEC DUREN SAWIT KOTA KOTA ADM. JAKARTA TIMUR DAERAH KHUSUS IBUKOTA JAKARTA 13430 HALTE CIPINANG,-6.2293679,106.8927793
2024,KOTA ADM. JAKARTA SELATAN,HLT202400653,REGULER,133010118004,JL. M H THAMRIN 12 RT 8 RW 4 GONDANGDIA KEC MENTENG KOTA KOTA ADM. JAKARTA PUSAT DAERAH KHUSUS IBUKOTA JAKARTA 10350 DEPAN MENARA TOPAS,-6.1878257,106.822746
2024,KOTA ADM. JAKARTA UTARA,HLT202400654,TRANSJAKARTA,133010118004,NO JALAN HBR MOTIK NO 101 KEMAYORAN KOTA KOTA ADM. JAKARTA PUSAT 10630 HALTE BUSWAY KEMAYORAN LANDASAN PACU,-6.1520552,106.8543543
2024,KOTA ADM. JAKARTA BARAT,HLT202400655,TRANSJAKARTA,133010118004,RT 3 RW 6 ROA MALAKA KEC TAMBORA KOTA KOTA ADM. JAKARTA BARAT DAERAH KHUSUS IBUKOTA JAKARTA 11230 HALTE BUSWAY KALI BESAR,-6.1350845,106.8112915
2024,KOTA ADM. JAKARTA TIMUR,HLT202400656,REGULER,133010118004,2 JL. SENTRA PRIMER TIMUR UJUNG U S DEPAN PERUMAHAN MAS N,-6.2068747,106.9545682
2024,KOTA ADM. JAKARTA TIMUR,HLT202400657,TRANSJAKARTA,133010118004,JL. RAYA PANTURA RW 3 RAWA TERATE CAKUNG TIMUR JAKARTA CITY JAKARTA 13920 HALTE BUSWAY PTC PULOGADUNG,-6.183283,106.9248972
2024,KOTA ADM. JAKARTA TIMUR,HLT202400658,TRANSJAKARTA,133010118004,JL. RAYA BEKASI RW 1 UJUNG MENTENG KEC CAKUNG KOTA KOTA ADM. JAKARTA TIMUR DAERAH KHUSUS IBUKOTA JAKARTA 13960 HALTE BUSWAY PULOGEBANG,-6.1880153,106.9602969
2024,KOTA ADM. JAKARTA TIMUR,HLT202400659,TRANSJAKARTA,133010118004,JL. SRI SULTAN HAMENGKUBUWONO IX RT 1 RW 2 UJUNG MENTENG KEC CAKUNG KOTA KOTA ADM. JAKARTA TIMUR DAERAH KHUSUS IBUKOTA JAKARTA 13960 HALTE BUSWAY UJUNG MENTENG,-6.189295,106.96527
2024,KOTA ADM. JAKARTA SELATAN,HLT202400660,TRANSJAKARTA,133010118004,JL. WARUNG JATI BARAT NO 37 JATI PADANG KEC PS MINGGU KOTA KOTA ADM. JAKARTA SELATAN DAERAH KHUSUS IBUKOTA JAKARTA 12540 HALTE BUSWAY SMK 57,-6.2858481,106.8262538
2024,KOTA ADM. JAKARTA TIMUR,HLT202400661,TRANSJAKARTA,133010118004,JL. PEMUDA NO 2 JATINEGARA KAUM KEC PULO GADUNG KOTA KOTA ADM. JAKARTA TIMUR DAERAH KHUSUS IBUKOTA JAKARTA 13250 HALTE TU GAS,-6.1928189,106.9051853
2024,KOTA ADM. JAKARTA UTARA,HLT202400662,REGULER,133010118004,GANG VC CILINGCING JL. KRAMAT JAYA RAYA RW 1 TUGU UTARA KEC KOJA DKI JAKARTA DAERAH KHUSUS IBUKOTA JAKARTA 14260 DEPAN JIC,-6.1234019,106.9168534
2024,KOTA ADM. JAKARTA PUSAT,HLT202400663,REGULER,133010118004,JL. BATUSARI RAYA RT 1 RW 9 KB JERUK KEC KB JERUK KOTA KOTA ADM. JAKARTA BARAT DAERAH KHUSUS IBUKOTA JAKARTA 11530 DEPAN SD SMP TARSISIUS,-6.1996507,106.7823951
2024,KOTA ADM. JAKARTA SELATAN,HLT202400664,TRANSJAKARTA,133010118004,JL. WARUNG JATI BARAT RT 3 RW 5 JATI PADANG KEC PS MINGGU KOTA KOTA ADM. JAKARTA SELATAN DAERAH KHUSUS IBUKOTA JAKARTA 12540 HALTE BUSWAY JATIPADANG,-6.2742413,106.8304329
2024,KOTA ADM. JAKARTA TIMUR,HLT202400665,REGULER,133010118004,JL. SENIN RAYA SEBERANG ATRIUM SENEN DEPAN EKX DJAKARTA LIO,-6.176965,106.8410372
2024,KOTA ADM. JAKARTA TIMUR,HLT202400666,TRANSJAKARTA,133010118004,JL. MAYJEND SUTOYO CILILITAN KRAMAT JATI EAST JAKARTA CITY JAKARTA HALTE BUSWAY BKN,-6.2578037,106.8700964
2024,KOTA ADM. JAKARTA TIMUR,HLT202400667,TRANSJAKARTA,133010118004,JL. PEMUDA RT 12 RW 4 JATI KEC PULO GADUNG KOTA KOTA ADM. JAKARTA TIMUR DAERAH KHUSUS IBUKOTA JAKARTA 13220 HALTE BUSWAY LAYUR,-6.1929379,106.880185
2024,KOTA ADM. JAKARTA SELATAN,HLT202400668,TRANSJAKARTA,133010118004,JALAN TAMBAK INDONESIA JL. SULTAN AGUNG MANGGARAI TEBET KOTA ADM. JAKARTA SELATAN DKI JAKARTA INDONESIA DAERAH KHUSUS IBUKOTA JAKARTA HALTE BUSWAY MANGGARAI,-6.2088412,106.8472462
2024,KOTA ADM. JAKARTA PUSAT,HLT202400669,TRANSJAKARTA,133010118004,JL. SALEMBA RAYA RT 1 RW 3 PASEBAN KEC SENEN KOTA KOTA ADM. JAKARTA PUSAT DAERAH KHUSUS IBUKOTA JAKARTA 10430 HALTE BUSWAY SALEMBA UI,-6.1935314,106.8488617
2024,KOTA ADM. JAKARTA PUSAT,HLT202400670,TRANSJAKARTA,133010118004,JL. SALEMBA RAYA RT 4 RW 5 PASEBAN SENEN KOTA KOTA ADM. JAKARTA PUSAT DAERAH KHUSUS IBUKOTA JAKARTA 10430 HALTE BUSWAY SALEMBA CAPITOL PARK CAROLUS,-6.1965808,106.8509962
2024,KOTA ADM. JAKARTA PUSAT,HLT202400671,TRANSJAKARTA,133010118004,JL. KRAMAT RAYA RT 1 RW 8 KRAMAT SENEN KOTA KOTA ADM. JAKARTA PUSAT DAERAH KHUSUS IBUKOTA JAKARTA 10430 HALTE BUSWAY KRAMAT SENTIONG,-6.1881403,106.8460864
2024,KOTA ADM. JAKARTA TIMUR,HLT202400672,TRANSJAKARTA,133010118004,JL. MATRAMAN RAYA RT 5 RW 4 PALMERIAM KEC MATRAMAN KOTA KOTA ADM. JAKARTA TIMUR DAERAH KHUSUS IBUKOTA JAKARTA 13150 HALTE BUSWAY TEGALAN,-6.2032819,106.8570642
2024,KOTA ADM. JAKARTA PUSAT,HLT202400673,REGULER,133010118004,KOTA ADM. JAKARTA BARAT JL. GAJAH MADA RT 4 RW 6 MANGGA BESAR KEC TAMAN SARI KOTA KOTA ADM. JAKARTA BARAT DAERAH KHUSUS IBUKOTA JAKARTA 11130 BAWAH JPO BUSWAY MANGGA BESAR,-6.1487189,106.8162839
2024,KOTA ADM. JAKARTA TIMUR,HLT202400674,TRANSJAKARTA,133010118004,JL. PEMUDA RT 8 RW 5 RAWAMANGUN KEC PULO GADUNG KOTA KOTA ADM. JAKARTA TIMUR DAERAH KHUSUS IBUKOTA JAKARTA 13220 HALTE BUSWAY VELODROME,-6.1934152,106.888145
2024,KOTA ADM. JAKARTA TIMUR,HLT202400675,TRANSJAKARTA,133010118004,JL. PEMUDA RT 13 RW 2 RAWAMANGUN KEC PULO GADUNG KOTA KOTA ADM. JAKARTA TIMUR DAERAH KHUSUS IBUKOTA JAKARTA 13220 HALTE BUSWAY UNJ,-6.1933233,106.8834333
2024,KOTA ADM. JAKARTA PUSAT,HLT202400676,TRANSJAKARTA,133010118004,JL. ST SENEN RW 2 SENEN KEC SENEN KOTA KOTA ADM. JAKARTA PUSAT DAERAH KHUSUS IBUKOTA JAKARTA 10410 HALTE BUSWAY SENTRAL SENEN,-6.1781583,106.8422467
2024,KOTA ADM. JAKARTA SELATAN,HLT202400677,TRANSJAKARTA,133010118004,JL. MAMPANG PRPT RAYA RT 1 RW 6 TEGAL PARANG KEC MAMPANG PRPT KOTA KOTA ADM. JAKARTA SELATAN DAERAH KHUSUS IBUKOTA JAKARTA 12790 HALTE BUSWAY DUREN TIGA,-6.2388506,106.83078
2024,KOTA ADM. JAKARTA PUSAT,HLT202400678,REGULER,133010118004,HALTE TRANS JAKARTA PASAR SENEN,-6.1774647,106.8424451
2024,KOTA ADM. JAKARTA PUSAT,HLT202400679,TRANSJAKARTA,133010118004,HALTE TRANS JAKARTA ATRIUM,-6.1782384,106.8423558
2024,KOTA ADM. JAKARTA PUSAT,HLT202400680,REGULER,133010118004,HALTE GOR KENANGA AMP BKN,-6.1771906,106.8414302
2024,KOTA ADM. JAKARTA TIMUR,HLT202400681,REGULER,133010118004,JL. JEND BASUKI RACHMAT 1 RT 4 RW 6 CIPINANG BESAR SEL KECAMATAN JATINEGARA KOTA KOTA ADM. JAKARTA TIMUR DAERAH KHUSUS IBUKOTA JAKARTA 13410 HALTE HERO BASUKI,-6.2268115,106.8814261
2024,KOTA ADM. JAKARTA PUSAT,HLT202400682,REGULER,133010118004,JL. JATIBARU RAYA RT 4 RW 3 KP BALI KECAMATAN TANAH ABANG KOTA KOTA ADM. JAKARTA PUSAT DAERAH KHUSUS IBUKOTA JAKARTA HALTE FLY OVER,-6.1832774,106.8126846
2024,KOTA ADM. JAKARTA TIMUR,HLT202400683,TRANSJAKARTA,133010118004,JL. RADEN INTEN II NO 3 RT 8 RW 14 KLENDER KEC DUREN SAWIT KOTA KOTA ADM. JAKARTA TIMUR DAERAH KHUSUS IBUKOTA JAKARTA 13470 HALTE SMKN 48,-6.2193412,106.9234331
2024,KOTA ADM. JAKARTA PUSAT,HLT202400684,REGULER,133010118004,JL. INDUSTRI RAYA RT 10 RW 3 GN SAHARI SEL KEC KEMAYORAN KOTA KOTA ADM. JAKARTA PUSAT DAERAH KHUSUS IBUKOTA JAKARTA HALTE KRAN,-6.1573172,106.8449949
2024,KOTA ADM. JAKARTA UTARA,HLT202400685,REGULER,133010118004,JL. TIPAR CAKUNG 30 RT 1 RW 4 SUKAPURA KEC CILINCING KOTA JKT UTARA DAERAH KHUSUS IBUKOTA JAKARTA 14140 DEPAN GRAMEDIA DC,-6.1523883,106.9267017
2024,KOTA ADM. JAKARTA UTARA,HLT202400686,REGULER,133010118004,JL. PLUIT TIM RAYA RT 10 RW 9 PLUIT KEC PENJARINGAN KOTA JKT UTARA DAERAH KHUSUS IBUKOTA JAKARTA 14450 DEPAN SMKN 56,-6.1190254,106.794276
2024,KOTA ADM. JAKARTA BARAT,HLT202400736,TRANSJAKARTA,133010118004,JL. PANJANG RT 6 RW 1 KEDOYA SEL KEC KB JERUK KOTA KOTA ADM. JAKARTA BARAT DAERAH KHUSUS IBUKOTA JAKARTA 11520 HALTE BUSWAY DURI KEPA,-6.1644911,106.7628822
2024,KOTA ADM. JAKARTA SELATAN,HLT202400737,REGULER,133010118004,JL. KYAI TAPA RT 1 RW 2 GROGOL KEC GROGOL PETAMBURAN KOTA KOTA ADM. JAKARTA BARAT DAERAH KHUSUS IBUKOTA JAKARTA 11450 SEBRANG HOTEL AMARIS,-6.1659833,106.7963983
2024,KOTA ADM. JAKARTA BARAT,HLT202400738,TRANSJAKARTA,133010118004,JL. PANJANG RT 5 RW 11 KEDOYA UTARA KEBON JERUK KOTA KOTA ADM. JAKARTA BARAT 11520 HALTE BUSWAY KEDOYA ASSIDDIQIAH,-6.1751348,106.7660013
2024,KOTA ADM. JAKARTA SELATAN,HLT202400739,TRANSJAKARTA,133010118004,JL. TERUSAN BANDENGAN RW 11 PEJAGALAN KEC PENJARINGAN KOTA JKT UTARA DAERAH KHUSUS IBUKOTA JAKARTA 14450 DEPAN GEREJA TUHAN,-6.1373723,106.7920138
2024,KOTA ADM. JAKARTA BARAT,HLT202400740,TRANSJAKARTA,133010118004,JALAN PANJANG KEDOYA UTARA KEBON JERUK KOTA KOTA ADM. JAKARTA BARAT DAERAH KHUSUS IBUKOTA JAKARTA 11520 DAERAH KHUSUS IBUKOTA JAKARTA HALTE BUSWAY KEDOYA GREEN GARDEN,-6.1644124,106.7628079
2024,KOTA ADM. JAKARTA SELATAN,HLT202400741,TRANSJAKARTA,133010118004,JL. PERINTIS KEMERDEKAAN NO 31 RW 5 KLP GADING BAR KEC KLP GADING KOTA JKT UTARA DAERAH KHUSUS IBUKOTA JAKARTA 14240 HALTE ASMI,-6.1719898,106.8891033
2024,KOTA ADM. JAKARTA TIMUR,HLT202400742,TRANSJAKARTA,133010118004,JL. KYAI TAPA GROGOL KEC GROGOL PETAMBURAN KOTA KOTA ADM. JAKARTA BARAT DAERAH KHUSUS IBUKOTA JAKARTA DEKAT JPO SEBRANG RS SUMBER WARAS,-6.1656933,106.7984117
2024,KOTA ADM. JAKARTA BARAT,HLT202400743,TRANSJAKARTA,133010118004,JL. TOMANG RAYA RT 5 RW 1 JATIPULO KEC PALMERAH KOTA KOTA ADM. JAKARTA BARAT DAERAH KHUSUS IBUKOTA JAKARTA 11430 HALTE BUSWAY TOMANG MANDALA,-6.1770807,106.8001458
2024,KOTA ADM. JAKARTA BARAT,HLT202400744,REGULER,133010118004,JL. PROF DR LATUMETEN 109 ANGKE KEC TAMBORA KOTA KOTA ADM. JAKARTA BARAT DAERAH KHUSUS IBUKOTA JAKARTA 11330 DEPAN JNE,-6.1436083,106.7938067
2024,KOTA ADM. JAKARTA SELATAN,HLT202400574,REGULER,133010135001,1 JL. TB SIMATUPANG RANCO T B SEBERANG GEDUNG STIAMI JAK,-6.2428573,106.8584467
2024,KOTA ADM. JAKARTA UTARA,HLT202400575,REGULER,133010135001,JL. RAYA CILINCING RT 1 RW 11 KALI BARU KEC CILINCING KOTA JKT UTARA DAERAH KHUSUS IBUKOTA JAKARTA 14110 HALTE TANAH MERDEKA,-6.1761934,106.7920628
2024,KOTA ADM. JAKARTA SELATAN,HLT202400576,REGULER,133010135001,2 JL. TB SIMATUPANG RANCO B T DEPAN YAYASAN SEKOLAH KHAR,-6.206361,106.8032898
2024,KOTA ADM. JAKARTA UTARA,HLT202400577,REGULER,133010135001,JL. RAYA CILINCING RT 1 RW 11 SEMPER BAR KEC CILINCING KOTA JKT UTARA DAERAH KHUSUS IBUKOTA JAKARTA 14130 HALTE PURE DALAM,-6.2430067,106.8439088
2024,KOTA ADM. JAKARTA TIMUR,HLT202400578,REGULER,133010135001,3 JL. RAYA BOGOR U S DEPAN JEMBATAN TIMBANG CIBUBUR DISH,-6.2335967,106.8230487
2024,KOTA ADM. JAKARTA UTARA,HLT202400579,REGULER,133010135001,JL. RAYA CILINCING JAKARTA OUTER RING RD E RT 1 RW 1 LAGOA KOJA NORTH JAKARTA CITY JAKARTA 14270 HALTE PASAR WARU,-6.2182117,106.8094082
2024,KOTA ADM. JAKARTA BARAT,HLT202400580,REGULER,133010118004,1 JL. DAAN MOGOT T B DEKAT JEMBATAN HALTE BUSWAY SUMUR BO,-6.2250095,106.8420789
2024,KOTA ADM. JAKARTA BARAT,HLT202400581,REGULER,133010118004,2 JL. DAAN MOGOT B T DEKAT SUPREME CABLE KALIDERES JAKBAR,-6.1286233,106.7418733
2024,KOTA ADM. JAKARTA UTARA,HLT202400582,REGULER,133010118004,JL. RAYA CILINCING 15 5 RT 1 RW 2 LAGOA KEC KOJA KOTA JKT UTARA DAERAH KHUSUS IBUKOTA JAKARTA 14270 HALTE LAGOA,-6.2376441,106.8278257
2024,KOTA ADM. JAKARTA PUSAT,HLT202400583,REGULER,133010135001,JL. IR H JUANDA 22 RT 1 RW 3 KB KLP KECAMATAN GAMBIR KOTA KOTA ADM. JAKARTA PUSAT DAERAH KHUSUS IBUKOTA JAKARTA 10120 HALTE ANZ BANK,-6.1522449,106.8446058
2024,KOTA ADM. JAKARTA BARAT,HLT202400584,REGULER,133010118004,3 JL. SATU MARET T B DEPAN SMA NEGERI 95 KALIDERES JAKBAR,-6.2326072,106.8214948
2024,KOTA ADM. JAKARTA PUSAT,HLT202400585,REGULER,133010118004,JL. IR H JUANDA 23 29 RW 3 KB KLP KECAMATAN GAMBIR KOTA KOTA ADM. JAKARTA PUSAT DAERAH KHUSUS IBUKOTA JAKARTA 10120 HALTE SANTA MARIA,-6.2266628,106.8179848
2024,KOTA ADM. JAKARTA SELATAN,HLT202400586,REGULER,133010118004,4 JL. TB SIMATUPANG T B DEPAN GEDUNG ACC FINANCE JAKSEL,-6.1579265,106.8419523
2024,KOTA ADM. JAKARTA TIMUR,HLT202400587,REGULER,133010118004,2 JL. PERSAHABATAN UTARA T B DEPAN RSU PERSAHABATAN JAKTI,-6.2452282,106.8754939
2024,KOTA ADM. JAKARTA PUSAT,HLT202400588,REGULER,133010118004,JL. IR H JUANDA 11 3 RT 14 RW 4 KB KLP KECAMATAN GAMBIR KOTA KOTA ADM. JAKARTA PUSAT DAERAH KHUSUS IBUKOTA JAKARTA 10120 HALTE PINTU AIR,-6.2500808,106.8731892
2024,KOTA ADM. JAKARTA PUSAT,HLT202400589,REGULER,133010118004,JL. JUANDA KOTA ADM. JAKARTA PUSAT RT 14 RW 4 KB KLP KECAMATAN GAMBIR KOTA KOTA ADM. JAKARTA PUSAT DAERAH KHUSUS IBUKOTA JAKARTA 10120 HALTE GARUDA,-6.208046,106.8043196
2024,KOTA ADM. JAKARTA TIMUR,HLT202400590,REGULER,133010118004,3 JL. PERINTIS KEMERDEKAAN B T DEPAN HALTE BUSWAY BERNIS,-6.1561695,106.8502108
2024,KOTA ADM. JAKARTA PUSAT,HLT202400591,TRANSJAKARTA,133010135001,JL. IR H JUANDA PS BARU KECAMATAN SAWAH BESAR KOTA KOTA ADM. JAKARTA PUSAT DAERAH KHUSUS IBUKOTA JAKARTA 10710 HALTE MASJID ISTIQLAL,-6.2139487,106.8089887
2024,KOTA ADM. JAKARTA UTARA,HLT202400592,REGULER,133010118004,1 JL. SUNTER JAYA SATU U S DEPAN PT JAYA MAKMUR EKA LESTA,-6.1568435,106.8453597
2024,KOTA ADM. JAKARTA PUSAT,HLT202400593,REGULER,133010118004,JL. KRAMAT BUNDER RW 3 SENEN KEC SENEN KOTA KOTA ADM. JAKARTA PUSAT DAERAH KHUSUS IBUKOTA JAKARTA 10410 HALTE BELAKANG SENEN,-6.1521667,106.8438178
2024,KOTA ADM. JAKARTA SELATAN,HLT202400594,REGULER,133010118004,JL. TB SIMATUPANG RT 3 RW 11 GEDONG KEC PS REBO KOTA KOTA ADM. JAKARTA TIMUR DAERAH KHUSUS IBUKOTA JAKARTA 13760 SAMPING GUDEG JOGJA IBU SANTI,-6.2078088,106.7971859
2024,KOTA ADM. JAKARTA PUSAT,HLT202400595,REGULER,133010118004,JL. GN SAHARI PUSAT JAKARTA RT 2 RW 1 SELATAN GUNUNG SAHARI KEMAYORAN PUSAT JAKARTA CITY JAKARTA 10710 HALTE PASAR BARU,-6.1764402,106.7928221
2024,KOTA ADM. JAKARTA UTARA,HLT202400596,REGULER,133010118004,2 JL. SUNTER AGUNG UTARA S U DEKAT JPO HALTE BUSWAY SMPN,-6.190315,106.7973183
2024,KOTA ADM. JAKARTA UTARA,HLT202400597,REGULER,133010118004,3 JL. DANAU SUNTER BARAT S U DEPAN RUKO GRIYA AGUNG APART,-6.128658,106.7419502
2024,KOTA ADM. JAKARTA PUSAT,HLT202400598,REGULER,133010118004,JL. TERMINAL KP RAMBUTAN NO 30 RT 11 RW 6 RAMBUTAN KEC CIRACAS KOTA KOTA ADM. JAKARTA TIMUR DAERAH KHUSUS IBUKOTA JAKARTA 13830 HALTE BUSWAY TERMINAL KAMPUNG RAMBUTAN,-6.1847834,106.797089
2024,KOTA ADM. JAKARTA UTARA,HLT202400599,REGULER,133010118004,4 JL. YOS SUDARSO U S DEPAN PT PESAKA LOKA KIRANA GUDANG,-6.1757375,106.7921909
2024,KOTA ADM. JAKARTA SELATAN,HLT202400040,REGULER,133010118004,JL. INDUSTRI RAYA KOTA TUA RW 10 DANAU SUNTER DLL KEC PADEMANGAN KOTA KOTA ADM. JAKARTA PUSAT DAERAH KHUSUS IBUKOTA JAKARTA 14410 SEBRANG HERMINA TOWER,-6.2910958,106.8862422
2024,KOTA ADM. JAKARTA PUSAT,HLT202400041,TRANSJAKARTA,133010118004,JL. H R RASUNA SAID MENTENG 10310 KOTA ADM. JAKARTA PUSAT INDONESIA JAKARTA HALTE BUSWAY LATUHARHARI,-6.3082831,106.8739765
2024,KOTA ADM. JAKARTA SELATAN,HLT202400042,REGULER,133010118004,JL. RAJAWALI RAYA 2 4 RT 5 RW 11 HALIM PERDANA KUSUMAH KEC MAKASAR KOTA KOTA ADM. JAKARTA TIMUR DAERAH KHUSUS IBUKOTA JAKARTA 13610 DEPAN RS AU,-6.177403,106.8314108
2024,KOTA ADM. JAKARTA TIMUR,HLT202400043,TRANSJAKARTA,133010118004,JL. ISKANDAR MUDA RT 7 RW 8 KELURAHAN KEBAYORAN LAMA SELATAN KECAMATAN KEBAYORAN LAMA HALTE KODAM,-6.1773367,106.831415
2024,KOTA ADM. JAKARTA TIMUR,HLT202400044,TRANSJAKARTA,133010135001,JL. DI PANJAITAN RT 2 RW 3 CIPINANG BESAR UTARA KECAMATAN JATINEGARA KOTA KOTA ADM. JAKARTA TIMUR DAERAH KHUSUS IBUKOTA JAKARTA 13350 HALTE BUSWAY PEDATI PRUMPUNG,-6.3064172,106.8658828
2024,KOTA ADM. JAKARTA SELATAN,HLT202400045,REGULER,133010135001,JL. BENYAMIN SUAEB RW 5 PADEMANGAN TIM KEC PADEMANGAN KOTA JKT UTARA DAERAH KHUSUS IBUKOTA JAKARTA 14410 HALTE GAMBIR EXPO PINTU 3,-6.2900606,106.881077
2024,KOTA ADM. JAKARTA SELATAN,HLT202400046,REGULER,133010135001,JL. BENYAMIN SUAEB RW 5 PADEMANGAN TIM KEC PADEMANGAN KOTA JKT UTARA DAERAH KHUSUS IBUKOTA JAKARTA 14410 HALTE GAMBIR EXPO PINTU 2,-6.146566,106.8342365
2024,KOTA ADM. JAKARTA PUSAT,HLT202400047,TRANSJAKARTA,133010135001,JL. OTTO ISKANDARDINATA RT 5 RW 12 KP MELAYU KECAMATAN JATINEGARA KOTA KOTA ADM. JAKARTA TIMUR DAERAH KHUSUS IBUKOTA JAKARTA 13330 HALTE BUSWAY CAWANG OTISTA,-6.294605,106.822255
2024,KOTA ADM. JAKARTA TIMUR,HLT202400048,REGULER,133010135001,JL. BENYAMIN SUAEB PADEMANGAN TIM KEC KEMAYORAN KOTA JKT UTARA DAERAH KHUSUS IBUKOTA JAKARTA 14410 HALTE GAMBIR EXPO PARKIR TIMUR,-6.1509167,106.8352781
2024,KOTA ADM. JAKARTA BARAT,HLT202400049,TRANSJAKARTA,133010118004,JL. ST SENEN RW 3 SENEN KEC SENEN KOTA KOTA ADM. JAKARTA PUSAT DAERAH KHUSUS IBUKOTA JAKARTA 10410 DEPAN PS SENEN,-6.2420813,106.8779121
2024,KOTA ADM. JAKARTA TIMUR,HLT202400050,TRANSJAKARTA,133010118004,JL. MATRAMAN RAYA RT 1 RW 6 BALI MESTER JATINEGARA KOTA KOTA ADM. JAKARTA TIMUR 13320 HALTE BUSWAY KEBON PALA,-6.2302784,106.7898618
2024,KOTA ADM. JAKARTA TIMUR,HLT202400051,TRANSJAKARTA,133010118004,JL. MATRAMAN RAYA RT 4 RW 3 PALMERIAM KEC MATRAMAN KOTA KOTA ADM. JAKARTA TIMUR DAERAH KHUSUS IBUKOTA JAKARTA 13150 HALTE BUSWAY SLAMET RIYADI,-6.291339,106.8236137
2024,KOTA ADM. JAKARTA SELATAN,HLT202400052,REGULER,133010118004,JL. BUNGUR BESAR RAYA 9 20 RT 19 RW 3 SENEN KEC SENEN KOTA KOTA ADM. JAKARTA PUSAT DAERAH KHUSUS IBUKOTA JAKARTA 10610 HALTE BANGAU,-6.152582,106.8359711
2024,KOTA ADM. JAKARTA TIMUR,HLT202400053,TRANSJAKARTA,133010118004,JL. MATRAMAN RAYA RT 5 RW 4 PALMERIAM KEC MATRAMAN KOTA KOTA ADM. JAKARTA TIMUR DAERAH KHUSUS IBUKOTA JAKARTA 13150 HALTE BUSWAY TEGALAN,-6.1550131,106.705954
2024,KOTA ADM. JAKARTA SELATAN,HLT202400054,REGULER,133010118004,JL. BUNGUR RAYA 32 RW 1 GN SAHARI SEL KEC KEMAYORAN KOTA KOTA ADM. JAKARTA PUSAT DAERAH KHUSUS IBUKOTA JAKARTA 10610 HALTE RUKO,-6.2197161,106.7785293
2024,KOTA ADM. JAKARTA PUSAT,HLT202400055,TRANSJAKARTA,133010118004,JL. SALEMBA RAYA RT 4 RW 5 PASEBAN SENEN KOTA KOTA ADM. JAKARTA PUSAT DAERAH KHUSUS IBUKOTA JAKARTA 10430 HALTE BUSWAY SALEMBA CAPITOL PARK CAROLUS,-6.1781717,106.8982617
2024,KOTA ADM. JAKARTA SELATAN,HLT202400056,REGULER,133010118004,JL. BENYAMIN SUAEB RW 5 PADEMANGAN TIM KEC PADEMANGAN KOTA JKT UTARA DAERAH KHUSUS IBUKOTA JAKARTA 14410 HALTE GAMBIR EXPO PINTU 2 SEBRANG HALTE BUSWAY JIEXPO,-6.2519119,106.827134
2024,KOTA ADM. JAKARTA PUSAT,HLT202400057,TRANSJAKARTA,133010118004,JL. SALEMBA RAYA RT 1 RW 3 PASEBAN KEC SENEN KOTA KOTA ADM. JAKARTA PUSAT DAERAH KHUSUS IBUKOTA JAKARTA 10430 HALTE BUSWAY SALEMBA UI,-6.2237207,106.7871187
2024,KOTA ADM. JAKARTA SELATAN,HLT202400058,REGULER,133010135001,JL. TOMANG RAYA RT 1 RW 3 JATIPULO KEC PALMERAH KOTA KOTA ADM. JAKARTA BARAT DAERAH KHUSUS IBUKOTA JAKARTA 11440 DEPAN CIMB,-6.1719319,106.8889173
2024,KOTA ADM. JAKARTA PUSAT,HLT202400059,TRANSJAKARTA,133010135001,JL. KRAMAT RAYA RT 1 RW 8 KRAMAT SENEN KOTA KOTA ADM. JAKARTA PUSAT DAERAH KHUSUS IBUKOTA JAKARTA 10430 HALTE BUSWAY KRAMAT SENTIONG,-6.2184845,106.7784641
2024,KOTA ADM. JAKARTA SELATAN,HLT202400060,REGULER,133010135001,JL. GARUDA 33 35 RT 9 RW 4 GN SAHARI SEL KEC KEMAYORAN KOTA KOTA ADM. JAKARTA PUSAT DAERAH KHUSUS IBUKOTA JAKARTA 10610 HALTE MUHAMADIYAH,-6.2634483,106.7663994
2024,KOTA ADM. JAKARTA SELATAN,HLT202400061,TRANSJAKARTA,133010118004,JL. KRAMAT RAYA RT 18 RW 1 PASEBAN KEC SENEN KOTA KOTA ADM. JAKARTA PUSAT DAERAH KHUSUS IBUKOTA JAKARTA BAWAH JPO DEPAN PLAZA KENARI,-6.1719312,106.8887665
2024,KOTA ADM. JAKARTA PUSAT,HLT202400062,TRANSJAKARTA,133010118004,JL. KRAMAT RAYA RT 3 RW 4 KRAMAT SENEN KOTA KOTA ADM. JAKARTA PUSAT 10420 HALTE BUSWAY PAL PUTIH,-6.2530112,106.7712949
2024,KOTA ADM. JAKARTA SELATAN,HLT202400178,REGULER,133010118004,JL. ST SENEN RW 3 SENEN KEC SENEN KOTA KOTA ADM. JAKARTA PUSAT DAERAH KHUSUS IBUKOTA JAKARTA 10410 HALTE GELANGGANG,-6.2116729,106.7833511
2024,KOTA ADM. JAKARTA SELATAN,HLT202400179,REGULER,133010118004,JL. PANGERAN ANTASARI 9 20 RT 13 RW 2 CIPETE SEL KEC CILANDAK KOTA KOTA ADM. JAKARTA SELATAN DAERAH KHUSUS IBUKOTA JAKARTA 12410 HALTE ASEM,-6.1569662,106.8843536
2024,KOTA ADM. JAKARTA SELATAN,HLT202400180,REGULER,133010118004,JL. PROF DR SOEPOMO TEBET BAR KEC TEBET KOTA KOTA ADM. JAKARTA SELATAN DAERAH KHUSUS IBUKOTA JAKARTA 12870 HALTE TAMAN ROSITA,-6.13577,106.7545661
2024,KOTA ADM. JAKARTA PUSAT,HLT202400181,TRANSJAKARTA,133010118004,JL. HAYAM WURUK RT 4 RW 9 MAPHAR KEC TAMAN SARI KOTA KOTA ADM. JAKARTA BARAT DAERAH KHUSUS IBUKOTA JAKARTA 11130 HALTE BUSWAY MANGGA BESAR,-6.1529528,106.8862817
2024,KOTA ADM. JAKARTA BARAT,HLT202400182,TRANSJAKARTA,133010118004,JL. GAJAH MADA RT 4 RW 6 MANGGA BESAR KEC TAMAN SARI KOTA KOTA ADM. JAKARTA BARAT DAERAH KHUSUS IBUKOTA JAKARTA 11130 HALTE BUSWAY OLIMO,-6.1960703,106.8288905
2024,KOTA ADM. JAKARTA SELATAN,HLT202400183,TRANSJAKARTA,133010118004,JL. LAPANGAN BOLA RW 1 KB JERUK KEC KB JERUK KOTA KOTA ADM. JAKARTA BARAT DAERAH KHUSUS IBUKOTA JAKARTA 11530 SEBRANG PRUDENTIAL,-6.1292019,106.8941967
2024,KOTA ADM. JAKARTA BARAT,HLT202400184,TRANSJAKARTA,133010118004,JL. GAJAH MADA RT 1 RW 6 MANGGA BESAR KEC TAMAN SARI KOTA KOTA ADM. JAKARTA BARAT DAERAH KHUSUS IBUKOTA JAKARTA 11120 HALTE BUSWAY GLODOK,-6.2469353,106.8263476
2024,KOTA ADM. JAKARTA SELATAN,HLT202400185,REGULER,133010118004,JL. DR SAHARJO 82 80 RT 13 RW 8 PS MANGGIS KEC TEBET KOTA KOTA ADM. JAKARTA SELATAN DAERAH KHUSUS IBUKOTA JAKARTA 12850 HALTE JL. SAHRJO,-6.1279946,106.8939691
2024,KOTA ADM. JAKARTA SELATAN,HLT202400186,REGULER,133010118004,JL. HOS COKROAMINOTO RT 2 RW 5 MENTENG KEC MENTENG KOTA KOTA ADM. JAKARTA PUSAT DAERAH KHUSUS IBUKOTA JAKARTA 10310 HALTE GEREJA,-6.1912618,106.8295962
2024,KOTA ADM. JAKARTA SELATAN,HLT202400187,REGULER,133010118004,JL. RAYA KBY LAMA RT 3 GROGOL SEL KEC KBY LAMA KOTA KOTA ADM. JAKARTA SELATAN DAERAH KHUSUS IBUKOTA JAKARTA 12220 HALTE CIDODOL,-6.1224075,106.892671
2024,KOTA ADM. JAKARTA PUSAT,HLT202400074,TRANSJAKARTA,133010118004,JL. GUNUNG SAHARI RT 16 RW 3 GN SAHARI UTARA KECAMATAN SAWAH BESAR KOTA KOTA ADM. JAKARTA PUSAT DAERAH KHUSUS IBUKOTA JAKARTA 10720 HALTE JEMBATAN MERAH,-6.1850034,106.8146396
2024,KOTA ADM. JAKARTA SELATAN,HLT202400075,REGULER,133010118004,JL. KWINI II KECAMATAN SAWAH BESAR KOTA KOTA ADM. JAKARTA PUSAT DAERAH KHUSUS IBUKOTA JAKARTA 10710 DEPAN RUMAH DUKA SENTOSA,-6.2217319,106.8858365
2024,KOTA ADM. JAKARTA UTARA,HLT202400076,TRANSJAKARTA,133010118004,PANTAI INDAH RW 10 ANCOL KEC PADEMANGAN KOTA JKT UTARA DAERAH KHUSUS IBUKOTA JAKARTA 14430 HALTE BUSWAY TAMAN IMPIAN JAYA ANCOL,-6.2240993,106.8062231
2024,KOTA ADM. JAKARTA SELATAN,HLT202400077,TRANSJAKARTA,133010135001,JL. MERDEKA SELATAN KOTA ADM. JAKARTA PUSAT RT 11 RW 2 GAMBIR KECAMATAN GAMBIR KOTA KOTA ADM. JAKARTA PUSAT DAERAH KHUSUS IBUKOTA JAKARTA 10110 DEPAN GTO GAMBIR,-6.2266174,106.8810959
2024,KOTA ADM. JAKARTA SELATAN,HLT202400078,TRANSJAKARTA,133010118004,JL. SACO RAGUNAN KEC PS MINGGU KOTA KOTA ADM. JAKARTA SELATAN DAERAH KHUSUS IBUKOTA JAKARTA 12550 HALTE BUSWAY KEBUN BINATANG RAGUNAN,-6.1623284,106.8816727
2024,KOTA ADM. JAKARTA SELATAN,HLT202400079,REGULER,133010118004,JL. PANGERAN DIPONEGORO MENTENG KEC MENTENG KOTA KOTA ADM. JAKARTA PUSAT DAERAH KHUSUS IBUKOTA JAKARTA HALTE GEDUNG WANITA,-6.2840023,106.780306
2024,KOTA ADM. JAKARTA PUSAT,HLT202400080,TRANSJAKARTA,133010118004,JL. MATRAMAN RAYA PALMERIAM KEC MATRAMAN KOTA KOTA ADM. JAKARTA TIMUR DAERAH KHUSUS IBUKOTA JAKARTA HALTE BUSWAY MATRAMAN 1,-6.2136644,106.8019712
2024,KOTA ADM. JAKARTA SELATAN,HLT202400081,REGULER,133010135001,JL. PEMUDA 2 RT 2 RW 7 RAWAMANGUN KEC PULO GADUNG KOTA KOTA ADM. JAKARTA TIMUR DAERAH KHUSUS IBUKOTA JAKARTA 13220 DEPAN ARION MALL,-6.2572175,106.7774645
2024,KOTA ADM. JAKARTA TIMUR,HLT202400082,TRANSJAKARTA,133010135001,FLYOVER PRAMUKA RT 1 RW 1 PALMERIAM KEC MATRAMAN KOTA KOTA ADM. JAKARTA TIMUR DAERAH KHUSUS IBUKOTA JAKARTA 10440 HALTE BUSWAY MATRAMAN 2,-6.2195494,106.9233135
2024,KOTA ADM. JAKARTA SELATAN,HLT202400083,TRANSJAKARTA,133010118004,JL. DANAU SUNTER UTARA RT 1 RW 10 SUNTER AGUNG TJ PRIOK KOTA JKT UTARA DAERAH KHUSUS IBUKOTA JAKARTA 14350 HALTE BUS SEKOLAH,-6.2054427,106.8222103
2024,KOTA ADM. JAKARTA PUSAT,HLT202400084,REGULER,133010118004,JL. KRAPU 12 RT 1 RW 8 ANCOL KEC PADEMANGAN KOTA JKT UTARA DAERAH KHUSUS IBUKOTA JAKARTA 14430 DEPAN POMPA AIR PASAR IKAN,-6.2221733,106.9231883
2024,KOTA ADM. JAKARTA PUSAT,HLT202400085,TRANSJAKARTA,133010118004,JALAN PRAMUKA RAYA RT 7 RW 2 RAWASARI KEC CEMP PUTIH KOTA KOTA ADM. JAKARTA PUSAT DAERAH KHUSUS IBUKOTA JAKARTA 10570 HALTE BUSWAY PASAR GENJING,-6.2730121,106.8086789
2024,KOTA ADM. JAKARTA TIMUR,HLT202400086,REGULER,133010118004,JL. JEND AHMAD YANI RT 15 RW 7 CEMP PUTIH TIM KEC CEMP PUTIH KOTA KOTA ADM. JAKARTA PUSAT DAERAH KHUSUS IBUKOTA JAKARTA 10510 HALTE BUSWAY KAYU PUTIH RAWASARI,-6.2178543,106.9366854
2024,KOTA ADM. JAKARTA TIMUR,HLT202400087,TRANSJAKARTA,133010135001,JL. RAYA JAKARTA BOGOR RT 3 RW 7 KELURAHAN KAMPUNG TENGAH KECAMATAN KRAMAT JATI HALTE PASAR INDUK,-6.1879682,106.8231952
2024,KOTA ADM. JAKARTA UTARA,HLT202400088,REGULER,133010135001,JL. KRAMAT JAYA SEBERANG SWALAYAN RAMANYANA,-6.1838741,106.8228737
2024,KOTA ADM. JAKARTA TIMUR,HLT202400089,TRANSJAKARTA,133010118004,JL. UTAN KAYU RAYA NO 109B RW 10 UTAN KAYU UTARA KEC MATRAMAN KOTA KOTA ADM. JAKARTA TIMUR DAERAH KHUSUS IBUKOTA JAKARTA 13120 HALTE BUSWAY UTAN KAYU RAWAMANGUN,-6.2173691,106.9338228
2024,KOTA ADM. JAKARTA PUSAT,HLT202400090,REGULER,133010118004,JL. PEMUDA RT 2 RW 7 RAWAMANGUN KEC PULO GADUNG KOTA KOTA ADM. JAKARTA TIMUR DAERAH KHUSUS IBUKOTA JAKARTA 13220 HALTE BALAI PUSTAKA,-6.1984712,106.8230634
2024,KOTA ADM. JAKARTA PUSAT,HLT202400091,TRANSJAKARTA,133010118004,JL. PRAMUKA RT 6 RW 8 UTAN KAYU UTARA KEC MATRAMAN KOTA KOTA ADM. JAKARTA TIMUR DAERAH KHUSUS IBUKOTA JAKARTA 13120 HALTE BUSWAY PRAMUKA LIA,-6.1827628,106.9160447
2024,KOTA ADM. JAKARTA SELATAN,HLT202400092,TRANSJAKARTA,133010118004,JL. DI PANJAITAN RT 1 RW 3 CIPINANG CEMPEDAK JATINEGARA EAST JAKARTA CITY JAKARTA HALTE PENAS KALIMALANG,-6.1760574,106.8229092
2024,KOTA ADM. JAKARTA PUSAT,HLT202400093,TRANSJAKARTA,133010118004,JL. PRAMUKA RT 14 RW 8 RAWASARI KEC CEMP PUTIH KOTA KOTA ADM. JAKARTA PUSAT DAERAH KHUSUS IBUKOTA JAKARTA 13120 HALTE BUSWAY PRAMUKA BPKP,-6.2036064,106.7571266
2024,KOTA ADM. JAKARTA SELATAN,HLT202400094,REGULER,133010118004,JL. GARUDA RT 7 RW 4 GN SAHARI SEL KEC KEMAYORAN KOTA KOTA ADM. JAKARTA PUSAT DAERAH KHUSUS IBUKOTA JAKARTA 10610 HALTE REL KA,-6.1681994,106.8253784
2024,KOTA ADM. JAKARTA PUSAT,HLT202400095,TRANSJAKARTA,133010135001,JL. BUNGUR RAYA RT 7 RW 1 KEMAYORAN KEC KEMAYORAN KOTA KOTA ADM. JAKARTA PUSAT DAERAH KHUSUS IBUKOTA JAKARTA HALTE IBIS,-6.1683444,106.8200411
2024,KOTA ADM. JAKARTA TIMUR,HLT202400096,TRANSJAKARTA,133010135001,JL. PEMUDA RT 13 RW 2 RAWAMANGUN KEC PULO GADUNG KOTA KOTA ADM. JAKARTA TIMUR DAERAH KHUSUS IBUKOTA JAKARTA 13220 HALTE BUSWAY UNJ,-6.1672865,106.819895
2024,KOTA ADM. JAKARTA TIMUR,HLT202400097,REGULER,133010118004,JL. JEND AHMAD YANI RT 8 RW 15 PISANGAN BARU KEC MATRAMAN KOTA KOTA ADM. JAKARTA TIMUR DAERAH KHUSUS IBUKOTA JAKARTA 13110 SEBELUM GERBANG TOL JATINEGARA,-6.1379476,106.7297146
2024,KOTA ADM. JAKARTA TIMUR,HLT202400098,TRANSJAKARTA,133010118004,JL. PEMUDA RT 9 RW 3 RAWAMANGUN KEC PULO GADUNG KOTA KOTA ADM. JAKARTA TIMUR DAERAH KHUSUS IBUKOTA JAKARTA 13220 HALTE BUSWAY SUNAN GIRI,-6.1535797,106.7256647
2024,KOTA ADM. JAKARTA PUSAT,HLT202400099,REGULER,133010118004,JL. PRAMUKA RT 3 RW 2 RAWASARI CEMPAKA PUTIH CENTRAL JAKARTA CITY JAKARTA SAMPING CHANDRA KARYA,-6.1700777,106.8172757
2024,KOTA ADM. JAKARTA PUSAT,HLT202400100,TRANSJAKARTA,133010118004,JL. PEMUDA RT 8 RW 5 RAWAMANGUN KEC PULO GADUNG KOTA KOTA ADM. JAKARTA TIMUR DAERAH KHUSUS IBUKOTA JAKARTA 13220 HALTE BUSWAY VELODROME,-6.178838,106.8229726
2024,KOTA ADM. JAKARTA TIMUR,HLT202400101,TRANSJAKARTA,133010118004,JL. PEMUDA RT 3 RW 1 JATI KEC PULO GADUNG KOTA KOTA ADM. JAKARTA TIMUR DAERAH KHUSUS IBUKOTA JAKARTA 13220 HALTE BUSWAY PEMUDA RAWAMANGUN,-6.261563,106.7821317
2024,KOTA ADM. JAKARTA PUSAT,HLT202400102,REGULER,133010118004,JL. TB SIMATUPANG RT 1 RW 5 RAGUNAN KEC PS MINGGU KOTA KOTA ADM. JAKARTA SELATAN DAERAH KHUSUS IBUKOTA JAKARTA 12550 HALTE RSUD PASAR MINGGU,-6.205528,106.9480215
2024,KOTA ADM. JAKARTA TIMUR,HLT202400103,TRANSJAKARTA,133010118004,JL. PEMUDA NO 2 JATINEGARA KAUM KEC PULO GADUNG KOTA KOTA ADM. JAKARTA TIMUR DAERAH KHUSUS IBUKOTA JAKARTA 13250 HALTE TU GAS,-6.1829363,106.8130677
2024,KOTA ADM. JAKARTA TIMUR,HLT202400104,REGULER,133010118004,JL. RAYA KALIMALANG 77 RT 10 RW 8 PD KLP KEC DUREN SAWIT KOTA KOTA ADM. JAKARTA TIMUR DAERAH KHUSUS IBUKOTA JAKARTA 13450 HALTE KAPIN,-6.2123633,106.9439817
2024,KOTA ADM. JAKARTA PUSAT,HLT202400105,TRANSJAKARTA,133010118004,JL. RAYA BEKASI RW TERATE KEC CAKUNG KOTA KOTA ADM. JAKARTA TIMUR DAERAH KHUSUS IBUKOTA JAKARTA HALTE BUSWAY PASAR PULOGADUNG,-6.200266,106.8375841
2024,KOTA ADM. JAKARTA TIMUR,HLT202400106,REGULER,133010118004,JL. RAYA KALIMALANG 23 RT 4 RW 10 PD KLP KEC DUREN SAWIT KOTA KOTA ADM. JAKARTA TIMUR DAERAH KHUSUS IBUKOTA JAKARTA 13450 HALTE CURUG,-6.1964351,106.7688545
2024,KOTA ADM. JAKARTA TIMUR,HLT202400107,TRANSJAKARTA,133010118004,JL. JATINEGARA TIMUR NO 105 BALI MESTER KECAMATAN JATINEGARA KOTA KOTA ADM. JAKARTA TIMUR DAERAH KHUSUS IBUKOTA JAKARTA 13310 HALTE KAMPUNG MELAYU,-6.2074766,106.8291726
2024,KOTA ADM. JAKARTA TIMUR,HLT202400108,REGULER,133010118004,JL. IKPN BINTARO RT 10 RW 10 BINTARO KEC PESANGGRAHAN KOTA KOTA ADM. JAKARTA SELATAN DAERAH KHUSUS IBUKOTA JAKARTA 12330 HALTE VETERAN,-6.1819135,106.8331295
2024,KOTA ADM. JAKARTA TIMUR,HLT202400109,TRANSJAKARTA,133010118004,JL. JEND AHMAD YANI RT 6 RW 11 KAYU PUTIH KOTA KOTA ADM. JAKARTA TIMUR 10510 HALTE BUSWAY PULOMAS BYPASS,-6.187011,106.7683205
2024,KOTA ADM. JAKARTA BARAT,HLT202400110,TRANSJAKARTA,133010118004,JL. NASIONAL 12 KOTA ADM. JAKARTA SELATAN RT 6 RW 7 PD PINANG KEC KBY LAMA KOTA KOTA ADM. JAKARTA SELATAN DAERAH KHUSUS IBUKOTA JAKARTA 12310 HALTE SELAPA,-6.1857823,106.768414
2024,KOTA ADM. JAKARTA UTARA,HLT202400111,TRANSJAKARTA,133010118004,JL. GUNUNG SAHARI RT 1 RW 13 PADEMANGAN BAR KEC PADEMANGAN KOTA JKT UTARA DAERAH KHUSUS IBUKOTA JAKARTA 14420 HALTE BUSWAY PADEMANGAN,-6.178761,106.8316796
2024,KOTA ADM. JAKARTA TIMUR,HLT202400112,REGULER,133010118004,JL. H R RASUNA SAID RT 1 RW 6 GUNTUR KECAMATAN SETIABUDI KOTA KOTA ADM. JAKARTA SELATAN DAERAH KHUSUS IBUKOTA JAKARTA 12910 HALTE GEMBIRA,-6.1270889,106.7389471
2024,KOTA ADM. JAKARTA TIMUR,HLT202400113,TRANSJAKARTA,133010118004,JL. JATINEGARA TIM BALI MESTER KECAMATAN JATINEGARA KOTA KOTA ADM. JAKARTA TIMUR JAWA TIMUR 13310 HALTE BUSWAY PASAR JATINEGARA,-6.1722526,106.8310128
2024,KOTA ADM. JAKARTA TIMUR,HLT202400114,TRANSJAKARTA,133010118004,JL. PERINTIS KEMERDEKAAN NO 15 PULO GADUNG KEC CEMP PUTIH KOTA KOTA ADM. JAKARTA TIMUR DAERAH KHUSUS IBUKOTA JAKARTA 13260 HALTE CEMPAKA MAS 2,-6.1726783,106.83081
2024,KOTA ADM. JAKARTA BARAT,HLT202400115,TRANSJAKARTA,133010118004,JL. SUMUR BOR NO 15 RW 2 CENGKARENG BAR KECAMATAN CENGKARENG KOTA KOTA ADM. JAKARTA BARAT DAERAH KHUSUS IBUKOTA JAKARTA 11730 HALTE BUSWAY SUMUR BOR,-6.1296791,106.744264
2024,KOTA ADM. JAKARTA TIMUR,HLT202400116,REGULER,133010118004,JL. TB SIMATUPANG RT 5 RW 9 PS MINGGU KEC PS MINGGU KOTA KOTA ADM. JAKARTA SELATAN DAERAH KHUSUS IBUKOTA JAKARTA 12520 BAWAH JPO DEPAN RUMAH POMAPA,-6.1728321,106.8303404
2024,KOTA ADM. JAKARTA BARAT,HLT202400117,TRANSJAKARTA,133010118004,JALAN AA RW 2 CENGKARENG BARAT CENGKARENG KOTA KOTA ADM. JAKARTA BARAT 11730 HALTE BUSWAY RAWA BUAYA,-6.2192887,106.729577
2024,KOTA ADM. JAKARTA TIMUR,HLT202400118,REGULER,133010118004,JL. GATOT SUBROTO RT 1 RW 3 GELORA KECAMATAN TANAH ABANG KOTA KOTA ADM. JAKARTA PUSAT DAERAH KHUSUS IBUKOTA JAKARTA 10270 DEKAT JPO SEBRANG DPR,-6.1757455,106.8311534
2024,KOTA ADM. JAKARTA BARAT,HLT202400119,TRANSJAKARTA,133010118004,HALTE BUSWAY JL. DAAN MOGOT RT 6 RW 1 TIM CENGKARENG TIM KECAMATAN CENGKARENG 11730 HALTE BUSWAY JEMBATAN BARU,-6.2204492,106.7229983
2024,KOTA ADM. JAKARTA TIMUR,HLT202400120,REGULER,133010118004,JL. GATOT SUBROTO RT 1 RW 3 GELORA KECAMATAN TANAH ABANG KOTA KOTA ADM. JAKARTA PUSAT DAERAH KHUSUS IBUKOTA JAKARTA 10270 DEKAT JPO SEBRANG DPR,-6.1552985,106.8183644
2024,KOTA ADM. JAKARTA PUSAT,HLT202400121,TRANSJAKARTA,133010118004,JL. DAAN MOGOT CENGKARENG TIM KECAMATAN CENGKARENG KOTA KOTA ADM. JAKARTA BARAT DAERAH KHUSUS IBUKOTA JAKARTA HALTE BUSWAY DISPENDA,-6.1820065,106.8331325
2024,KOTA ADM. JAKARTA TIMUR,HLT202400122,REGULER,133010118004,JL. PROKLAMASI 49 RT 11 RW 2 PEGANGSAAN KEC MENTENG KOTA KOTA ADM. JAKARTA PUSAT DAERAH KHUSUS IBUKOTA JAKARTA 10320 DEPAN MUI,-6.197967,106.7588944
2024,KOTA ADM. JAKARTA BARAT,HLT202400123,TRANSJAKARTA,133010118004,JEMBATAN GANTUNG RT 1 RW 4 KEDAUNG KALI ANGKE CENGKARENG KOTA KOTA ADM. JAKARTA BARAT DAERAH KHUSUS IBUKOTA JAKARTA 11710,-6.2351046,106.8679477
2024,KOTA ADM. JAKARTA TIMUR,HLT202400124,TRANSJAKARTA,133010118004,JL. HR RASUNA SAID SISI TIMUR KOTA ADM. JAKARTA SELATAN RT 5 RW 5 KUNINGAN KARET KECAMATAN SETIABUDI KOTA KOTA ADM. JAKARTA SELATAN DAERAH KHUSUS IBUKOTA JAKARTA 12920 HALTE JASA RAHARJA,-6.1555245,106.8183769
2024,KOTA ADM. JAKARTA BARAT,HLT202400125,TRANSJAKARTA,133010118004,JL. TAMAN KOTA KEDAUNG KALI ANGKE KECAMATAN CENGKARENG KOTA KOTA ADM. JAKARTA BARAT DAERAH KHUSUS IBUKOTA JAKARTA HALTE BUSWAY TAMAN KOTA,-6.2090915,106.8302784
2024,KOTA ADM. JAKARTA TIMUR,HLT202400126,REGULER,133010118004,JL. MAMPANG PRPT RAYA RW 1 TEGAL PARANG KEC MAMPANG PRPT KOTA KOTA ADM. JAKARTA SELATAN DAERAH KHUSUS IBUKOTA JAKARTA 12790 HALTE MAMPANG 10,-6.1725054,106.7884541
2024,KOTA ADM. JAKARTA BARAT,HLT202400127,TRANSJAKARTA,133010118004,JL. RAYA DAAN MOGOT NO 4 RW 5 DURI KEPA KEC KB JERUK KOTA KOTA ADM. JAKARTA BARAT DAERAH KHUSUS IBUKOTA JAKARTA 11510 HALTE BUSWAY INDOSIAR,-6.1531776,106.8174191
2024,KOTA ADM. JAKARTA TIMUR,HLT202400128,TRANSJAKARTA,133010118004,JL. HR RASUNA SAID SISI TIMUR KOTA ADM. JAKARTA SELATAN RT 16 RW 4 KUNINGAN KARET KUNINGAN KECAMATAN SETIABUDI KOTA KOTA ADM. JAKARTA SELATAN DAERAH KHUSUS IBUKOTA JAKARTA 12940 HALTE PEDURENAN,-6.1668617,106.7870983
2024,KOTA ADM. JAKARTA PUSAT,HLT202400129,TRANSJAKARTA,133010118004,JL. DAAN MOGOT RT 8 RW 4 TJ DUREN UTARA KEC GROGOL PETAMBURAN KOTA KOTA ADM. JAKARTA BARAT DAERAH KHUSUS IBUKOTA JAKARTA 11470 HALTE BUSWAY JELAMBAR,-6.1697885,106.8400973
2024,KOTA ADM. JAKARTA PUSAT,HLT202400130,TRANSJAKARTA,133010118004,JL. JEND SUDIRMAN 35 55 RT 5 RW 3 SENAYAN KEC KBY BARU KOTA KOTA ADM. JAKARTA SELATAN DAERAH KHUSUS IBUKOTA JAKARTA 10270 DEPAN GRAHA CIMB,-6.1853911,106.7545345
2024,KOTA ADM. JAKARTA SELATAN,HLT202400131,REGULER,133010118004,JL. RC VETERAN RAYA 2 6 RT 4 RW 11 BINTARO KEC PESANGGRAHAN KOTA KOTA ADM. JAKARTA SELATAN DAERAH KHUSUS IBUKOTA JAKARTA 12330 HALTE CEMPAKA,-6.2063325,106.796395
2024,KOTA ADM. JAKARTA PUSAT,HLT202400154,TRANSJAKARTA,133010118004,JL. H IMAM SAPIE 039 IE NO 46 RW 2 SENEN KEC SENEN KOTA KOTA ADM. JAKARTA PUSAT DAERAH KHUSUS IBUKOTA JAKARTA 10410 HALTE BUSWAY ATRIUM,-6.1668183,106.7870883
2024,KOTA ADM. JAKARTA SELATAN,HLT202400155,REGULER,133010118004,PENGGILINGAN CAKUNG EAST JAKARTA CITY JAKARTA DEPAN SMP PGRI 2,-6.1856473,106.8358646
2024,KOTA ADM. JAKARTA PUSAT,HLT202400156,TRANSJAKARTA,133010118004,JL. KWINI NO 2 RT 6 RW 1 SENEN KEC SENEN KOTA KOTA ADM. JAKARTA PUSAT DAERAH KHUSUS IBUKOTA JAKARTA 10410 HALTE BUSWAY RSPAD,-6.1625456,106.7893453
2024,KOTA ADM. JAKARTA PUSAT,HLT202400157,TRANSJAKARTA,133010118004,JL. ABDUL RAHMAN SALEH RAYA RT 9 RW 5 SENEN KECAMATAN SAWAH BESAR KOTA KOTA ADM. JAKARTA PUSAT DAERAH KHUSUS IBUKOTA JAKARTA 10410 HALTE BUSWAY DEPARTEMEN LUAR NEGERI,-6.1850296,106.8356896
2024,KOTA ADM. JAKARTA SELATAN,HLT202400158,REGULER,133010118004,JL. LETJEND SUPRAPTO RT 7 RW 4 TANAH TINGGI KEC JOHAR BARU KOTA KOTA ADM. JAKARTA PUSAT DAERAH KHUSUS IBUKOTA JAKARTA HALTE HONDA,-6.1297766,106.7922127
2024,KOTA ADM. JAKARTA PUSAT,HLT202400159,TRANSJAKARTA,133010118004,JL. MEDAN MERDEKA TIMUR RT 5 RW 2 GAMBIR KECAMATAN GAMBIR KOTA KOTA ADM. JAKARTA PUSAT DAERAH KHUSUS IBUKOTA JAKARTA 10110 HALTE BUSWAY GAMBIR 1,-6.178815,106.8340717
2024,KOTA ADM. JAKARTA PUSAT,HLT202400160,TRANSJAKARTA,133010118004,JL. PERWIRA GAMBIR KECAMATAN GAMBIR KOTA KOTA ADM. JAKARTA PUSAT DAERAH KHUSUS IBUKOTA JAKARTA 10110 HALTE BUSWAY ISTIQLAL,-6.3392141,106.8688926
2024,KOTA ADM. JAKARTA SELATAN,HLT202400161,REGULER,133010118004,JL. GUNAWARMAN 4 RT 4 RW 2 SELONG KEC KBY BARU KOTA KOTA ADM. JAKARTA SELATAN DAERAH KHUSUS IBUKOTA JAKARTA 12110 HALTE GUNAWARMAN,-6.193845,106.8489868
2024,KOTA ADM. JAKARTA PUSAT,HLT202400162,TRANSJAKARTA,133010118004,JL. IR H JUANDA I B NO 2 KB KLP KECAMATAN GAMBIR KOTA KOTA ADM. JAKARTA PUSAT DAERAH KHUSUS IBUKOTA JAKARTA 10120 HALTE BUSWAY JUANDA,-6.1333252,106.7924549
2024,KOTA ADM. JAKARTA SELATAN,HLT202400163,REGULER,133010118004,JL. GUNAWARMAN 4 RT 4 RW 2 SELONG KEC KBY BARU KOTA KOTA ADM. JAKARTA SELATAN DAERAH KHUSUS IBUKOTA JAKARTA 12110 HALTE GUNAWARMAN,-6.1988602,106.7815989
2024,KOTA ADM. JAKARTA SELATAN,HLT202400164,REGULER,133010118004,JL. PRAPANCA RAYA 9 RT 1 RW 1 PETOGOGAN KEC KBY BARU KOTA KOTA ADM. JAKARTA SELATAN DAERAH KHUSUS IBUKOTA JAKARTA 12170 HALTE SAMPING WALIKOTA JAKSEL,-6.1789931,106.8316532
2024,KOTA ADM. JAKARTA TIMUR,HLT202400006,TRANSJAKARTA,133010118004,JL. MAYJEN SUTOYO CILILITAN KEC KRAMAT JATI KOTA KOTA ADM. JAKARTA TIMUR DAERAH KHUSUS IBUKOTA JAKARTA HALTE BUSWAY BKN,-6.2205437,106.8682371
2024,KOTA ADM. JAKARTA PUSAT,HLT202400007,REGULER,133010135001,JL. M H THAMRIN 11 RT 8 RW 4 GONDANGDIA KEC MENTENG KOTA KOTA ADM. JAKARTA PUSAT DAERAH KHUSUS IBUKOTA JAKARTA 10350 DEPAN KFC SARINAH 2,-6.1788517,106.8316761
2024,KOTA ADM. JAKARTA BARAT,HLT202400008,REGULER,133010135001,JL. LETJEN S PARMAN RT 12 RW 1 TOMANG KEC GROGOL PETAMBURAN KOTA KOTA ADM. JAKARTA BARAT DAERAH KHUSUS IBUKOTA JAKARTA 11440 DEPAN TRANSMART,-6.2976837,106.8295958
2024,KOTA ADM. JAKARTA SELATAN,HLT202400009,TRANSJAKARTA,133010118004,JL. JEND SUDIRMAN 36 RT 14 RW 1 BEND HILIR KECAMATAN TANAH ABANG KOTA KOTA ADM. JAKARTA PUSAT DAERAH KHUSUS IBUKOTA JAKARTA 10250 DEKAT GEDUNG BRI,-6.1817903,106.8329457
2024,KOTA ADM. JAKARTA TIMUR,HLT202400010,REGULER,133010118004,JL. GATOT SUBROTO RT 9 RW 2 BEND HILIR KECAMATAN TANAH ABANG KOTA KOTA ADM. JAKARTA PUSAT DAERAH KHUSUS IBUKOTA JAKARTA 10210 DEPAN KANTOR PERHUBUNGAN,-6.1626922,106.7732508
2024,KOTA ADM. JAKARTA TIMUR,HLT202400011,TRANSJAKARTA,133010118004,JL. OTISTA RAYA RT 13 RW 8 KP MELAYU KECAMATAN JATINEGARA KOTA KOTA ADM. JAKARTA TIMUR DAERAH KHUSUS IBUKOTA JAKARTA 13330 HALTE BUSWAY GELANGGANG REMAJA,-6.1543483,106.7063633
2024,KOTA ADM. JAKARTA TIMUR,HLT202400012,TRANSJAKARTA,133010118004,KP MELAYU KECAMATAN JATINEGARA KOTA KOTA ADM. JAKARTA TIMUR DAERAH KHUSUS IBUKOTA JAKARTA HALTE BUSWAY BIDARA CINA,-6.157259,106.757709
2024,KOTA ADM. JAKARTA TIMUR,HLT202400013,REGULER,133010118004,JL. PALMERAH UTARA 49 55 RT 1 RW 1 PALMERAH KEC PALMERAH KOTA KOTA ADM. JAKARTA BARAT DAERAH KHUSUS IBUKOTA JAKARTA 11480 DEPAN HAJADI,-6.1549,106.7335798
2024,KOTA ADM. JAKARTA TIMUR,HLT202400014,REGULER,133010118004,JL. MATRAMAN RAYA RT 5 RW 9 PALMERIAM KEC MATRAMAN KOTA KOTA ADM. JAKARTA TIMUR DAERAH KHUSUS IBUKOTA JAKARTA 13150 HALTE GANG KELOR,-6.1789293,106.8310932
2024,KOTA ADM. JAKARTA TIMUR,HLT202400015,TRANSJAKARTA,133010118004,JL. RAYA PD GEDE NO 18C RT 1 RW 1 PINANG RANTI KEC MAKASAR KOTA KOTA ADM. JAKARTA TIMUR DAERAH KHUSUS IBUKOTA JAKARTA 13560 HALTE BUSWAY PINANG RANTI,-6.1572633,106.75769
2024,KOTA ADM. JAKARTA PUSAT,HLT202400016,TRANSJAKARTA,133010118004,JL. LKR LUAR SEL RT 7 RW 5 RAMBUTAN KEC CIRACAS KOTA KOTA ADM. JAKARTA TIMUR DAERAH KHUSUS IBUKOTA JAKARTA 13830 HALTE BUSWAY TANAH MERDEKA,-6.1742485,106.8574095
2024,KOTA ADM. JAKARTA SELATAN,HLT202400017,TRANSJAKARTA,133010118004,JL. MEDAN MERDEKA TIM 10 13 RW 1 GAMBIR KECAMATAN GAMBIR KOTA KOTA ADM. JAKARTA PUSAT DAERAH KHUSUS IBUKOTA JAKARTA 10110 SAMPING GEREJA EMANUEL,-6.1590396,106.7627616
2024,KOTA ADM. JAKARTA UTARA,HLT202400200,TRANSJAKARTA,133010118004,JL. LETJEN SUPRAPTO KOTA ADM. JAKARTA PUSAT RW 8 SUMUR BATU KEC KEMAYORAN DAERAH KHUSUS IBUKOTA JAKARTA 10640 HALTE BUSWAY CEMPAKA TIMUR,-6.3323125,106.8672979
2024,KOTA ADM. JAKARTA PUSAT,HLT202400201,TRANSJAKARTA,133010118004,JL. LETJEND SUPRAPTO RT 16 RW 5 CEMPAKA BARU KEMAYORAN KOTA KOTA ADM. JAKARTA PUSAT DAERAH KHUSUS IBUKOTA JAKARTA 10640 HALTE BUSWAY RS ISLAM,-6.1810474,106.826404
2024,KOTA ADM. JAKARTA SELATAN,HLT202400202,REGULER,133010118004,JL. BUDI RAYA NO 2 RT 1 RT 1 RW 9 KEMANGGISAN KEC PALMERAH KOTA KOTA ADM. JAKARTA BARAT DAERAH KHUSUS IBUKOTA JAKARTA 11530 DEPAN DNR,-6.2399464,106.7965495
2024,KOTA ADM. JAKARTA SELATAN,HLT202400203,REGULER,133010118004,JL. PALMERAH BARAT RT 6 RW 14 PALMERAH KEC PALMERAH KOTA KOTA ADM. JAKARTA BARAT DAERAH KHUSUS IBUKOTA JAKARTA 12210 HALTE SD PAL MERAH,-6.2292127,106.8181785
2024,KOTA ADM. JAKARTA PUSAT,HLT202400204,TRANSJAKARTA,133010135001,JL. LET JEND SUPRAPTO CEMPAKA BARU 10640 KOTA ADM. JAKARTA PUSAT INDONESIA JAKARTA HALTE BUSWAY CEMPAKA TENGAH,-6.2255081,106.816832
2024,KOTA ADM. JAKARTA SELATAN,HLT202400205,TRANSJAKARTA,133010135001,JL. KRAMAT RAYA 5 9 RT 4 RW 2 KRAMAT KEC SENEN KOTA KOTA ADM. JAKARTA PUSAT DAERAH KHUSUS IBUKOTA JAKARTA 10420 HALTE SIMPANG LIMA,-6.2181305,106.7786642
2024,KOTA ADM. JAKARTA PUSAT,HLT202400206,TRANSJAKARTA,133010135001,JL. LETJEND SUPRAPTO RT 17 RW 3 CEMP BARU KEC KEMAYORAN KOTA KOTA ADM. JAKARTA PUSAT DAERAH KHUSUS IBUKOTA JAKARTA 10640 HALTE BUSWAY PASAR CEMPAKA PUTIH,-6.2147289,106.7776223
2024,KOTA ADM. JAKARTA SELATAN,HLT202400207,REGULER,133010135001,JL. I GUSTI NGURAH RAI RT 10 RW 13 KLENDER KEC CAKUNG KOTA KOTA ADM. JAKARTA TIMUR DAERAH KHUSUS IBUKOTA JAKARTA 13470 HALTE PPP,-6.2257015,106.815831
2024,KOTA ADM. JAKARTA SELATAN,HLT202400208,TRANSJAKARTA,133010135001,MASJID FALATEHAN NO 1011 JL. FALATEHAN I NO 10 MELAWAI KEC KBY BARU KOTA KOTA ADM. JAKARTA SELATAN DAERAH KHUSUS IBUKOTA JAKARTA 12160 HALTE BUSWAY BLOK M,-6.2221187,106.8152767
2024,KOTA ADM. JAKARTA SELATAN,HLT202400209,TRANSJAKARTA,133010118004,JL. SISINGAMANGARAJA NO 21 31 RW 4 SELONG KEC KBY BARU KOTA KOTA ADM. JAKARTA SELATAN DAERAH KHUSUS IBUKOTA JAKARTA 12120 HALTE BUSWAY MASJID AGUNG AL AZHAR,-6.2118404,106.7835166
2024,KOTA ADM. JAKARTA BARAT,HLT202400324,REGULER,133010118004,DAAN MOGOT RD RT 1 RW 1 KALIDERES WEST JAKARTA CITY JAKARTA 11840 HALTE BUS SEKOLAH,-6.2287417,106.8184233
2024,KOTA ADM. JAKARTA BARAT,HLT202400325,REGULER,133010118004,JL. JEND GATOT SOEBROTO KOTA ADM. JAKARTA SELATAN RT 8 RW 2 KARET SEMANGGI KECAMATAN SETIABUDI KOTA KOTA ADM. JAKARTA SELATAN DAERAH KHUSUS IBUKOTA JAKARTA 12930 BAWAH JPO BUSWAY LIPI,-6.1996044,106.7824432
2024,KOTA ADM. JAKARTA UTARA,HLT202400326,REGULER,133010135001,JL. YOS SUDARSO RT 10 RW 11 SUNTER JAYA TJ PRIOK KOTA JKT UTARA DAERAH KHUSUS IBUKOTA JAKARTA 14360 HALTE ARTHA GADING 2,-6.23872,106.8306617
2024,KOTA ADM. JAKARTA UTARA,HLT202400327,REGULER,133010135001,JL. YOS SUDARSO RT 10 RW 6 KLP GADING BAR KEC KLP GADING KOTA JKT UTARA DAERAH KHUSUS IBUKOTA JAKARTA 14330 HALTE KODIM,-6.1988927,106.7815751
2024,KOTA ADM. JAKARTA BARAT,HLT202400328,REGULER,133010118004,JL. TANJUNG DUREN BARAT 43 RT 9 RW 5 TJ DUREN UTARA KEC GROGOL PETAMBURAN KOTA KOTA ADM. JAKARTA BARAT DAERAH KHUSUS IBUKOTA JAKARTA 11470 SAMPING ANAK PANAH TOKO,-6.185342,106.7734026
2024,KOTA ADM. JAKARTA UTARA,HLT202400329,REGULER,133010118004,JL. YOS SUDARSO KOTA ADM. JAKARTA UTARA RT 2 RW 9 SUNTER JAYA TJ PRIOK KOTA JKT UTARA DAERAH KHUSUS IBUKOTA JAKARTA 14360 HALTE YOS SUDARSO KODAMAR,-6.1626533,106.772875
2024,KOTA ADM. JAKARTA BARAT,HLT202400330,REGULER,133010135001,JL. TANJUNG DUREN BARAT 1 10 RT 14 RW 5 TJ DUREN UTARA KEC GROGOL PETAMBURAN KOTA KOTA ADM. JAKARTA BARAT DAERAH KHUSUS IBUKOTA JAKARTA 11470 SEBRANG JL. TANJUNG DUREN BARAT II,-6.2277157,106.8005378
2024,KOTA ADM. JAKARTA BARAT,HLT202400331,REGULER,133010135001,JL. OUTER RINGROAD LINGKAR LUAR KOTA ADM. JAKARTA BARAT RT 12 RW 11 CENGKARENG TIM KECAMATAN CENGKARENG KOTA KOTA ADM. JAKARTA BARAT DAERAH KHUSUS IBUKOTA JAKARTA 11730 HALTE BUS SEKOLAH,-6.1885238,106.7844223
2024,KOTA ADM. JAKARTA UTARA,HLT202400332,REGULER,133010118004,JL. YOS SUDARSO RT 2 RW 9 SUNTER JAYA TJ PRIOK KOTA JKT UTARA DAERAH KHUSUS IBUKOTA JAKARTA 14360 HALTE CEMPAKA MAS,-6.189423,106.7886867
2024,KOTA ADM. JAKARTA PUSAT,HLT202400333,REGULER,133010118004,JL. KAPUK RAYA 87 RT 3 RW 3 KAMAL MUARA KEC PENJARINGAN KOTA JKT UTARA DAERAH KHUSUS IBUKOTA JAKARTA 11720 HALTE SDN KAPUK,-6.2035528,106.8045232
2024,KOTA ADM. JAKARTA UTARA,HLT202400334,REGULER,133010118004,JL. YOS SUDARSO KODAMAR RT 010 RW 011 KELURAHAN SUNTER JAYA KECAMATAN TANJUNG PRIOK HALTE KODAMAR 2,-6.1894763,106.7946099
2024,KOTA ADM. JAKARTA TIMUR,HLT202400335,REGULER,133010118004,JL. RAYA JAKARTA BOGOR RT 2 RW 4 SUSUKAN KEC CIRACAS KOTA KOTA ADM. JAKARTA TIMUR DAERAH KHUSUS IBUKOTA JAKARTA 13750 HALTE CIJANTUNG,-6.1900706,106.9667021
2024,KOTA ADM. JAKARTA BARAT,HLT202400336,REGULER,133010118004,JL. RAYA KBY LAMA 7 5 RT 1 RW 1 GROGOL UTARA KEC KBY LAMA KOTA KOTA ADM. JAKARTA SELATAN DAERAH KHUSUS IBUKOTA JAKARTA 11540 DEPAN TELKOM,-6.1503933,106.70218
2024,KOTA ADM. JAKARTA UTARA,HLT202400337,REGULER,133010118004,JL. YOS SUDARSO KOTA ADM. JAKARTA UTARA RT 6 RW 11 SUNTER JAYA TJ PRIOK KOTA JKT UTARA DAERAH KHUSUS IBUKOTA JAKARTA 14360 HALTE TNI AL 2,-6.2491207,106.8071428
2024,KOTA ADM. JAKARTA TIMUR,HLT202400338,REGULER,133010135001,JL. KAPUK RAYA 20 32 RT 1 RW 3 KAMAL MUARA KEC PENJARINGAN KOTA JKT UTARA DAERAH KHUSUS IBUKOTA JAKARTA 11720 SAMPING PT BOMA BISMA,-6.1470198,106.7019036
2024,KOTA ADM. JAKARTA UTARA,HLT202400339,REGULER,133010118004,JL. YOS SUDARSO KOTA ADM. JAKARTA UTARA SUNTER JAYA TJ PRIOK KOTA JKT UTARA DAERAH KHUSUS IBUKOTA JAKARTA HALTE SEKOLAH,-6.2327106,106.78023
2024,KOTA ADM. JAKARTA SELATAN,HLT202400340,REGULER,133010118004,JL. HOS COKROAMINOTO 79 RT 3 RW 5 MENTENG KEC MENTENG KOTA KOTA ADM. JAKARTA PUSAT DAERAH KHUSUS IBUKOTA JAKARTA 10310 HALTE TAMAN MENTENG,-6.2333849,106.780427
2024,KOTA ADM. JAKARTA UTARA,HLT202400341,REGULER,133010118004,JL. YOS SUDARSO RT 3 RW 14 SUNGAI BAMBU TJ PRIOK KOTA JKT UTARA DAERAH KHUSUS IBUKOTA JAKARTA 14320 HALTE RS PURI MEDIKA,-6.1478344,106.8165369
2024,KOTA ADM. JAKARTA SELATAN,HLT202400342,REGULER,133010135001,JL. MAMPANG PRPT RAYA 1 16 RT 6 RW 3 MAMPANG PRPT KEC MAMPANG PRPT KOTA KOTA ADM. JAKARTA SELATAN DAERAH KHUSUS IBUKOTA JAKARTA 12790 HALTE MAMPANG,-6.24079,106.8362383
2024,KOTA ADM. JAKARTA UTARA,HLT202400343,REGULER,133010135001,JL. YOS SUDARSO RT 5 RW 14 KB BAWANG TJ PRIOK KOTA JKT UTARA DAERAH KHUSUS IBUKOTA JAKARTA 14320 SAMPING TANTO,-6.185533,106.8228843
2024,KOTA ADM. JAKARTA SELATAN,HLT202400344,REGULER,133010135001,JL. DR GSSJ RATULANGI RT 2 RW 3 GONDANGDIA KEC MENTENG KOTA KOTA ADM. JAKARTA PUSAT DAERAH KHUSUS IBUKOTA JAKARTA 10350 HALTE SMU,-6.2433116,106.8549978
2024,KOTA ADM. JAKARTA UTARA,HLT202400345,REGULER,133010135001,JL. YOS SUDARSO RT 6 RW 14 RAWABADAK UTARA KEC KOJA KOTA JKT UTARA DAERAH KHUSUS IBUKOTA JAKARTA 14320 HALTE AMPERA,-6.2429408,106.8551453
2024,KOTA ADM. JAKARTA SELATAN,HLT202400346,REGULER,133010135001,JL. K H MAS MANSYUR KOTA ADM. JAKARTA PUSAT KP BALI KECAMATAN TANAH ABANG KOTA KOTA ADM. JAKARTA PUSAT DAERAH KHUSUS IBUKOTA JAKARTA 10250 DEPAN VERLANDO,-6.1879763,106.8232091
2024,KOTA ADM. JAKARTA SELATAN,HLT202400210,REGULER,133010135001,JL. CIPINANG JAYA NO 99 RT 3 RW 7 CIPINANG BESAR SEL KECAMATAN JATINEGARA KOTA KOTA ADM. JAKARTA TIMUR DAERAH KHUSUS IBUKOTA JAKARTA 13410 HALTE CIPINANG JAYA,-6.2898491,106.8932694
2024,KOTA ADM. JAKARTA PUSAT,HLT202400211,TRANSJAKARTA,133010135001,JALAN JENDERAL SUDIRMAN INDONESIA DAERAH KHUSUS IBUKOTA JAKARTA HALTE BUSWAY GELORA BUNG KARNO,-6.2532707,106.773809
2024,KOTA ADM. JAKARTA TIMUR,HLT202400212,REGULER,133010135001,JL. JEND BASUKI RACHMAT RT 5 RW 6 CIPINANG BESAR SEL KECAMATAN JATINEGARA KOTA KOTA ADM. JAKARTA TIMUR DAERAH KHUSUS IBUKOTA JAKARTA 13410 HALTE NUSANTARA,-6.2901059,106.8887162
2024,KOTA ADM. JAKARTA PUSAT,HLT202400213,TRANSJAKARTA,133010135001,JL. YOS SUDARSO KLP GADING BAR KEC KLP GADING KOTA JKT UTARA DAERAH KHUSUS IBUKOTA JAKARTA 14360 HALTE BUSWAY YOS SUDARSO KODAMAR,-6.107791,106.9228942
2024,KOTA ADM. JAKARTA SELATAN,HLT202400214,REGULER,133010135001,JL. METRO PONDOK INDAH RT 15 RW 13 PD PINANG KEC KBY LAMA KOTA KOTA ADM. JAKARTA SELATAN DAERAH KHUSUS IBUKOTA JAKARTA 12310 DEPAN KFC,-6.1085638,106.9102271
2024,KOTA ADM. JAKARTA PUSAT,HLT202400215,REGULER,133010118004,JL. GERBANG PEMUDA RT 1 RW 3 GELORA KECAMATAN TANAH ABANG KOTA KOTA ADM. JAKARTA PUSAT DAERAH KHUSUS IBUKOTA JAKARTA 10270 HALTE GRAHA,-6.1676074,106.8722774
2024,KOTA ADM. JAKARTA SELATAN,HLT202400216,REGULER,133010135001,JL. CIPUTAT RAYA RT 3 RW 10 KBY LAMA SEL KEC KBY LAMA KOTA KOTA ADM. JAKARTA SELATAN DAERAH KHUSUS IBUKOTA JAKARTA 12240 HALTE ARYATAMA,-6.1081681,106.9149047
2024,KOTA ADM. JAKARTA SELATAN,HLT202400217,REGULER,133010135001,JL. RADEN INTEN II NO 110 RT 8 RW 14 DUREN SAWIT KEC DUREN SAWIT KOTA KOTA ADM. JAKARTA TIMUR DAERAH KHUSUS IBUKOTA JAKARTA 13470 HALTE SMKN 48,-6.1680089,106.8822876
2024,KOTA ADM. JAKARTA SELATAN,HLT202400218,TRANSJAKARTA,133010118004,KOTA ADM. JAKARTA PUSAT RT 10 RW 11 KARET TENGSIN KECAMATAN TANAH ABANG KOTA KOTA ADM. JAKARTA PUSAT DAERAH KHUSUS IBUKOTA JAKARTA 10250 HALTE BUSWAY DUKUH ATAS 1,-6.1081067,106.9180883
2024,KOTA ADM. JAKARTA SELATAN,HLT202400219,REGULER,133010118004,JL. RADEN INTEN II RT 9 RW 15 DUREN SAWIT KEC DUREN SAWIT KOTA KOTA ADM. JAKARTA TIMUR DAERAH KHUSUS IBUKOTA JAKARTA 13440 HALTE DIKDAS,-6.135677,106.8561273
2024,KOTA ADM. JAKARTA SELATAN,HLT202400220,REGULER,133010118004,DEKAT JL. PURI SAKTI I JL. PANGERAN ANTASARI SISI UTARA,-6.14504,106.8155499
2024,KOTA ADM. JAKARTA SELATAN,HLT202400221,REGULER,133010118004,JL. I GUSTI NGURAH RAI MALAKA JAYA KEC CAKUNG KOTA KOTA ADM. JAKARTA TIMUR DAERAH KHUSUS IBUKOTA JAKARTA 13460 DEPAN RUMAH SUSUN KLENDER,-6.1288651,106.8548036
2024,KOTA ADM. JAKARTA PUSAT,HLT202400222,TRANSJAKARTA,133010118004,JL. M H THAMRIN RT 8 RW 4 GONDANGDIA MENTENG KOTA KOTA ADM. JAKARTA PUSAT DAERAH KHUSUS IBUKOTA JAKARTA 10350 HALTE BUSWAY SARINAH,-6.1438859,106.8572724
2024,KOTA ADM. JAKARTA SELATAN,HLT202400018,TRANSJAKARTA,133010118004,JL. MEDAN MERDEKA TIM 10 13 RW 1 GAMBIR KECAMATAN GAMBIR KOTA KOTA ADM. JAKARTA PUSAT DAERAH KHUSUS IBUKOTA JAKARTA 10110 SAMPING GEREJA EMANUEL,-6.2802323,106.8076058
2024,KOTA ADM. JAKARTA PUSAT,HLT202400019,TRANSJAKARTA,133010118004,JL. TB SIMATUPANG RW 2 SUSUKAN KEC CIRACAS KOTA KOTA ADM. JAKARTA TIMUR DAERAH KHUSUS IBUKOTA JAKARTA HALTE BUSWAY FLYOVER RAYA BOGOR,-6.3075968,106.86451
2024,KOTA ADM. JAKARTA TIMUR,HLT202400020,TRANSJAKARTA,133010135001,GG MADRASAH PINANG RANTI KEC MAKASAR KOTA KOTA ADM. JAKARTA TIMUR DAERAH KHUSUS IBUKOTA JAKARTA 13560 HALTE BUSWAY GARUDA TAMAN MINI,-6.134735,106.7298033
2024,KOTA ADM. JAKARTA SELATAN,HLT202400021,REGULER,133010135001,JL. GUNUNG SAHARI KOTA ADM. JAKARTA PUSAT RT 16 RW 3 GN SAHARI UTARA KECAMATAN SAWAH BESAR KOTA KOTA ADM. JAKARTA PUSAT DAERAH KHUSUS IBUKOTA JAKARTA 10720 HALTE SERATON,-6.1671319,106.793888
2024,KOTA ADM. JAKARTA PUSAT,HLT202400022,TRANSJAKARTA,133010135001,JL. HARSONO RM RAGUNAN KEC PS MINGGU KOTA KOTA ADM. JAKARTA SELATAN DAERAH KHUSUS IBUKOTA JAKARTA HALTE BUSWAI DEPARTEMEN PERTANIAN,-6.1540566,106.7333592
2024,KOTA ADM. JAKARTA SELATAN,HLT202400023,REGULER,133010135001,JL. GN SAHARI RT 18 RW 3 GN SAHARI UTARA KECAMATAN SAWAH BESAR KOTA KOTA ADM. JAKARTA PUSAT DAERAH KHUSUS IBUKOTA JAKARTA 10720 HALTE GG LILIN,-6.1546919,106.7413402
2024,KOTA ADM. JAKARTA TIMUR,HLT202400024,TRANSJAKARTA,133010135001,JL. DI PANJAITAN RT 12 RW 6 CIPINANG BESAR SEL KECAMATAN JATINEGARA KOTA KOTA ADM. JAKARTA TIMUR DAERAH KHUSUS IBUKOTA JAKARTA 13340 HALTE BUSWAY CIPINANG KEBON NANAS,-6.2552027,106.8550126
2024,KOTA ADM. JAKARTA TIMUR,HLT202400025,REGULER,133010135001,JL. TEUKU NYAK ARIEF 1 RT 7 RW 8 GROGOL SEL KEC KBY LAMA KOTA KOTA ADM. JAKARTA SELATAN DAERAH KHUSUS IBUKOTA JAKARTA 12220 HALTE GEDUNG PERTAMINA,-6.249742,106.8266372
2024,KOTA ADM. JAKARTA SELATAN,HLT202400026,TRANSJAKARTA,133010118004,JL. WARUNG JATI BARAT NO 37 JATI PADANG KEC PS MINGGU KOTA KOTA ADM. JAKARTA SELATAN DAERAH KHUSUS IBUKOTA JAKARTA 12540 HALTE BUSWAY SMK 57,-6.1549068,106.7150905
2024,KOTA ADM. JAKARTA SELATAN,HLT202400027,REGULER,133010135001,JL. GN SAHARI RW 4 GN SAHARI UTARA KECAMATAN SAWAH BESAR KOTA KOTA ADM. JAKARTA PUSAT DAERAH KHUSUS IBUKOTA JAKARTA 10720 HALTE PAJAK,-6.1553414,106.7416701
2024,KOTA ADM. JAKARTA BARAT,HLT202400188,TRANSJAKARTA,133010118004,JL. PETA SELATAN NO 8 RT 7 RW 1 KALIDERES KEC KALIDERES KOTA KOTA ADM. JAKARTA BARAT DAERAH KHUSUS IBUKOTA JAKARTA 11840 HALTE BUSWAY TERMINAL KALIDERES,-6.1861717,106.775595
2024,KOTA ADM. JAKARTA SELATAN,HLT202400189,REGULER,133010118004,JL. RAYA KBY LAMA RT 2 RW 10 GROGOL UTARA KEC KBY LAMA KOTA KOTA ADM. JAKARTA SELATAN DAERAH KHUSUS IBUKOTA JAKARTA 11560 HALTE H SHOLEH I,-6.1861432,106.7755824
2024,KOTA ADM. JAKARTA TIMUR,HLT202400190,TRANSJAKARTA,133010135001,JL. PERINTIS KEMERDEKAAN RT 6 RW 8 PULO GADUNG KEC PULO GADUNG KOTA KOTA ADM. JAKARTA TIMUR DAERAH KHUSUS IBUKOTA JAKARTA 13260 HALTE BUSWAY BERMIS,-6.180376,106.7607576
2024,KOTA ADM. JAKARTA SELATAN,HLT202400191,TRANSJAKARTA,133010118004,JL. MAMPANG PRPT RAYA RT 1 RW 6 TEGAL PARANG KEC MAMPANG PRPT KOTA KOTA ADM. JAKARTA SELATAN DAERAH KHUSUS IBUKOTA JAKARTA 12790 HALTE BUSWAY DUREN TIGA,-6.2882817,106.8251817
2024,KOTA ADM. JAKARTA SELATAN,HLT202400192,REGULER,133010118004,GROGOL SEL KEC KBY LAMA KOTA KOTA ADM. JAKARTA SELATAN DAERAH KHUSUS IBUKOTA JAKARTA HALTE SIMPRUG 1,-6.1823526,106.7615076
2024,KOTA ADM. JAKARTA UTARA,HLT202400193,TRANSJAKARTA,133010118004,JL. PERINTIS KEMERDEKAAN KLP GADING BAR KEC KLP GADING KOTA JKT UTARA DAERAH KHUSUS IBUKOTA JAKARTA HALTE BUSWAY PULOMAS,-6.1630266,106.6668155
2024,KOTA ADM. JAKARTA SELATAN,HLT202400194,REGULER,133010118004,JL. RAYA KBY LAMA RT 6 RW 8 SUKABUMI SEL KEC KB JERUK KOTA KOTA ADM. JAKARTA BARAT DAERAH KHUSUS IBUKOTA JAKARTA 11560 HALTE MASJID,-6.1877415,106.7615323
2024,KOTA ADM. JAKARTA SELATAN,HLT202400195,REGULER,133010118004,JL. RC VETERAN RAYA 21 62 RT 8 RW 1 BINTARO KEC PESANGGRAHAN KOTA KOTA ADM. JAKARTA SELATAN DAERAH KHUSUS IBUKOTA JAKARTA 12330 DEPAN SOSIAL CORNER,-6.1971127,106.8044065
2024,KOTA ADM. JAKARTA UTARA,HLT202400196,TRANSJAKARTA,133010118004,JL. PERINTIS KEMERDEKAAN NO 31 RW 5 KLP GADING BAR KEC KLP GADING KOTA JKT UTARA DAERAH KHUSUS IBUKOTA JAKARTA 14240 HALTE BUSWAY ASMI,-6.1770727,106.757896
2024,KOTA ADM. JAKARTA SELATAN,HLT202400197,TRANSJAKARTA,133010135001,JL. BINTARO RAYA RT 2 RW 10 KBY LAMA SEL KEC KBY LAMA KOTA KOTA ADM. JAKARTA SELATAN DAERAH KHUSUS IBUKOTA JAKARTA 12240 HALTE TANAH KUSIR,-6.2562067,106.8280627
2024,KOTA ADM. JAKARTA UTARA,HLT202400198,TRANSJAKARTA,133010118004,JL. PERINTIS KEMERDEKAAN RT 7 RW 2 KELAPA GADING BARAT KELAPA GADING KOTA JKT UTARA DAERAH KHUSUS IBUKOTA JAKARTA 13210 HALTE BUSWAY PEDONGKELAN,-6.2283649,106.8183049
2024,KOTA ADM. JAKARTA SELATAN,HLT202400199,REGULER,133010118004,JL. RAYA KBY LAMA 192 46 RT 1 RW 2 SUKABUMI SEL KEC KB JERUK KOTA KOTA ADM. JAKARTA BARAT DAERAH KHUSUS IBUKOTA JAKARTA 11560 HALTE KEBON NANAS,-6.193354,106.8886858
2024,KOTA ADM. JAKARTA TIMUR,HLT202400132,TRANSJAKARTA,133010118004,JL. JEND AHMAD YANI RW 12 KAYU PUTIH KEC PULO GADUNG KOTA KOTA ADM. JAKARTA TIMUR DAERAH KHUSUS IBUKOTA JAKARTA 10510 HALTE BUSWAY CEMPAKA PUTIH,-6.1665547,106.7875789
2024,KOTA ADM. JAKARTA PUSAT,HLT202400133,TRANSJAKARTA,133010118004,JL. JEND SUDIRMAN 35 55 RT 5 RW 3 SENAYAN KEC KBY BARU KOTA KOTA ADM. JAKARTA SELATAN DAERAH KHUSUS IBUKOTA JAKARTA 10270 DEPAN GRAHA CIMB,-6.1959786,106.7558118
2024,KOTA ADM. JAKARTA BARAT,HLT202400134,TRANSJAKARTA,133010118004,JL. KYAI TAPA RT 6 RW 16 GROGOL GROGOL PETAMBURAN KOTA KOTA ADM. JAKARTA BARAT DAERAH KHUSUS IBUKOTA JAKARTA 11450 HALTE BUSWAY GROGOL 1,-6.1665341,106.7876389
2024,KOTA ADM. JAKARTA SELATAN,HLT202400135,REGULER,133010118004,DEKAT POLTANGAN JL. PASAR MINGGU SISI TIMUR KEC PASAR MINGGU,-6.1650915,106.7787662
2024,KOTA ADM. JAKARTA PUSAT,HLT202400136,TRANSJAKARTA,133010118004,JL. KYAI TAPA RT 1 RW 3 GROGOL GROGOL PETAMBURAN KOTA KOTA ADM. JAKARTA BARAT 11450 HALTE BUSWAY SUMBER WARAS,-6.2101108,106.8943405
2024,KOTA ADM. JAKARTA PUSAT,HLT202400137,REGULER,133010118004,JL. LODAN RAYA RT 12 RW 2 ANCOL KEC PADEMANGAN KOTA JKT UTARA DAERAH KHUSUS IBUKOTA JAKARTA 14430 DEPAN UBM,-6.21148,106.8897633
2024,KOTA ADM. JAKARTA PUSAT,HLT202400138,TRANSJAKARTA,133010118004,JL. GEDUNG KESENIAN PS BARU KECAMATAN SAWAH BESAR KOTA KOTA ADM. JAKARTA PUSAT DAERAH KHUSUS IBUKOTA JAKARTA 10710 HALTE BUSWAY PASAR BARU,-6.1580909,106.7610482
2024,KOTA ADM. JAKARTA SELATAN,HLT202400139,REGULER,133010118004,JL. MOCH KAHFI II 2 5 RT 1 RW 4 CIGANJUR KEC JAGAKARSA KOTA KOTA ADM. JAKARTA SELATAN DAERAH KHUSUS IBUKOTA JAKARTA 12630 HALTE SETU BABAKAN,-6.1581094,106.7639177
2024,KOTA ADM. JAKARTA SELATAN,HLT202400140,TRANSJAKARTA,133010118004,JL. GALUNGGUNG KOTA ADM. JAKARTA SELATAN RT 3 RW 3 KUNINGAN SETIA BUDI KECAMATAN SETIABUDI KOTA KOTA ADM. JAKARTA SELATAN DAERAH KHUSUS IBUKOTA JAKARTA 12910 HALTE BUSWAY DUKUH ATAS 2,-6.1969816,106.8512002
2024,KOTA ADM. JAKARTA SELATAN,HLT202400141,REGULER,133010118004,JL. MOH KAHFI 1 5 RT 6 RW 6 CIGANJUR KEC JAGAKARSA KOTA KOTA ADM. JAKARTA SELATAN DAERAH KHUSUS IBUKOTA JAKARTA 12630 HALTE KEMENYAN,-6.3185612,106.8646129
2024,KOTA ADM. JAKARTA SELATAN,HLT202400142,TRANSJAKARTA,133010118004,JL. SULTAN AGUNG RT 12 RW 6 GUNTUR KECAMATAN SETIABUDI KOTA KOTA ADM. JAKARTA SELATAN DAERAH KHUSUS IBUKOTA JAKARTA 12980 HALTE BUSWAY HALIMUN,-6.1719041,106.8892212
2024,KOTA ADM. JAKARTA SELATAN,HLT202400143,REGULER,133010118004,JL. TB SIMATUPANG 63 61 RT 6 RW 5 TJ BAR KEC JAGAKARSA KOTA KOTA ADM. JAKARTA SELATAN DAERAH KHUSUS IBUKOTA JAKARTA 12530 DEPAN PT MASA KREASI,-6.1564173,106.7548895
2024,KOTA ADM. JAKARTA SELATAN,HLT202400144,REGULER,133010118004,JL. TB SIMATUPANG KOTA ADM. JAKARTA SELATAN RT 6 RW 5 TJ BAR KEC JAGAKARSA KOTA KOTA ADM. JAKARTA SELATAN DAERAH KHUSUS IBUKOTA JAKARTA 12530 HALTE BUS SEKOLAH,-6.1840885,106.7834288
2024,KOTA ADM. JAKARTA SELATAN,HLT202400145,TRANSJAKARTA,133010118004,JALAN TAMBAK INDONESIA JL. SULTAN AGUNG MANGGARAI TEBET KOTA ADM. JAKARTA SELATAN DKI JAKARTA INDONESIA DAERAH KHUSUS IBUKOTA JAKARTA HALTE BUSWAY MANGGARAI,-6.1571817,106.7577983
2024,KOTA ADM. JAKARTA PUSAT,HLT202400146,TRANSJAKARTA,133010118004,JL. LET JEND SUPRAPTO HARAPAN MULIA 10610 KOTA ADM. JAKARTA PUSAT INDONESIA 10640 INDONESIA CEMPAKA BARU KEMAYORAN KOTA KOTA ADM. JAKARTA PUSAT DKI JAKARTA HALTE BUSWAY RAWA SELATAN,-6.1745626,106.7889646
2024,KOTA ADM. JAKARTA SELATAN,HLT202400147,REGULER,133010118004,JL. TB SIMATUPANG 63 61 RT 6 RW 5 TJ BAR KEC JAGAKARSA KOTA KOTA ADM. JAKARTA SELATAN DAERAH KHUSUS IBUKOTA JAKARTA 12530 HALTE BUS SEKOLAH,-6.1574095,106.7560847
2024,KOTA ADM. JAKARTA PUSAT,HLT202400148,TRANSJAKARTA,133010118004,JL. LETJEND SUPRAPTO RT 15 RW 3 HARAPAN MULYA KEC KEMAYORAN KOTA KOTA ADM. JAKARTA PUSAT DAERAH KHUSUS IBUKOTA JAKARTA 10640 HALTE BUSWAY GALUR,-6.1082484,106.896943
2024,KOTA ADM. JAKARTA SELATAN,HLT202400149,TRANSJAKARTA,133010118004,JL. TB SIMATUPANG RW 5 TJ BAR KEC JAGAKARSA KOTA KOTA ADM. JAKARTA SELATAN DAERAH KHUSUS IBUKOTA JAKARTA 12530 HALTE MUARA,-6.1570151,106.7576248
2024,KOTA ADM. JAKARTA PUSAT,HLT202400150,TRANSJAKARTA,133010118004,KOTA ADM. JAKARTA PUSAT RW 3 SENEN KEC SENEN KOTA KOTA ADM. JAKARTA PUSAT DAERAH KHUSUS IBUKOTA JAKARTA 10410 HALTE BUSWAY SENEN,-6.1302117,106.8995309
2024,KOTA ADM. JAKARTA SELATAN,HLT202400151,REGULER,133010118004,JL. AMPERA RAYA RT 2 RW 2 RAGUNAN KEC PS MINGGU KOTA KOTA ADM. JAKARTA SELATAN DAERAH KHUSUS IBUKOTA JAKARTA 12560 HALTE AMPERA,-6.1554437,106.747077
2024,KOTA ADM. JAKARTA TIMUR,HLT202400152,TRANSJAKARTA,133010118004,JL. JEND AHMAD YANI RT 12 RW 5 PISANGAN TIMUR KOTA KOTA ADM. JAKARTA TIMUR DAERAH KHUSUS IBUKOTA JAKARTA 13120 HALTE BUSWAY BEACUKAI AHMAD YANI,-6.1644897,106.7780746
2024,KOTA ADM. JAKARTA BARAT,HLT202400153,REGULER,133010118004,JL. CIPUTAT RAYA RT 9 RW 8 KBY LAMA UTARA KBY LAMA KOTA KOTA ADM. JAKARTA SELATAN DKI JAKARTA RT 9 RT 9 RW 8 12240 DEPAN KANTOR POS,-6.1928985,106.8389341
2024,KOTA ADM. JAKARTA TIMUR,HLT202400063,TRANSJAKARTA,133010118004,JL. UTAN KAYU RAYA NO 109B RW 10 UTAN KAYU UTARA KEC MATRAMAN KOTA KOTA ADM. JAKARTA TIMUR DAERAH KHUSUS IBUKOTA JAKARTA 13120 HALTE BUSWAY UTAN KAYU RAWAMANGUN,-6.1679723,106.8824605
2024,KOTA ADM. JAKARTA TIMUR,HLT202400064,REGULER,133010118004,JL. SULTAN ISKANDAR MUDA RT 9 RW 9 KBY LAMA SEL KEC KBY LAMA KOTA KOTA ADM. JAKARTA SELATAN DAERAH KHUSUS IBUKOTA JAKARTA 12240 DEPAN GARASINDO,-6.2230685,106.7784994
2024,KOTA ADM. JAKARTA UTARA,HLT202400065,REGULER,133010118004,LINGKAR LUAR TIMUR RT 1 RW 1 LAGOA KEC KOJA KOTA JKT UTARA DAERAH KHUSUS IBUKOTA JAKARTA 14270 HALTE PASAR WARU,-6.166629,106.8760645
2024,KOTA ADM. JAKARTA PUSAT,HLT202400066,TRANSJAKARTA,133010118004,JL. ST SENEN RW 2 SENEN KEC SENEN KOTA KOTA ADM. JAKARTA PUSAT DAERAH KHUSUS IBUKOTA JAKARTA 10410 HALTE BUSWAY SENTRAL SENEN,-6.1686218,106.8704643
2024,KOTA ADM. JAKARTA SELATAN,HLT202400067,TRANSJAKARTA,133010118004,JL. KRAMAT RAYA RT 2 RW 9 KWITANG KEC SENEN KOTA KOTA ADM. JAKARTA PUSAT DAERAH KHUSUS IBUKOTA JAKARTA HALTE YAI,-6.1921058,106.7821898
2024,KOTA ADM. JAKARTA PUSAT,HLT202400068,TRANSJAKARTA,133010118004,JL. BUDI UTOMO PS BARU KECAMATAN SAWAH BESAR KOTA KOTA ADM. JAKARTA PUSAT DAERAH KHUSUS IBUKOTA JAKARTA 10710 HALTE BUSWAY BUDI UTOMO,-6.20763,106.7880383
2024,KOTA ADM. JAKARTA SELATAN,HLT202400069,TRANSJAKARTA,133010118004,JL. LETJEN S PARMAN RT 06 RW 03 KELURAHAN SLIPI KECAMATAN PALMERAH SEBRANG MALL SLIPI,-6.1704326,106.8665939
2024,KOTA ADM. JAKARTA PUSAT,HLT202400070,TRANSJAKARTA,133010118004,JALAN GUNUNG SAHARI DAERAH KHUSUS IBUKOTA JAKARTA INDONESIA JALAN POS PASAR BARU SAWAH BESAR DAERAH KHUSUS IBUKOTA JAKARTA HALTE BUSWAY PASAR BARU TIMUR,-6.1790773,106.8423881
2024,KOTA ADM. JAKARTA SELATAN,HLT202400071,REGULER,133010118004,JL. RAWASARI SEL 29 60 RW 2 CEMP PUTIH TIM KEC CEMP PUTIH KOTA KOTA ADM. JAKARTA PUSAT DAERAH KHUSUS IBUKOTA JAKARTA 10570 DEPAN PASAR RAWASARI,-6.1725666,106.8625577
2024,KOTA ADM. JAKARTA PUSAT,HLT202400072,TRANSJAKARTA,133010118004,JL. GUNUNG SAHARI BARAT PADEMANGAN PADEMANGAN UTARA JAKARTA KOTA JAKARTA HALTE BUSWAY GUNUNG SAHARI,-6.2156266,106.921238
2024,KOTA ADM. JAKARTA SELATAN,HLT202400073,REGULER,133010118004,JL. PERCETAKAN NEGARA RT 3 RW 5 RAWASARI KEC CEMP PUTIH KOTA KOTA ADM. JAKARTA PUSAT DAERAH KHUSUS IBUKOTA JAKARTA HALTE SEKOLAH,-6.2434223,106.8022503
2024,KOTA ADM. JAKARTA PUSAT,HLT202400165,REGULER,133010118004,BALEKOTA,-6.2368221,106.7984936
2024,KOTA ADM. JAKARTA PUSAT,HLT202400166,TRANSJAKARTA,133010118004,JL. IR H JUANDA NO 7 RW 8 KB KLP KECAMATAN GAMBIR KOTA KOTA ADM. JAKARTA PUSAT DAERAH KHUSUS IBUKOTA JAKARTA 10110 HALTE BUSWAY PECENONGAN,-6.1556724,106.7070183
2024,KOTA ADM. JAKARTA SELATAN,HLT202400167,REGULER,133010118004,JL. PRAPANCA RAYA 9 RT 1 RW 1 PETOGOGAN KEC KBY BARU KOTA KOTA ADM. JAKARTA SELATAN DAERAH KHUSUS IBUKOTA JAKARTA 12170 HALTE SAMPING WALIKOTA JAKSEL,-6.2298842,106.8185407
2024,KOTA ADM. JAKARTA SELATAN,HLT202400168,REGULER,133010118004,JL. BULUNGAN 76 77 RT 6 RW 6 KRAMAT PELA KEC KBY BARU KOTA KOTA ADM. JAKARTA SELATAN DAERAH KHUSUS IBUKOTA JAKARTA 12130 DEPAN BURGER KING,-6.1433716,106.8899596
2024,KOTA ADM. JAKARTA PUSAT,HLT202400169,TRANSJAKARTA,133010118004,JL. SILANG MERDEKA UTARA RT 5 RW 2 GAMBIR KOTA KOTA ADM. JAKARTA PUSAT 10110 HALTE BUSWAY GAMBIR 2,-6.1361109,106.8915948
2024,KOTA ADM. JAKARTA SELATAN,HLT202400170,REGULER,133010118004,JL. BULUNGAN RT 6 RW 7 KRAMAT PELA KEC KBY BARU KOTA KOTA ADM. JAKARTA SELATAN DAERAH KHUSUS IBUKOTA JAKARTA 12130 TK SD KWITANG 6 PSKD,-6.1757923,106.7799566
2024,KOTA ADM. JAKARTA PUSAT,HLT202400171,TRANSJAKARTA,133010135001,JL. PRAJURIT KKO USMAN DAN HARUN NO 28 SENEN KEC SENEN KOTA KOTA ADM. JAKARTA PUSAT DAERAH KHUSUS IBUKOTA JAKARTA 10410 HALTE BUSWAY KWITANG,-6.1589895,106.882527
2024,KOTA ADM. JAKARTA TIMUR,HLT202400172,TRANSJAKARTA,133010135001,JL. BEKASI BARAT RT 4 RW 2 RW BUNGA KECAMATAN JATINEGARA KOTA KOTA ADM. JAKARTA TIMUR DAERAH KHUSUS IBUKOTA JAKARTA 13350 HALTE BUSWAY STASIUN JATINEGARA,-6.1777059,106.7801303
2024,KOTA ADM. JAKARTA SELATAN,HLT202400173,REGULER,133010118004,JL. METRO PONDOK INDAH RT 1 RW 16 PD PINANG KEC KBY LAMA KOTA KOTA ADM. JAKARTA SELATAN DAERAH KHUSUS IBUKOTA JAKARTA 12310 DEPAN HALTE BUSWAY PONDOK INDAH 2,-6.1375231,106.7307946
2024,KOTA ADM. JAKARTA SELATAN,HLT202400174,REGULER,133010118004,JL. ST SENEN KOTA ADM. JAKARTA PUSAT RW 3 SENEN KEC SENEN KOTA KOTA ADM. JAKARTA PUSAT DAERAH KHUSUS IBUKOTA JAKARTA 10410 DEPAN PASAR SENEN,-6.1601164,106.8836339
2024,KOTA ADM. JAKARTA TIMUR,HLT202400175,TRANSJAKARTA,133010118004,JL. RAYA BEKASI PULO GADUNG KOTA KOTA ADM. JAKARTA TIMUR 13260 HALTE BUSWAY PULOGADUNG,-6.1296445,106.7442996
2024,KOTA ADM. JAKARTA SELATAN,HLT202400176,REGULER,133010118004,JL. BUNGUR RAYA RT 3 RW 1 KEMAYORAN KEC KEMAYORAN KOTA KOTA ADM. JAKARTA PUSAT DAERAH KHUSUS IBUKOTA JAKARTA HALTE ARMABAR,-6.1619945,106.8816138
2024,KOTA ADM. JAKARTA PUSAT,HLT202400177,TRANSJAKARTA,133010118004,JALAN DAAN MOGOT RT 2 RW 12 KALIDERES KOTA KOTA ADM. JAKARTA BARAT 11840 HALTE BUSWAY PESAKIH,-6.310664,106.8624436
2024,KOTA ADM. JAKARTA PUSAT,HLT202400001,TRANSJAKARTA,133010135001,JL. JEND AHMAD YANI KLP GADING BAR KEC KLP GADING KOTA KOTA ADM. JAKARTA PUSAT DAERAH KHUSUS IBUKOTA JAKARTA 14240 HALTE BUSWAY CEMPAKA MAS 2,-6.1659394,106.87932
2024,KOTA ADM. JAKARTA PUSAT,HLT202400002,REGULER,133010118004,JL. RAYA JAKARTA BOGOR PEKAYON KEC PS REBO KOTA KOTA ADM. JAKARTA TIMUR DAERAH KHUSUS IBUKOTA JAKARTA 13710 HALTE UNEX,-6.3507466,106.8648539
2024,KOTA ADM. JAKARTA TIMUR,HLT202400003,TRANSJAKARTA,133010118004,JL. DI PANJAITAN RT 12 RW 1 CIPINANG BESAR SELATAN JATINEGARA KOTA KOTA ADM. JAKARTA TIMUR 13340 HALTE BUSWAY PENAS KALIMALANG,-6.239132,106.8778751
2024,KOTA ADM. JAKARTA TIMUR,HLT202400005,REGULER,133010135001,JL. SULTAN ISKANDAR MUDA RT 10 RW 6 KBY LAMA UTARA KEC KBY LAMA KOTA KOTA ADM. JAKARTA SELATAN DAERAH KHUSUS IBUKOTA JAKARTA 12240 HALTE ISKANDAR MUDA,-6.24669,106.8056655
2024,KOTA ADM. JAKARTA SELATAN,HLT202400028,TRANSJAKARTA,133010118004,JL. WARUNG JATI BAR KOTA KOTA ADM. JAKARTA SELATAN DAERAH KHUSUS IBUKOTA JAKARTA 12510 HALTE BUSWAY PEJATEN,-6.1680876,106.8303113
2024,KOTA ADM. JAKARTA SELATAN,HLT202400029,REGULER,133010118004,JL. GN SAHARI 44 45 RT 7 RW 5 GN SAHARI UTARA KECAMATAN SAWAH BESAR KOTA KOTA ADM. JAKARTA PUSAT DAERAH KHUSUS IBUKOTA JAKARTA 10720 HALTE BCA,-6.2339391,106.8078628
2024,KOTA ADM. JAKARTA SELATAN,HLT202400030,REGULER,133010135001,JL. GN SAHARI RT 6 RW 5 GN SAHARI UTARA KECAMATAN SAWAH BESAR KOTA KOTA ADM. JAKARTA PUSAT DAERAH KHUSUS IBUKOTA JAKARTA 10710 BAWAH JPO SEBRANG LAW OFFICE KAHAR NAWIR,-6.2495084,106.8077068
2024,KOTA ADM. JAKARTA PUSAT,HLT202400031,TRANSJAKARTA,133010135001,JL. WR JATI TIMUR RAYA RT 12 RW 5 KALIBATA KEC PANCORAN KOTA KOTA ADM. JAKARTA SELATAN DAERAH KHUSUS IBUKOTA JAKARTA 12510 HALTE BUSWAY BUNCIT INDAH,-6.2576568,106.8696063
2024,KOTA ADM. JAKARTA SELATAN,HLT202400032,TRANSJAKARTA,133010118004,JL. WARUNG BUNCIT RAYA NO 324 RT 6 RW 3 KALIBATA KEC PANCORAN KOTA KOTA ADM. JAKARTA SELATAN DAERAH KHUSUS IBUKOTA JAKARTA 12740 HALTE BUSWAY WARUNG JATI,-6.1879366,106.8230614
2024,KOTA ADM. JAKARTA SELATAN,HLT202400033,REGULER,133010118004,JL. GN SAHARI RT 1 RW 3 GN SAHARI UTARA KECAMATAN SAWAH BESAR KOTA KOTA ADM. JAKARTA PUSAT DAERAH KHUSUS IBUKOTA JAKARTA 10750 HALTE PD INKA,-6.1760714,106.7925392
2024,KOTA ADM. JAKARTA SELATAN,HLT202400034,TRANSJAKARTA,133010118004,JL. MAMPANG PRAPATAN RAYA RT 2 RW 1 DUREN TIGA PANCORAN KOTA KOTA ADM. JAKARTA SELATAN 12760 HALTE BUSWAY IMIGRASI,-6.2171283,106.8159929
2024,KOTA ADM. JAKARTA SELATAN,HLT202400035,REGULER,133010118004,JL. RAYA JAKARTA BOGOR RT 4 RW 1 KP TENGAH KEC KRAMAT JATI KOTA KOTA ADM. JAKARTA TIMUR DAERAH KHUSUS IBUKOTA JAKARTA 13540 SEBRANG ALFAMART DEKAT POLSEK CIRACAS,-6.2138268,106.8088429
2024,KOTA ADM. JAKARTA SELATAN,HLT202400036,REGULER,133010135001,JL. GARUDA RW 8 KEMAYORAN KEC KEMAYORAN KOTA KOTA ADM. JAKARTA PUSAT DAERAH KHUSUS IBUKOTA JAKARTA 10620 HALTE JL. GARUDA,-6.2354153,106.8678951
2024,KOTA ADM. JAKARTA BARAT,HLT202400037,REGULER,133010135001,JL. PRAMUKA RT 14 RW 8 RAWASARI KEC CEMP PUTIH KOTA KOTA ADM. JAKARTA PUSAT DAERAH KHUSUS IBUKOTA JAKARTA 10570 DEPAN BRALING KNALPOT,-6.2297134,106.8670875
2024,KOTA ADM. JAKARTA SELATAN,HLT202400038,TRANSJAKARTA,133010135001,DEPKES RT 7 RW 4 KUNINGAN TIMUR KOTA KOTA ADM. JAKARTA SELATAN 12950,-6.2029618,106.7977101
2024,KOTA ADM. JAKARTA SELATAN,HLT202400039,REGULER,133010135001,JL. GN SAHARI RT 10 RW 7 GN SAHARI SEL KEC KEMAYORAN KOTA KOTA ADM. JAKARTA PUSAT DAERAH KHUSUS IBUKOTA JAKARTA 10710 SEBRANG BANK CIMB,-6.2117005,106.8602779
