{
  "type": "FeatureCollection",
  "name": "designated_stops",
  "features": [
    {
      "type": "Feature",
      "geometry": {
        "type": "Point",
        "coordinates": [
          106.8831237,
          -6.2020206
        ]
      },
      "properties": {
        "periode_data": "2024",
        "wilayah": "KOTA ADM. JAKARTA SELATAN",
        "no_registrasi": "HLT202400246",
        "jenis_halte": "REGULER",
        "kode_barang": "133010118004",
        "lokasi_alamat": "JL. MEDAN MERDEKA TIM 2 23 RT 6 RW 1 GAMBIR KECAMATAN GAMBIR KOTA KOTA ADM. JAKARTA PUSAT DAERAH KHUSUS IBUKOTA JAKARTA 10110 TIKUNGAN SEBRANG GALERI NASIONAL",
        "lintang": "-6.2020206",
        "bujur": "106.8831237"
      }
    },
    {
      "type": "Feature",
      "geometry": {
        "type": "Point",
        "coordinates": [
          106.7210682,
          -6.1444929
        ]
      },
      "properties": {
        "periode_data": "2024",
        "wilayah": "KOTA ADM. JAKARTA UTARA",
        "no_registrasi": "HLT202400247",
        "jenis_halte": "REGULER",
        "kode_barang": "133010118004",
        "lokasi_alamat": "JL. KAPUK RAYA 14 RT 6 RW 11 KAMAL MUARA KEC PENJARINGAN KOTA JKT UTARA DAERAH KHUSUS IBUKOTA JAKARTA 11720 DEPAN PT CAHAYA PERDANA",
        "lintang": "-6.1444929",
        "bujur": "106.7210682"
      }
    },
    {
      "type": "Feature",
      "geometry": {
        "type": "Point",
        "coordinates": [
          106.8008636,
          -6.1768421
        ]
      },
      "properties": {
        "periode_data": "2024",
        "wilayah": "KOTA ADM. JAKARTA SELATAN",
        "no_registrasi": "HLT202400248",
        "jenis_halte": "REGULER",
        "kode_barang": "133010118004",
        "lokasi_alamat": "JL. PERWIRA KOTA ADM. JAKARTA PUSAT RT 2 GAMBIR KECAMATAN GAMBIR KOTA KOTA ADM. JAKARTA PUSAT DAERAH KHUSUS IBUKOTA JAKARTA 10110 HALTE SAMPING ISTIQLAL",
        "lintang": "-6.1768421",
        "bujur": "106.8008636"
      }
    },
    {
      "type": "Feature",
      "geometry": {
        "type": "Point",
        "coordinates": [
          106.9640471,
          -6.1888932
        ]
      },
      "properties": {
        "periode_data": "2024",
        "wilayah": "KOTA ADM. JAKARTA SELATAN",
        "no_registrasi": "HLT202400249",
        "jenis_halte": "REGULER",
        "kode_barang": "133010118004",
        "lokasi_alamat": "JL. PERWIRA RT 2 GAMBIR KECAMATAN GAMBIR KOTA KOTA ADM. JAKARTA PUSAT DAERAH KHUSUS IBUKOTA JAKARTA 10110 SAMPING HALTE BUSWAY ISTIQLAL",
        "lintang": "-6.1888932",
        "bujur": "106.9640471"
      }
    },
    {
      "type": "Feature",
      "geometry": {
        "type": "Point",
        "coordinates": [
          106.8331419,
          -6.140643
        ]
      },
      "properties": {
        "periode_data": "2024",
        "wilayah": "KOTA ADM. JAKARTA UTARA",
        "no_registrasi": "HLT202400250",
        "jenis_halte": "REGULER",
        "kode_barang": "133010118004",
        "lokasi_alamat": "JL. KAPUK KAYU BESAR 9 RT 3 RW 3 KAMAL MUARA KEC PENJARINGAN KOTA JKT UTARA DAERAH KHUSUS IBUKOTA JAKARTA 11730 DEPAN PT CPP",
        "lintang": "-6.140643",
        "bujur": "106.8331419"
      }
    },
    {
      "type": "Feature",
      "geometry": {
        "type": "Point",
        "coordinates": [
          106.8346509,
          -6.1599777
        ]
      },
      "properties": {
        "periode_data": "2024",
        "wilayah": "KOTA ADM. JAKARTA SELATAN",
        "no_registrasi": "HLT202400251",
        "jenis_halte": "REGULER",
        "kode_barang": "133010118004",
        "lokasi_alamat": "JL. PERWIRA PUSAT JAKARTA RT 2 GAMBIR PUSAT JAKARTA CITY JAKARTA 10110 HALTE PERWIRA",
        "lintang": "-6.1599777",
        "bujur": "106.8346509"
      }
    },
    {
      "type": "Feature",
      "geometry": {
        "type": "Point",
        "coordinates": [
          106.833096,
          -6.1405142
        ]
      },
      "properties": {
        "periode_data": "2024",
        "wilayah": "KOTA ADM. JAKARTA BARAT",
        "no_registrasi": "HLT202400252",
        "jenis_halte": "REGULER",
        "kode_barang": "133010118004",
        "lokasi_alamat": "JL. JOGLO RAYA 106 RT 14 RW 2 JOGLO KEC KEMBANGAN KOTA KOTA ADM. JAKARTA BARAT DAERAH KHUSUS IBUKOTA JAKARTA 11640 DEPAN RIZKI CELL",
        "lintang": "-6.1405142",
        "bujur": "106.833096"
      }
    },
    {
      "type": "Feature",
      "geometry": {
        "type": "Point",
        "coordinates": [
          106.8337328,
          -6.1459046
        ]
      },
      "properties": {
        "periode_data": "2024",
        "wilayah": "KOTA ADM. JAKARTA SELATAN",
        "no_registrasi": "HLT202400253",
        "jenis_halte": "REGULER",
        "kode_barang": "133010118004",
        "lokasi_alamat": "JL. MERDEKA TIMUR KOTA ADM. JAKARTA PUSAT RT 2 RW 1 GAMBIR KECAMATAN GAMBIR KOTA KOTA ADM. JAKARTA PUSAT DAERAH KHUSUS IBUKOTA JAKARTA 10110 DEKAT JPO BUSWAY GAMBIR 1",
        "lintang": "-6.1459046",
        "bujur": "106.8337328"
      }
    },
    {
      "type": "Feature",
      "geometry": {
        "type": "Point",
        "coordinates": [
          106.8390258,
          -6.166023
        ]
      },
      "properties": {
        "periode_data": "2024",
        "wilayah": "KOTA ADM. JAKARTA BARAT",
        "no_registrasi": "HLT202400254",
        "jenis_halte": "REGULER",
        "kode_barang": "133010118004",
        "lokasi_alamat": "JL. JOGLO RAYA 57 RT 1 RW 6 JOGLO KEC KEMBANGAN KOTA KOTA ADM. JAKARTA BARAT DAERAH KHUSUS IBUKOTA JAKARTA 11640 HALTE ELSHINTA",
        "lintang": "-6.166023",
        "bujur": "106.8390258"
      }
    },
    {
      "type": "Feature",
      "geometry": {
        "type": "Point",
        "coordinates": [
          106.8334067,
          -6.1408583
        ]
      },
      "properties": {
        "periode_data": "2024",
        "wilayah": "KOTA ADM. JAKARTA BARAT",
        "no_registrasi": "HLT202400255",
        "jenis_halte": "REGULER",
        "kode_barang": "133010118004",
        "lokasi_alamat": "HAYAM WURUK BARAT JAKARTA RT 9 RW 5 MAPHAR TAMAN SARI BARAT JAKARTA CITY JAKARTA 11140 HALTE MASJID 2",
        "lintang": "-6.1408583",
        "bujur": "106.8334067"
      }
    },
    {
      "type": "Feature",
      "geometry": {
        "type": "Point",
        "coordinates": [
          106.8082025,
          -6.1888468
        ]
      },
      "properties": {
        "periode_data": "2024",
        "wilayah": "KOTA ADM. JAKARTA SELATAN",
        "no_registrasi": "HLT202400256",
        "jenis_halte": "REGULER",
        "kode_barang": "133010118004",
        "lokasi_alamat": "JL. MERDEKA TIMUR KOTA ADM. JAKARTA PUSAT RT 2 GAMBIR KECAMATAN GAMBIR KOTA KOTA ADM. JAKARTA PUSAT DAERAH KHUSUS IBUKOTA JAKARTA 10110 SEBRANG KEMENTERIAN PERHUBUNGAN",
        "lintang": "-6.1888468",
        "bujur": "106.8082025"
      }
    },
    {
      "type": "Feature",
      "geometry": {
        "type": "Point",
        "coordinates": [
          106.8348194,
          -6.1659829
        ]
      },
      "properties": {
        "periode_data": "2024",
        "wilayah": "KOTA ADM. JAKARTA BARAT",
        "no_registrasi": "HLT202400257",
        "jenis_halte": "REGULER",
        "kode_barang": "133010118004",
        "lokasi_alamat": "JL. MERUYA ILIR RAYA 43 38 RT 1 RW 7 SRENGSENG KEC KEMBANGAN KOTA KOTA ADM. JAKARTA BARAT DAERAH KHUSUS IBUKOTA JAKARTA 11630 BANK YUDA BHAKTI",
        "lintang": "-6.1659829",
        "bujur": "106.8348194"
      }
    },
    {
      "type": "Feature",
      "geometry": {
        "type": "Point",
        "coordinates": [
          106.8379576,
          -6.1617553
        ]
      },
      "properties": {
        "periode_data": "2024",
        "wilayah": "KOTA ADM. JAKARTA TIMUR",
        "no_registrasi": "HLT202400258",
        "jenis_halte": "REGULER",
        "kode_barang": "133010135001",
        "lokasi_alamat": "JL. OTISTA RAYA 117 119 RT 13 RW 8 KP MELAYU KECAMATAN JATINEGARA KOTA KOTA ADM. JAKARTA TIMUR DAERAH KHUSUS IBUKOTA JAKARTA 13330 HALTE GOR 2",
        "lintang": "-6.1617553",
        "bujur": "106.8379576"
      }
    },
    {
      "type": "Feature",
      "geometry": {
        "type": "Point",
        "coordinates": [
          106.8040517,
          -6.1963976
        ]
      },
      "properties": {
        "periode_data": "2024",
        "wilayah": "KOTA ADM. JAKARTA BARAT",
        "no_registrasi": "HLT202400259",
        "jenis_halte": "REGULER",
        "kode_barang": "133010135001",
        "lokasi_alamat": "HAYAM WURUK ST 96 20 RT 9 RW 5 MAPHAR TAMAN SARI BARAT JAKARTA CITY JAKARTA 11140 HALTE MASJID",
        "lintang": "-6.1963976",
        "bujur": "106.8040517"
      }
    },
    {
      "type": "Feature",
      "geometry": {
        "type": "Point",
        "coordinates": [
          106.837811,
          -6.1608163
        ]
      },
      "properties": {
        "periode_data": "2024",
        "wilayah": "KOTA ADM. JAKARTA BARAT",
        "no_registrasi": "HLT202400260",
        "jenis_halte": "REGULER",
        "kode_barang": "133010135001",
        "lokasi_alamat": "JL. HR RASUNA SAID SISI TIMUR KOTA ADM. JAKARTA SELATAN RW 1 KUNINGAN SETIA BUDI KECAMATAN SETIABUDI KOTA KOTA ADM. JAKARTA SELATAN DAERAH KHUSUS IBUKOTA JAKARTA 12910 HALTE MENARA DUTA",
        "lintang": "-6.1608163",
        "bujur": "106.837811"
      }
    },
    {
      "type": "Feature",
      "geometry": {
        "type": "Point",
        "coordinates": [
          106.805393,
          -6.1935599
        ]
      },
      "properties": {
        "periode_data": "2024",
        "wilayah": "KOTA ADM. JAKARTA PUSAT",
        "no_registrasi": "HLT202400261",
        "jenis_halte": "TRANSJAKARTA",
        "kode_barang": "133010135001",
        "lokasi_alamat": "JL. LETJEN S PARMAN RT 12 RW 2 TJ DUREN UTARA KEC GROGOL PETAMBURAN KOTA KOTA ADM. JAKARTA BARAT DAERAH KHUSUS IBUKOTA JAKARTA 11470 BAWAH JPO BUSWAY S PARMAN",
        "lintang": "-6.1935599",
        "bujur": "106.805393"
      }
    },
    {
      "type": "Feature",
      "geometry": {
        "type": "Point",
        "coordinates": [
          106.8048007,
          -6.1962517
        ]
      },
      "properties": {
        "periode_data": "2024",
        "wilayah": "KOTA ADM. JAKARTA BARAT",
        "no_registrasi": "HLT202400262",
        "jenis_halte": "REGULER",
        "kode_barang": "133010118004",
        "lokasi_alamat": "JL. GAJAH MADA 112 96 RT 1 RW 1 KRUKUT KEC TAMAN SARI KOTA KOTA ADM. JAKARTA BARAT DAERAH KHUSUS IBUKOTA JAKARTA 11140 DEPAN GEDUNG ARSIP",
        "lintang": "-6.1962517",
        "bujur": "106.8048007"
      }
    },
    {
      "type": "Feature",
      "geometry": {
        "type": "Point",
        "coordinates": [
          106.8657555,
          -6.3495063
        ]
      },
      "properties": {
        "periode_data": "2024",
        "wilayah": "KOTA ADM. JAKARTA SELATAN",
        "no_registrasi": "HLT202400263",
        "jenis_halte": "REGULER",
        "kode_barang": "133010118004",
        "lokasi_alamat": "KOTA ADM. JAKARTA BARAT RT 8 RW 1 TJ DUREN UTARA KEC GROGOL PETAMBURAN KOTA KOTA ADM. JAKARTA BARAT DAERAH KHUSUS IBUKOTA JAKARTA 11470 DEPAN HOTEL CIPUTRA",
        "lintang": "-6.3495063",
        "bujur": "106.8657555"
      }
    },
    {
      "type": "Feature",
      "geometry": {
        "type": "Point",
        "coordinates": [
          106.8928349,
          -6.349927
        ]
      },
      "properties": {
        "periode_data": "2024",
        "wilayah": "KOTA ADM. JAKARTA SELATAN",
        "no_registrasi": "HLT202400264",
        "jenis_halte": "REGULER",
        "kode_barang": "133010118004",
        "lokasi_alamat": "JL. GN SAHARI RW 8 GN SAHARI SEL KEC KEMAYORAN KOTA KOTA ADM. JAKARTA PUSAT DAERAH KHUSUS IBUKOTA JAKARTA 10710 HALTE PENABUR",
        "lintang": "-6.349927",
        "bujur": "106.8928349"
      }
    },
    {
      "type": "Feature",
      "geometry": {
        "type": "Point",
        "coordinates": [
          106.7927933,
          -6.20772
        ]
      },
      "properties": {
        "periode_data": "2024",
        "wilayah": "KOTA ADM. JAKARTA BARAT",
        "no_registrasi": "HLT202400265",
        "jenis_halte": "REGULER",
        "kode_barang": "133010118004",
        "lokasi_alamat": "JL. PESANGGRAHAN RT 2 RW 7 KEMBANGAN SEL KEC KEMBANGAN KOTA KOTA ADM. JAKARTA BARAT DAERAH KHUSUS IBUKOTA JAKARTA 11610 SAMPING ACE",
        "lintang": "-6.20772",
        "bujur": "106.7927933"
      }
    },
    {
      "type": "Feature",
      "geometry": {
        "type": "Point",
        "coordinates": [
          106.7928127,
          -6.2078736
        ]
      },
      "properties": {
        "periode_data": "2024",
        "wilayah": "KOTA ADM. JAKARTA SELATAN",
        "no_registrasi": "HLT202400266",
        "jenis_halte": "REGULER",
        "kode_barang": "133010118004",
        "lokasi_alamat": "JL. PALMERAH UTARA 103 113 RT 3 RW 1 GELORA KECAMATAN TANAH ABANG KOTA KOTA ADM. JAKARTA PUSAT DAERAH KHUSUS IBUKOTA JAKARTA 11480 HALTE SEKOLAH",
        "lintang": "-6.2078736",
        "bujur": "106.7928127"
      }
    },
    {
      "type": "Feature",
      "geometry": {
        "type": "Point",
        "coordinates": [
          106.8824216,
          -6.1965489
        ]
      },
      "properties": {
        "periode_data": "2024",
        "wilayah": "KOTA ADM. JAKARTA SELATAN",
        "no_registrasi": "HLT202400267",
        "jenis_halte": "TRANSJAKARTA",
        "kode_barang": "133010118004",
        "lokasi_alamat": "JL. DAAN MOGOT 166 13 RT 8 RW 1 TJ DUREN UTARA KEC GROGOL PETAMBURAN KOTA KOTA ADM. JAKARTA BARAT DAERAH KHUSUS IBUKOTA JAKARTA 11470 BAWAH JPO BUSWAY JELAMBAR",
        "lintang": "-6.1965489",
        "bujur": "106.8824216"
      }
    },
    {
      "type": "Feature",
      "geometry": {
        "type": "Point",
        "coordinates": [
          106.7821917,
          -6.14375
        ]
      },
      "properties": {
        "periode_data": "2024",
        "wilayah": "KOTA ADM. JAKARTA SELATAN",
        "no_registrasi": "HLT202400383",
        "jenis_halte": "REGULER",
        "kode_barang": "133010135001",
        "lokasi_alamat": "JL. GATOT SUBROTO 10 RT 6 RW 1 KUNINGAN BAR KEC MAMPANG PRPT KOTA KOTA ADM. JAKARTA SELATAN DAERAH KHUSUS IBUKOTA JAKARTA 12710 SAMPING LIPI 2",
        "lintang": "-6.14375",
        "bujur": "106.7821917"
      }
    },
    {
      "type": "Feature",
      "geometry": {
        "type": "Point",
        "coordinates": [
          106.81359,
          -6.20113
        ]
      },
      "properties": {
        "periode_data": "2024",
        "wilayah": "KOTA ADM. JAKARTA SELATAN",
        "no_registrasi": "HLT202400384",
        "jenis_halte": "REGULER",
        "kode_barang": "133010118004",
        "lokasi_alamat": "JL. GATOT SUBROTO 27 54 RT 2 RW 4 KARET SEMANGGI KECAMATAN SETIABUDI KOTA KOTA ADM. JAKARTA SELATAN DAERAH KHUSUS IBUKOTA JAKARTA 12930 DEPAN THE TOWER PROJECT",
        "lintang": "-6.20113",
        "bujur": "106.81359"
      }
    },
    {
      "type": "Feature",
      "geometry": {
        "type": "Point",
        "coordinates": [
          106.7728562,
          -6.1499145
        ]
      },
      "properties": {
        "periode_data": "2024",
        "wilayah": "KOTA ADM. JAKARTA SELATAN",
        "no_registrasi": "HLT202400385",
        "jenis_halte": "REGULER",
        "kode_barang": "133010118004",
        "lokasi_alamat": "JL. RAYA KBY LAMA 35 RT 6 GROGOL UTARA KEC KBY LAMA KOTA KOTA ADM. JAKARTA SELATAN DAERAH KHUSUS IBUKOTA JAKARTA 11560 HALTE PERMATA HIJAU",
        "lintang": "-6.1499145",
        "bujur": "106.7728562"
      }
    },
    {
      "type": "Feature",
      "geometry": {
        "type": "Point",
        "coordinates": [
          106.765985,
          -6.1750933
        ]
      },
      "properties": {
        "periode_data": "2024",
        "wilayah": "KOTA ADM. JAKARTA SELATAN",
        "no_registrasi": "HLT202400386",
        "jenis_halte": "REGULER",
        "kode_barang": "133010118004",
        "lokasi_alamat": "JL. RAYA KBY LAMA 40 310 RT 2 RW 1 GROGOL UTARA KEC KBY LAMA KOTA KOTA ADM. JAKARTA SELATAN DAERAH KHUSUS IBUKOTA JAKARTA 11540 SAMPING SDN GROGOL UTARA",
        "lintang": "-6.1750933",
        "bujur": "106.765985"
      }
    },
    {
      "type": "Feature",
      "geometry": {
        "type": "Point",
        "coordinates": [
          106.7785357,
          -6.1443949
        ]
      },
      "properties": {
        "periode_data": "2024",
        "wilayah": "KOTA ADM. JAKARTA SELATAN",
        "no_registrasi": "HLT202400387",
        "jenis_halte": "REGULER",
        "kode_barang": "133010118004",
        "lokasi_alamat": "JL. GATOT SUBROTO 44 RT 3 RW 2 KUNINGAN BAR KEC MAMPANG PRPT KOTA KOTA ADM. JAKARTA SELATAN DAERAH KHUSUS IBUKOTA JAKARTA 12710 DEPAN DIRJEN PAJAK",
        "lintang": "-6.1443949",
        "bujur": "106.7785357"
      }
    },
    {
      "type": "Feature",
      "geometry": {
        "type": "Point",
        "coordinates": [
          106.7682302,
          -6.1846854
        ]
      },
      "properties": {
        "periode_data": "2024",
        "wilayah": "KOTA ADM. JAKARTA SELATAN",
        "no_registrasi": "HLT202400388",
        "jenis_halte": "REGULER",
        "kode_barang": "133010135001",
        "lokasi_alamat": "JL. GATOT SUBROTO NO 27 RT 2 RW 4 KARET SEMANGGI SETIA BUDI KOTA KOTA ADM. JAKARTA SELATAN DAERAH KHUSUS IBUKOTA JAKARTA 12930 DEPAN THE TOWER PROJECT 2",
        "lintang": "-6.1846854",
        "bujur": "106.7682302"
      }
    },
    {
      "type": "Feature",
      "geometry": {
        "type": "Point",
        "coordinates": [
          106.7477284,
          -6.1778798
        ]
      },
      "properties": {
        "periode_data": "2024",
        "wilayah": "KOTA ADM. JAKARTA SELATAN",
        "no_registrasi": "HLT202400389",
        "jenis_halte": "REGULER",
        "kode_barang": "133010135001",
        "lokasi_alamat": "JL. RAYA KBY LAMA NO 7 RT 1 RW 1 SUKABUMI UTARA KEC KB JERUK KOTA KOTA ADM. JAKARTA BARAT DAERAH KHUSUS IBUKOTA JAKARTA 11540 PLASA PPDB",
        "lintang": "-6.1778798",
        "bujur": "106.7477284"
      }
    },
    {
      "type": "Feature",
      "geometry": {
        "type": "Point",
        "coordinates": [
          106.8645822,
          -6.2899962
        ]
      },
      "properties": {
        "periode_data": "2024",
        "wilayah": "KOTA ADM. JAKARTA SELATAN",
        "no_registrasi": "HLT202400390",
        "jenis_halte": "REGULER",
        "kode_barang": "133010135001",
        "lokasi_alamat": "JL. GATOT SUBROTO NO 72 KOMP MBAU JAKSEL RT 6 RW 1 KUNINGAN BAR KEC MAMPANG PRPT KOTA KOTA ADM. JAKARTA SELATAN DAERAH KHUSUS IBUKOTA JAKARTA 12710 DEPAN LIPI",
        "lintang": "-6.2899962",
        "bujur": "106.8645822"
      }
    },
    {
      "type": "Feature",
      "geometry": {
        "type": "Point",
        "coordinates": [
          106.8426754,
          -6.1275247
        ]
      },
      "properties": {
        "periode_data": "2024",
        "wilayah": "KOTA ADM. JAKARTA SELATAN",
        "no_registrasi": "HLT202400391",
        "jenis_halte": "REGULER",
        "kode_barang": "133010118004",
        "lokasi_alamat": "JL. RW BELONG 88 80 RT 6 RW 12 PALMERAH KEC PALMERAH KOTA KOTA ADM. JAKARTA BARAT DAERAH KHUSUS IBUKOTA JAKARTA 11530 DEPAN ADINDA FOTO",
        "lintang": "-6.1275247",
        "bujur": "106.8426754"
      }
    },
    {
      "type": "Feature",
      "geometry": {
        "type": "Point",
        "coordinates": [
          106.7627108,
          -6.1618844
        ]
      },
      "properties": {
        "periode_data": "2024",
        "wilayah": "KOTA ADM. JAKARTA SELATAN",
        "no_registrasi": "HLT202400392",
        "jenis_halte": "REGULER",
        "kode_barang": "133010135001",
        "lokasi_alamat": "JL. GATOT SUBROTO RT 4 RW 3 KUNINGAN KUNINGAN TIM KECAMATAN SETIABUDI KOTA KOTA ADM. JAKARTA SELATAN DAERAH KHUSUS IBUKOTA JAKARTA 12950 BAWAH JPO GATOT SUBROTO JAMSOSTEK",
        "lintang": "-6.1618844",
        "bujur": "106.7627108"
      }
    },
    {
      "type": "Feature",
      "geometry": {
        "type": "Point",
        "coordinates": [
          106.7726848,
          -6.1972713
        ]
      },
      "properties": {
        "periode_data": "2024",
        "wilayah": "KOTA ADM. JAKARTA SELATAN",
        "no_registrasi": "HLT202400393",
        "jenis_halte": "REGULER",
        "kode_barang": "133010135001",
        "lokasi_alamat": "JL. RAYA KB JERUK 46 24 KB JERUK KEC KB JERUK KOTA KOTA ADM. JAKARTA BARAT DAERAH KHUSUS IBUKOTA JAKARTA 11530 DEPAN YAYASAN BUNDA HATI KUDUS",
        "lintang": "-6.1972713",
        "bujur": "106.7726848"
      }
    },
    {
      "type": "Feature",
      "geometry": {
        "type": "Point",
        "coordinates": [
          106.7048153,
          -6.1564099
        ]
      },
      "properties": {
        "periode_data": "2024",
        "wilayah": "KOTA ADM. JAKARTA SELATAN",
        "no_registrasi": "HLT202400394",
        "jenis_halte": "REGULER",
        "kode_barang": "133010135001",
        "lokasi_alamat": "RT 4 RW 7 DURI KEPA KEC KB JERUK KOTA KOTA ADM. JAKARTA BARAT DAERAH KHUSUS IBUKOTA JAKARTA 11510 PKBM NEGERI 30",
        "lintang": "-6.1564099",
        "bujur": "106.7048153"
      }
    },
    {
      "type": "Feature",
      "geometry": {
        "type": "Point",
        "coordinates": [
          106.7708438,
          -6.1979407
        ]
      },
      "properties": {
        "periode_data": "2024",
        "wilayah": "KOTA ADM. JAKARTA BARAT",
        "no_registrasi": "HLT202400395",
        "jenis_halte": "REGULER",
        "kode_barang": "133010135001",
        "lokasi_alamat": "DAAN MOGOT BARAT JAKARTA BARAT JAKARTA CITY JAKARTA 11520 HALTE DEPAN KFC",
        "lintang": "-6.1979407",
        "bujur": "106.7708438"
      }
    },
    {
      "type": "Feature",
      "geometry": {
        "type": "Point",
        "coordinates": [
          106.7687752,
          -6.1964755
        ]
      },
      "properties": {
        "periode_data": "2024",
        "wilayah": "KOTA ADM. JAKARTA TIMUR",
        "no_registrasi": "HLT202400396",
        "jenis_halte": "TRANSJAKARTA",
        "kode_barang": "133010135001",
        "lokasi_alamat": "1 JL. JEND SUDIRMAN NO 315 RT 1 RW 3 KUNINGAN GELORA KECAMATAN TANAH ABANG KOTA KOTA ADM. JAKARTA PUSAT DAERAH KHUSUS IBUKOTA JAKARTA 10270 DEPAN PANIN BANK",
        "lintang": "-6.1964755",
        "bujur": "106.7687752"
      }
    },
    {
      "type": "Feature",
      "geometry": {
        "type": "Point",
        "coordinates": [
          106.8093304,
          -6.1610941
        ]
      },
      "properties": {
        "periode_data": "2024",
        "wilayah": "KOTA ADM. JAKARTA BARAT",
        "no_registrasi": "HLT202400397",
        "jenis_halte": "REGULER",
        "kode_barang": "133010135001",
        "lokasi_alamat": "JL. KEMANGGISAN UTAMA 6 2 RT 9 RW 9 KEMANGGISAN KEC PALMERAH KOTA KOTA ADM. JAKARTA BARAT DAERAH KHUSUS IBUKOTA JAKARTA 11480 HALTE KOMPLEK PAJAK",
        "lintang": "-6.1610941",
        "bujur": "106.8093304"
      }
    },
    {
      "type": "Feature",
      "geometry": {
        "type": "Point",
        "coordinates": [
          106.7036241,
          -6.1578188
        ]
      },
      "properties": {
        "periode_data": "2024",
        "wilayah": "KOTA ADM. JAKARTA BARAT",
        "no_registrasi": "HLT202400398",
        "jenis_halte": "REGULER",
        "kode_barang": "133010135001",
        "lokasi_alamat": "JL. KEMANGGISAN UTAMA NO 2 RT 2 RW 7 KEMANGGISAN KEC PALMERAH KOTA KOTA ADM. JAKARTA BARAT DAERAH KHUSUS IBUKOTA JAKARTA 11480 HALTE KEMANGGISAN UTAMA",
        "lintang": "-6.1578188",
        "bujur": "106.7036241"
      }
    },
    {
      "type": "Feature",
      "geometry": {
        "type": "Point",
        "coordinates": [
          106.859925,
          -6.121965
        ]
      },
      "properties": {
        "periode_data": "2024",
        "wilayah": "KOTA ADM. JAKARTA SELATAN",
        "no_registrasi": "HLT202400399",
        "jenis_halte": "REGULER",
        "kode_barang": "133010135001",
        "lokasi_alamat": "JL. PEJOMPONGAN RAYA 2 6 RT 4 RW 5 BEND HILIR KECAMATAN TANAH ABANG KOTA KOTA ADM. JAKARTA PUSAT DAERAH KHUSUS IBUKOTA JAKARTA 10210 HALTE KOMPLEK",
        "lintang": "-6.121965",
        "bujur": "106.859925"
      }
    },
    {
      "type": "Feature",
      "geometry": {
        "type": "Point",
        "coordinates": [
          106.8437522,
          -6.1285406
        ]
      },
      "properties": {
        "periode_data": "2024",
        "wilayah": "KOTA ADM. JAKARTA BARAT",
        "no_registrasi": "HLT202400400",
        "jenis_halte": "REGULER",
        "kode_barang": "133010118004",
        "lokasi_alamat": "JL. KEMANGGISAN UTAMA RT 10 RW 1 KEMANGGISAN KEC PALMERAH KOTA KOTA ADM. JAKARTA BARAT DAERAH KHUSUS IBUKOTA JAKARTA 11480 HALTE KEMANGGISAN",
        "lintang": "-6.1285406",
        "bujur": "106.8437522"
      }
    },
    {
      "type": "Feature",
      "geometry": {
        "type": "Point",
        "coordinates": [
          106.7999225,
          -6.2283332
        ]
      },
      "properties": {
        "periode_data": "2024",
        "wilayah": "KOTA ADM. JAKARTA PUSAT",
        "no_registrasi": "HLT202400401",
        "jenis_halte": "REGULER",
        "kode_barang": "133010135001",
        "lokasi_alamat": "JL. SRI SULTAN HAMENGKUBUWONO IX RT 2 RW 5 UJUNG MENTENG KEC CAKUNG KOTA KOTA ADM. JAKARTA TIMUR DAERAH KHUSUS IBUKOTA JAKARTA 13960 HALTE PASAR UJUNG MENTENG",
        "lintang": "-6.2283332",
        "bujur": "106.7999225"
      }
    },
    {
      "type": "Feature",
      "geometry": {
        "type": "Point",
        "coordinates": [
          106.8645016,
          -6.2528116
        ]
      },
      "properties": {
        "periode_data": "2024",
        "wilayah": "KOTA ADM. JAKARTA BARAT",
        "no_registrasi": "HLT202400402",
        "jenis_halte": "REGULER",
        "kode_barang": "133010135001",
        "lokasi_alamat": "JL. PETA SELATAN 21 RT 10 RW 14 KALIDERES KEC KALIDERES KOTA KOTA ADM. JAKARTA BARAT DAERAH KHUSUS IBUKOTA JAKARTA 11840 DEPAN FRIENDS BAKERY",
        "lintang": "-6.2528116",
        "bujur": "106.8645016"
      }
    },
    {
      "type": "Feature",
      "geometry": {
        "type": "Point",
        "coordinates": [
          106.8333215,
          -6.1404623
        ]
      },
      "properties": {
        "periode_data": "2024",
        "wilayah": "KOTA ADM. JAKARTA SELATAN",
        "no_registrasi": "HLT202400403",
        "jenis_halte": "REGULER",
        "kode_barang": "133010118004",
        "lokasi_alamat": "JL. TRUNOJOYO RT 2 RW 1 SELONG KEC KBY BARU KOTA KOTA ADM. JAKARTA SELATAN DAERAH KHUSUS IBUKOTA JAKARTA 12110 HALTE BUS WALIKOTA",
        "lintang": "-6.1404623",
        "bujur": "106.8333215"
      }
    },
    {
      "type": "Feature",
      "geometry": {
        "type": "Point",
        "coordinates": [
          106.8323786,
          -6.1380627
        ]
      },
      "properties": {
        "periode_data": "2024",
        "wilayah": "KOTA ADM. JAKARTA BARAT",
        "no_registrasi": "HLT202400404",
        "jenis_halte": "REGULER",
        "kode_barang": "133010118004",
        "lokasi_alamat": "JL. PETA SELATAN 77 88 RT 10 RW 14 KALIDERES KEC KALIDERES KOTA KOTA ADM. JAKARTA BARAT DAERAH KHUSUS IBUKOTA JAKARTA 11840 HALTE BUS SEKOLAH",
        "lintang": "-6.1380627",
        "bujur": "106.8323786"
      }
    },
    {
      "type": "Feature",
      "geometry": {
        "type": "Point",
        "coordinates": [
          106.8250147,
          -6.1873063
        ]
      },
      "properties": {
        "periode_data": "2024",
        "wilayah": "KOTA ADM. JAKARTA UTARA",
        "no_registrasi": "HLT202400522",
        "jenis_halte": "REGULER",
        "kode_barang": "133010118004",
        "lokasi_alamat": "JL. R E MARTADINATA RW 10 PADEMANGAN BAR KEC PADEMANGAN KOTA JKT UTARA DAERAH KHUSUS IBUKOTA JAKARTA 14420 DEKAT JPO REL 2",
        "lintang": "-6.1873063",
        "bujur": "106.8250147"
      }
    },
    {
      "type": "Feature",
      "geometry": {
        "type": "Point",
        "coordinates": [
          106.8812194,
          -6.2908753
        ]
      },
      "properties": {
        "periode_data": "2024",
        "wilayah": "KOTA ADM. JAKARTA TIMUR",
        "no_registrasi": "HLT202400523",
        "jenis_halte": "REGULER",
        "kode_barang": "133010135001",
        "lokasi_alamat": "JL. PENGGILINGAN RAYA PONDOK KOPI BAWAH FLY OVER PONDOOK KOPI",
        "lintang": "-6.2908753",
        "bujur": "106.8812194"
      }
    },
    {
      "type": "Feature",
      "geometry": {
        "type": "Point",
        "coordinates": [
          106.8246736,
          -6.1814386
        ]
      },
      "properties": {
        "periode_data": "2024",
        "wilayah": "KOTA ADM. JAKARTA TIMUR",
        "no_registrasi": "HLT202400524",
        "jenis_halte": "REGULER",
        "kode_barang": "133010135001",
        "lokasi_alamat": "JL. PENGGILINGAN RAYA DEKAT HALTE BUSWAY PENGGILINGAN",
        "lintang": "-6.1814386",
        "bujur": "106.8246736"
      }
    },
    {
      "type": "Feature",
      "geometry": {
        "type": "Point",
        "coordinates": [
          106.8935923,
          -6.1186715
        ]
      },
      "properties": {
        "periode_data": "2024",
        "wilayah": "KOTA ADM. JAKARTA UTARA",
        "no_registrasi": "HLT202400525",
        "jenis_halte": "REGULER",
        "kode_barang": "133010135001",
        "lokasi_alamat": "JL. R E MARTADINATA 26 17 PADEMANGAN BAR KEC PADEMANGAN KOTA JKT UTARA DAERAH KHUSUS IBUKOTA JAKARTA 14420 SAMPING JL. BUDI MULYA",
        "lintang": "-6.1186715",
        "bujur": "106.8935923"
      }
    },
    {
      "type": "Feature",
      "geometry": {
        "type": "Point",
        "coordinates": [
          106.7816839,
          -6.2541215
        ]
      },
      "properties": {
        "periode_data": "2024",
        "wilayah": "KOTA ADM. JAKARTA UTARA",
        "no_registrasi": "HLT202400526",
        "jenis_halte": "REGULER",
        "kode_barang": "133010135001",
        "lokasi_alamat": "JL. R E MARTADINATA 26 17 PADEMANGAN BAR KEC PADEMANGAN KOTA JKT UTARA DAERAH KHUSUS IBUKOTA JAKARTA 14420 HALTE THEATER MOBIL",
        "lintang": "-6.2541215",
        "bujur": "106.7816839"
      }
    },
    {
      "type": "Feature",
      "geometry": {
        "type": "Point",
        "coordinates": [
          106.8639338,
          -6.3512882
        ]
      },
      "properties": {
        "periode_data": "2024",
        "wilayah": "KOTA ADM. JAKARTA TIMUR",
        "no_registrasi": "HLT202400527",
        "jenis_halte": "REGULER",
        "kode_barang": "133010135001",
        "lokasi_alamat": "JL. PENGILINGAN RAYA DEPAN GG SWADAYA",
        "lintang": "-6.3512882",
        "bujur": "106.8639338"
      }
    },
    {
      "type": "Feature",
      "geometry": {
        "type": "Point",
        "coordinates": [
          106.8348663,
          -6.1683223
        ]
      },
      "properties": {
        "periode_data": "2024",
        "wilayah": "KOTA ADM. JAKARTA TIMUR",
        "no_registrasi": "HLT202400528",
        "jenis_halte": "REGULER",
        "kode_barang": "133010118004",
        "lokasi_alamat": "JL. I GUSTI NGURAH RAI RT 5 RW 9 KLENDER KEC DUREN SAWIT KOTA KOTA ADM. JAKARTA TIMUR DAERAH KHUSUS IBUKOTA JAKARTA 13470 HALTE JEMBATAN",
        "lintang": "-6.1683223",
        "bujur": "106.8348663"
      }
    },
    {
      "type": "Feature",
      "geometry": {
        "type": "Point",
        "coordinates": [
          106.8594143,
          -6.21829
        ]
      },
      "properties": {
        "periode_data": "2024",
        "wilayah": "KOTA ADM. JAKARTA UTARA",
        "no_registrasi": "HLT202400529",
        "jenis_halte": "REGULER",
        "kode_barang": "133010118004",
        "lokasi_alamat": "JL. PLUIT SELATAN RAYA PEJAGALAN KEC PENJARINGAN KOTA JKT UTARA DAERAH KHUSUS IBUKOTA JAKARTA 14440 SEBELUM UTURN PLUIT KARANG",
        "lintang": "-6.21829",
        "bujur": "106.8594143"
      }
    },
    {
      "type": "Feature",
      "geometry": {
        "type": "Point",
        "coordinates": [
          106.836245,
          -6.187905
        ]
      },
      "properties": {
        "periode_data": "2024",
        "wilayah": "KOTA ADM. JAKARTA UTARA",
        "no_registrasi": "HLT202400530",
        "jenis_halte": "REGULER",
        "kode_barang": "133010118004",
        "lokasi_alamat": "JL. ANCOL TIMUR ANCOL KEC PADEMANGAN KOTA JKT UTARA DAERAH KHUSUS IBUKOTA JAKARTA 14430 DEKAT TIKUNGAN ANCOL TIMUR",
        "lintang": "-6.187905",
        "bujur": "106.836245"
      }
    },
    {
      "type": "Feature",
      "geometry": {
        "type": "Point",
        "coordinates": [
          106.8138755,
          -6.2224341
        ]
      },
      "properties": {
        "periode_data": "2024",
        "wilayah": "KOTA ADM. JAKARTA TIMUR",
        "no_registrasi": "HLT202400531",
        "jenis_halte": "REGULER",
        "kode_barang": "133010118004",
        "lokasi_alamat": "JL. PENGILINGAN RAYA DEPAN GG SWADAYA",
        "lintang": "-6.2224341",
        "bujur": "106.8138755"
      }
    },
    {
      "type": "Feature",
      "geometry": {
        "type": "Point",
        "coordinates": [
          106.9422133,
          -6.2494333
        ]
      },
      "properties": {
        "periode_data": "2024",
        "wilayah": "KOTA ADM. JAKARTA UTARA",
        "no_registrasi": "HLT202400532",
        "jenis_halte": "REGULER",
        "kode_barang": "133010118004",
        "lokasi_alamat": "JL. R E MARTADINATA KOTA TUA RT 6 RW 4 ANCOL PADEMANGAN NORTH JAKARTA CITY JAKARTA 14430 DEPAN LYANDRA AMP PARTNER",
        "lintang": "-6.2494333",
        "bujur": "106.9422133"
      }
    },
    {
      "type": "Feature",
      "geometry": {
        "type": "Point",
        "coordinates": [
          106.7799505,
          -6.1818028
        ]
      },
      "properties": {
        "periode_data": "2024",
        "wilayah": "KOTA ADM. JAKARTA TIMUR",
        "no_registrasi": "HLT202400533",
        "jenis_halte": "REGULER",
        "kode_barang": "133010118004",
        "lokasi_alamat": "JL. PENGILINGAN RAYA DEPAN GG SWADAYA",
        "lintang": "-6.1818028",
        "bujur": "106.7799505"
      }
    },
    {
      "type": "Feature",
      "geometry": {
        "type": "Point",
        "coordinates": [
          106.8192412,
          -6.2169315
        ]
      },
      "properties": {
        "periode_data": "2024",
        "wilayah": "KOTA ADM. JAKARTA TIMUR",
        "no_registrasi": "HLT202400534",
        "jenis_halte": "REGULER",
        "kode_barang": "133010118004",
        "lokasi_alamat": "JL. PENGILINGAN RAYA DEPAN GG SWADAYA",
        "lintang": "-6.2169315",
        "bujur": "106.8192412"
      }
    },
    {
      "type": "Feature",
      "geometry": {
        "type": "Point",
        "coordinates": [
          106.8102467,
          -6.23153
        ]
      },
      "properties": {
        "periode_data": "2024",
        "wilayah": "KOTA ADM. JAKARTA UTARA",
        "no_registrasi": "HLT202400535",
        "jenis_halte": "REGULER",
        "kode_barang": "133010118004",
        "lokasi_alamat": "JL. GN SAHARI NO 59 RW 13 PADEMANGAN BAR KEC PADEMANGAN KOTA JKT UTARA DAERAH KHUSUS IBUKOTA JAKARTA 14420 SAMPING POMPA VIADUCT",
        "lintang": "-6.23153",
        "bujur": "106.8102467"
      }
    },
    {
      "type": "Feature",
      "geometry": {
        "type": "Point",
        "coordinates": [
          106.7755613,
          -6.1861725
        ]
      },
      "properties": {
        "periode_data": "2024",
        "wilayah": "KOTA ADM. JAKARTA SELATAN",
        "no_registrasi": "HLT202400416",
        "jenis_halte": "REGULER",
        "kode_barang": "133010118004",
        "lokasi_alamat": "JL. TEUKU UMAR RT 1 RW 1 GONDANGDIA KEC MENTENG KOTA KOTA ADM. JAKARTA PUSAT DAERAH KHUSUS IBUKOTA JAKARTA 10350 DEPAN U TURN",
        "lintang": "-6.1861725",
        "bujur": "106.7755613"
      }
    },
    {
      "type": "Feature",
      "geometry": {
        "type": "Point",
        "coordinates": [
          106.7682738,
          -6.1848989
        ]
      },
      "properties": {
        "periode_data": "2024",
        "wilayah": "KOTA ADM. JAKARTA TIMUR",
        "no_registrasi": "HLT202400417",
        "jenis_halte": "REGULER",
        "kode_barang": "133010118004",
        "lokasi_alamat": "JL. RAYA PD GEDE LUBANG BUAYA KEC MAKASAR KOTA KOTA ADM. JAKARTA TIMUR DAERAH KHUSUS IBUKOTA JAKARTA 13810 SEBRANG RS HAJI PONDOK GEDE 2",
        "lintang": "-6.1848989",
        "bujur": "106.7682738"
      }
    },
    {
      "type": "Feature",
      "geometry": {
        "type": "Point",
        "coordinates": [
          106.9141657,
          -6.1410397
        ]
      },
      "properties": {
        "periode_data": "2024",
        "wilayah": "KOTA ADM. JAKARTA SELATAN",
        "no_registrasi": "HLT202400418",
        "jenis_halte": "REGULER",
        "kode_barang": "133010118004",
        "lokasi_alamat": "KOTA ADM. JAKARTA BARAT RW 1 JEMB BESI KEC TAMBORA KOTA KOTA ADM. JAKARTA BARAT DAERAH KHUSUS IBUKOTA JAKARTA 11320 HALTE JEMBATAN BESI",
        "lintang": "-6.1410397",
        "bujur": "106.9141657"
      }
    },
    {
      "type": "Feature",
      "geometry": {
        "type": "Point",
        "coordinates": [
          106.781638,
          -6.2529439
        ]
      },
      "properties": {
        "periode_data": "2024",
        "wilayah": "KOTA ADM. JAKARTA TIMUR",
        "no_registrasi": "HLT202400419",
        "jenis_halte": "REGULER",
        "kode_barang": "133010118004",
        "lokasi_alamat": "JL. RAYA PD GEDE 38 RT 2 RW 2 DUKUH KEC KRAMAT JATI KOTA KOTA ADM. JAKARTA TIMUR DAERAH KHUSUS IBUKOTA JAKARTA 13550 SEBRANG UNIVERSITAS MH THAMRIN",
        "lintang": "-6.2529439",
        "bujur": "106.781638"
      }
    },
    {
      "type": "Feature",
      "geometry": {
        "type": "Point",
        "coordinates": [
          106.7692771,
          -6.201107
        ]
      },
      "properties": {
        "periode_data": "2024",
        "wilayah": "KOTA ADM. JAKARTA UTARA",
        "no_registrasi": "HLT202400420",
        "jenis_halte": "REGULER",
        "kode_barang": "133010118004",
        "lokasi_alamat": "KOTA ADM. JAKARTA UTARA RT 10 RW 11 KLP GADING BAR KEC KLP GADING KOTA JKT UTARA DAERAH KHUSUS IBUKOTA JAKARTA 14240 HALTE SUNTER KELAPA GADING",
        "lintang": "-6.201107",
        "bujur": "106.7692771"
      }
    },
    {
      "type": "Feature",
      "geometry": {
        "type": "Point",
        "coordinates": [
          106.7865301,
          -6.2338395
        ]
      },
      "properties": {
        "periode_data": "2024",
        "wilayah": "KOTA ADM. JAKARTA TIMUR",
        "no_registrasi": "HLT202400421",
        "jenis_halte": "REGULER",
        "kode_barang": "133010118004",
        "lokasi_alamat": "JL. PERSAHABATAN UTARA 13 RT 16 RW 13 PISANGAN TIM KEC PULO GADUNG KOTA KOTA ADM. JAKARTA TIMUR DAERAH KHUSUS IBUKOTA JAKARTA 13230 HALTE PERSAHABATAN",
        "lintang": "-6.2338395",
        "bujur": "106.7865301"
      }
    },
    {
      "type": "Feature",
      "geometry": {
        "type": "Point",
        "coordinates": [
          106.9422357,
          -6.2493992
        ]
      },
      "properties": {
        "periode_data": "2024",
        "wilayah": "KOTA ADM. JAKARTA BARAT",
        "no_registrasi": "HLT202400422",
        "jenis_halte": "REGULER",
        "kode_barang": "133010118004",
        "lokasi_alamat": "JL. CENDRAWASIH RAYA NO 17 RT 6 RW 6 CENGKARENG BAR KECAMATAN CENGKARENG KOTA KOTA ADM. JAKARTA BARAT DAERAH KHUSUS IBUKOTA JAKARTA 11730 HALTE BUS SEKOLAH",
        "lintang": "-6.2493992",
        "bujur": "106.9422357"
      }
    },
    {
      "type": "Feature",
      "geometry": {
        "type": "Point",
        "coordinates": [
          106.8136922,
          -6.2007909
        ]
      },
      "properties": {
        "periode_data": "2024",
        "wilayah": "KOTA ADM. JAKARTA BARAT",
        "no_registrasi": "HLT202400423",
        "jenis_halte": "REGULER",
        "kode_barang": "133010118004",
        "lokasi_alamat": "JL. TOMANG RAYA RT 5 RW 1 JATIPULO KEC PALMERAH KOTA KOTA ADM. JAKARTA BARAT DAERAH KHUSUS IBUKOTA JAKARTA 11440 ATM BANK LAMPUNG",
        "lintang": "-6.2007909",
        "bujur": "106.8136922"
      }
    },
    {
      "type": "Feature",
      "geometry": {
        "type": "Point",
        "coordinates": [
          106.7310472,
          -6.1236749
        ]
      },
      "properties": {
        "periode_data": "2024",
        "wilayah": "KOTA ADM. JAKARTA PUSAT",
        "no_registrasi": "HLT202400424",
        "jenis_halte": "REGULER",
        "kode_barang": "133010118004",
        "lokasi_alamat": "JL. SRI SULTAN HAMENGKUBUWONO IX RT 1 RW 4 UJUNG MENTENG KEC CAKUNG KOTA KOTA ADM. JAKARTA TIMUR DAERAH KHUSUS IBUKOTA JAKARTA 13960 HALTE METLAND MENTENG",
        "lintang": "-6.1236749",
        "bujur": "106.7310472"
      }
    },
    {
      "type": "Feature",
      "geometry": {
        "type": "Point",
        "coordinates": [
          106.819956,
          -6.1763674
        ]
      },
      "properties": {
        "periode_data": "2024",
        "wilayah": "KOTA ADM. JAKARTA UTARA",
        "no_registrasi": "HLT202400425",
        "jenis_halte": "REGULER",
        "kode_barang": "133010118004",
        "lokasi_alamat": "JL. GN SAHARI NO 1 RT 12 RW 6 PADEMANGAN BAR KEC PADEMANGAN KOTA JKT UTARA DAERAH KHUSUS IBUKOTA JAKARTA 14420 DEPAN MANGGA DUA SQUARE",
        "lintang": "-6.1763674",
        "bujur": "106.819956"
      }
    },
    {
      "type": "Feature",
      "geometry": {
        "type": "Point",
        "coordinates": [
          106.7307381,
          -6.1235998
        ]
      },
      "properties": {
        "periode_data": "2024",
        "wilayah": "KOTA ADM. JAKARTA SELATAN",
        "no_registrasi": "HLT202400426",
        "jenis_halte": "REGULER",
        "kode_barang": "133010118004",
        "lokasi_alamat": "JL. SAMANHUDI KOTA ADM. JAKARTA PUSAT RT 5 RW 3 PS BARU KECAMATAN SAWAH BESAR KOTA KOTA ADM. JAKARTA PUSAT DAERAH KHUSUS IBUKOTA JAKARTA 10710 HALTE GRAHA SINDHU",
        "lintang": "-6.1235998",
        "bujur": "106.7307381"
      }
    },
    {
      "type": "Feature",
      "geometry": {
        "type": "Point",
        "coordinates": [
          106.8192454,
          -6.1779312
        ]
      },
      "properties": {
        "periode_data": "2024",
        "wilayah": "KOTA ADM. JAKARTA PUSAT",
        "no_registrasi": "HLT202400427",
        "jenis_halte": "REGULER",
        "kode_barang": "133010118004",
        "lokasi_alamat": "JL. GN SAHARI RT 7 RW 5 GN SAHARI UTARA KECAMATAN SAWAH BESAR KOTA KOTA ADM. JAKARTA PUSAT DAERAH KHUSUS IBUKOTA JAKARTA 10720 HALTE BCA",
        "lintang": "-6.1779312",
        "bujur": "106.8192454"
      }
    },
    {
      "type": "Feature",
      "geometry": {
        "type": "Point",
        "coordinates": [
          106.7028971,
          -6.147313
        ]
      },
      "properties": {
        "periode_data": "2024",
        "wilayah": "KOTA ADM. JAKARTA SELATAN",
        "no_registrasi": "HLT202400428",
        "jenis_halte": "REGULER",
        "kode_barang": "133010118004",
        "lokasi_alamat": "JL. GN SAHARI RW 5 GN SAHARI UTARA KECAMATAN SAWAH BESAR KOTA KOTA ADM. JAKARTA PUSAT DAERAH KHUSUS IBUKOTA JAKARTA 10710 SAMPING KALI",
        "lintang": "-6.147313",
        "bujur": "106.7028971"
      }
    },
    {
      "type": "Feature",
      "geometry": {
        "type": "Point",
        "coordinates": [
          106.8171433,
          -6.1815578
        ]
      },
      "properties": {
        "periode_data": "2024",
        "wilayah": "KOTA ADM. JAKARTA SELATAN",
        "no_registrasi": "HLT202400429",
        "jenis_halte": "REGULER",
        "kode_barang": "133010118004",
        "lokasi_alamat": "JL. BUDI UTOMO 7 6 PS BARU KECAMATAN SAWAH BESAR KOTA KOTA ADM. JAKARTA PUSAT DAERAH KHUSUS IBUKOTA JAKARTA 10710 HALTE BUDI UTOMO",
        "lintang": "-6.1815578",
        "bujur": "106.8171433"
      }
    },
    {
      "type": "Feature",
      "geometry": {
        "type": "Point",
        "coordinates": [
          106.7297806,
          -6.1435337
        ]
      },
      "properties": {
        "periode_data": "2024",
        "wilayah": "KOTA ADM. JAKARTA PUSAT",
        "no_registrasi": "HLT202400430",
        "jenis_halte": "REGULER",
        "kode_barang": "133010118004",
        "lokasi_alamat": "JL. GN SAHARI PUSAT JAKARTA RT 1 RW 3 UTARA GUNUNG SAHARI SAWAH BESAR PUSAT JAKARTA CITY JAKARTA 10750 SAMPING JEMBATAN",
        "lintang": "-6.1435337",
        "bujur": "106.7297806"
      }
    },
    {
      "type": "Feature",
      "geometry": {
        "type": "Point",
        "coordinates": [
          106.8162818,
          -6.1486911
        ]
      },
      "properties": {
        "periode_data": "2024",
        "wilayah": "KOTA ADM. JAKARTA BARAT",
        "no_registrasi": "HLT202400431",
        "jenis_halte": "REGULER",
        "kode_barang": "133010118004",
        "lokasi_alamat": "JL. KS TUBUN 10 RT 4 RW 2 KOTA BAMBU SEL KEC PALMERAH KOTA KOTA ADM. JAKARTA BARAT DAERAH KHUSUS IBUKOTA JAKARTA 11420 SEBRANG HOTEL KALISMA",
        "lintang": "-6.1486911",
        "bujur": "106.8162818"
      }
    },
    {
      "type": "Feature",
      "geometry": {
        "type": "Point",
        "coordinates": [
          106.7222483,
          -6.1498667
        ]
      },
      "properties": {
        "periode_data": "2024",
        "wilayah": "KOTA ADM. JAKARTA SELATAN",
        "no_registrasi": "HLT202400432",
        "jenis_halte": "REGULER",
        "kode_barang": "133010118004",
        "lokasi_alamat": "JL. DR SUTOMO PS BARU KECAMATAN SAWAH BESAR KOTA KOTA ADM. JAKARTA PUSAT DAERAH KHUSUS IBUKOTA JAKARTA HALTE PASAR BARU",
        "lintang": "-6.1498667",
        "bujur": "106.7222483"
      }
    },
    {
      "type": "Feature",
      "geometry": {
        "type": "Point",
        "coordinates": [
          106.8352282,
          -6.186927
        ]
      },
      "properties": {
        "periode_data": "2024",
        "wilayah": "KOTA ADM. JAKARTA TIMUR",
        "no_registrasi": "HLT202400433",
        "jenis_halte": "REGULER",
        "kode_barang": "133010118004",
        "lokasi_alamat": "JL. GN SAHARI RT 2 RW 1 GN SAHARI SEL KEC KEMAYORAN KOTA KOTA ADM. JAKARTA PUSAT DAERAH KHUSUS IBUKOTA JAKARTA 10710 HALTE PS BARU TIMUR",
        "lintang": "-6.186927",
        "bujur": "106.8352282"
      }
    },
    {
      "type": "Feature",
      "geometry": {
        "type": "Point",
        "coordinates": [
          106.859008,
          -6.3023725
        ]
      },
      "properties": {
        "periode_data": "2024",
        "wilayah": "KOTA ADM. JAKARTA PUSAT",
        "no_registrasi": "HLT202400434",
        "jenis_halte": "REGULER",
        "kode_barang": "133010118004",
        "lokasi_alamat": "JL. KS TUBUN 93 97 RT 1 RW 4 PETAMBURAN KECAMATAN TANAH ABANG KOTA KOTA ADM. JAKARTA PUSAT DAERAH KHUSUS IBUKOTA JAKARTA 11410 HALTE BETHEL",
        "lintang": "-6.3023725",
        "bujur": "106.859008"
      }
    },
    {
      "type": "Feature",
      "geometry": {
        "type": "Point",
        "coordinates": [
          106.8512054,
          -6.304161
        ]
      },
      "properties": {
        "periode_data": "2024",
        "wilayah": "KOTA ADM. JAKARTA SELATAN",
        "no_registrasi": "HLT202400435",
        "jenis_halte": "REGULER",
        "kode_barang": "133010118004",
        "lokasi_alamat": "JL. GN SAHARI RT 1 RW 1 GN SAHARI SEL KEC KEMAYORAN KOTA KOTA ADM. JAKARTA PUSAT DAERAH KHUSUS IBUKOTA JAKARTA 10710 HALTE TELKOM",
        "lintang": "-6.304161",
        "bujur": "106.8512054"
      }
    },
    {
      "type": "Feature",
      "geometry": {
        "type": "Point",
        "coordinates": [
          106.9217533,
          -6.1082588
        ]
      },
      "properties": {
        "periode_data": "2024",
        "wilayah": "KOTA ADM. JAKARTA BARAT",
        "no_registrasi": "HLT202400436",
        "jenis_halte": "REGULER",
        "kode_barang": "133010118004",
        "lokasi_alamat": "JL. KS TUBUN KOTA ADM. JAKARTA BARAT RW 5 SLIPI KEC PALMERAH KOTA KOTA ADM. JAKARTA BARAT DAERAH KHUSUS IBUKOTA JAKARTA 11410 SEBRANG SPBU",
        "lintang": "-6.1082588",
        "bujur": "106.9217533"
      }
    },
    {
      "type": "Feature",
      "geometry": {
        "type": "Point",
        "coordinates": [
          106.8507473,
          -6.3045183
        ]
      },
      "properties": {
        "periode_data": "2024",
        "wilayah": "KOTA ADM. JAKARTA PUSAT",
        "no_registrasi": "HLT202400437",
        "jenis_halte": "REGULER",
        "kode_barang": "133010118004",
        "lokasi_alamat": "JL. KS TUBUN RT 1 RW 4 PETAMBURAN KECAMATAN TANAH ABANG KOTA KOTA ADM. JAKARTA PUSAT DAERAH KHUSUS IBUKOTA JAKARTA 11410 DEPAN KANTOR POLISI",
        "lintang": "-6.3045183",
        "bujur": "106.8507473"
      }
    },
    {
      "type": "Feature",
      "geometry": {
        "type": "Point",
        "coordinates": [
          106.9201602,
          -6.1079615
        ]
      },
      "properties": {
        "periode_data": "2024",
        "wilayah": "KOTA ADM. JAKARTA SELATAN",
        "no_registrasi": "HLT202400438",
        "jenis_halte": "REGULER",
        "kode_barang": "133010135001",
        "lokasi_alamat": "JL. RAYA JAKARTA BOGOR RT 6 RW 2 PEKAYON KEC PS REBO KOTA KOTA ADM. JAKARTA TIMUR DAERAH KHUSUS IBUKOTA JAKARTA 13710 HALTE DETA",
        "lintang": "-6.1079615",
        "bujur": "106.9201602"
      }
    },
    {
      "type": "Feature",
      "geometry": {
        "type": "Point",
        "coordinates": [
          106.8690203,
          -6.3399248
        ]
      },
      "properties": {
        "periode_data": "2024",
        "wilayah": "KOTA ADM. JAKARTA SELATAN",
        "no_registrasi": "HLT202400439",
        "jenis_halte": "REGULER",
        "kode_barang": "133010135001",
        "lokasi_alamat": "JL. RAYA MUNJUL RT 6 RW 1 MUNJUL KEC CIPAYUNG KOTA KOTA ADM. JAKARTA TIMUR DAERAH KHUSUS IBUKOTA JAKARTA 13850 HALTE MUNJUL II",
        "lintang": "-6.3399248",
        "bujur": "106.8690203"
      }
    },
    {
      "type": "Feature",
      "geometry": {
        "type": "Point",
        "coordinates": [
          106.9150403,
          -6.108527
        ]
      },
      "properties": {
        "periode_data": "2024",
        "wilayah": "KOTA ADM. JAKARTA PUSAT",
        "no_registrasi": "HLT202400440",
        "jenis_halte": "REGULER",
        "kode_barang": "133010118004",
        "lokasi_alamat": "JL. PALMERAH BARAT RT 4 RW 7 GELORA KEC PALMERAH KOTA KOTA ADM. JAKARTA BARAT DAERAH KHUSUS IBUKOTA JAKARTA 10270 DEPAN SEDERHANA",
        "lintang": "-6.108527",
        "bujur": "106.9150403"
      }
    },
    {
      "type": "Feature",
      "geometry": {
        "type": "Point",
        "coordinates": [
          106.7180452,
          -6.1532322
        ]
      },
      "properties": {
        "periode_data": "2024",
        "wilayah": "KOTA ADM. JAKARTA BARAT",
        "no_registrasi": "HLT202400441",
        "jenis_halte": "REGULER",
        "kode_barang": "133010135001",
        "lokasi_alamat": "JL. PALMERAH BARAT RT 4 RW 7 PALMERAH KEC PALMERAH KOTA KOTA ADM. JAKARTA BARAT DAERAH KHUSUS IBUKOTA JAKARTA 10270 HALTE PASAR PISANG",
        "lintang": "-6.1532322",
        "bujur": "106.7180452"
      }
    },
    {
      "type": "Feature",
      "geometry": {
        "type": "Point",
        "coordinates": [
          106.7053938,
          -6.1577692
        ]
      },
      "properties": {
        "periode_data": "2024",
        "wilayah": "KOTA ADM. JAKARTA SELATAN",
        "no_registrasi": "HLT202400442",
        "jenis_halte": "REGULER",
        "kode_barang": "133010118004",
        "lokasi_alamat": "JL. RAWAMANGUN MUKA BARAT NO 9P RT 12 RW 12 RAWAMANGUN KEC PULO GADUNG KOTA KOTA ADM. JAKARTA TIMUR DAERAH KHUSUS IBUKOTA JAKARTA 13220 HALTE RAWAMANGUN MUKA BARAT",
        "lintang": "-6.1577692",
        "bujur": "106.7053938"
      }
    },
    {
      "type": "Feature",
      "geometry": {
        "type": "Point",
        "coordinates": [
          106.9100057,
          -6.1091151
        ]
      },
      "properties": {
        "periode_data": "2024",
        "wilayah": "KOTA ADM. JAKARTA UTARA",
        "no_registrasi": "HLT202400443",
        "jenis_halte": "REGULER",
        "kode_barang": "133010118004",
        "lokasi_alamat": "JL. CAKUNG CILINCING RAYA 14 RT 1 RW 3 SEMPER TIM KEC CILINCING KOTA JKT UTARA DAERAH KHUSUS IBUKOTA JAKARTA 14130 HALTE KEBON BARU",
        "lintang": "-6.1091151",
        "bujur": "106.9100057"
      }
    },
    {
      "type": "Feature",
      "geometry": {
        "type": "Point",
        "coordinates": [
          106.8262339,
          -6.1685564
        ]
      },
      "properties": {
        "periode_data": "2024",
        "wilayah": "KOTA ADM. JAKARTA SELATAN",
        "no_registrasi": "HLT202400444",
        "jenis_halte": "REGULER",
        "kode_barang": "133010135001",
        "lokasi_alamat": "JL. HAJI DARIP KM 17 RT 9 RW 9 PISANGAN TIM KEC PULO GADUNG KOTA KOTA ADM. JAKARTA TIMUR DAERAH KHUSUS IBUKOTA JAKARTA 13240 SEBRANG RUTAN 1 CIPINANG",
        "lintang": "-6.1685564",
        "bujur": "106.8262339"
      }
    },
    {
      "type": "Feature",
      "geometry": {
        "type": "Point",
        "coordinates": [
          106.7034293,
          -6.1256324
        ]
      },
      "properties": {
        "periode_data": "2024",
        "wilayah": "KOTA ADM. JAKARTA PUSAT",
        "no_registrasi": "HLT202400445",
        "jenis_halte": "REGULER",
        "kode_barang": "133010135001",
        "lokasi_alamat": "JL. PANGERAN JAYAKARTA 117 RT 7 RW 7 MANGGA DUA SEL KECAMATAN SAWAH BESAR KOTA KOTA ADM. JAKARTA PUSAT DAERAH KHUSUS IBUKOTA JAKARTA 10730 HALTE PANGERAN JAYAKARTA",
        "lintang": "-6.1256324",
        "bujur": "106.7034293"
      }
    },
    {
      "type": "Feature",
      "geometry": {
        "type": "Point",
        "coordinates": [
          106.8221906,
          -6.1673559
        ]
      },
      "properties": {
        "periode_data": "2024",
        "wilayah": "KOTA ADM. JAKARTA SELATAN",
        "no_registrasi": "HLT202400446",
        "jenis_halte": "REGULER",
        "kode_barang": "133010118004",
        "lokasi_alamat": "JL. R MANGUN MUKA RAYA RW 14 RAWAMANGUN KEC PULO GADUNG KOTA KOTA ADM. JAKARTA TIMUR DAERAH KHUSUS IBUKOTA JAKARTA 13220 HALTE UNJ",
        "lintang": "-6.1673559",
        "bujur": "106.8221906"
      }
    },
    {
      "type": "Feature",
      "geometry": {
        "type": "Point",
        "coordinates": [
          106.8486755,
          -6.3048175
        ]
      },
      "properties": {
        "periode_data": "2024",
        "wilayah": "KOTA ADM. JAKARTA UTARA",
        "no_registrasi": "HLT202400447",
        "jenis_halte": "REGULER",
        "kode_barang": "133010118004",
        "lokasi_alamat": "JL. CAKUNG CILINCING RAYA RT 2 RW 5 ROROTAN KEC CILINCING KOTA JKT UTARA DAERAH KHUSUS IBUKOTA JAKARTA 14140 DEPAN KBN",
        "lintang": "-6.3048175",
        "bujur": "106.8486755"
      }
    },
    {
      "type": "Feature",
      "geometry": {
        "type": "Point",
        "coordinates": [
          106.8847569,
          -6.2021899
        ]
      },
      "properties": {
        "periode_data": "2024",
        "wilayah": "KOTA ADM. JAKARTA UTARA",
        "no_registrasi": "HLT202400448",
        "jenis_halte": "REGULER",
        "kode_barang": "133010135001",
        "lokasi_alamat": "JL. CAKUNG CILINCING RAYA RT 2 RW 5 ROROTAN KEC CILINCING KOTA JKT UTARA DAERAH KHUSUS IBUKOTA JAKARTA 14140 DEPAN KBN",
        "lintang": "-6.2021899",
        "bujur": "106.8847569"
      }
    },
    {
      "type": "Feature",
      "geometry": {
        "type": "Point",
        "coordinates": [
          106.8307395,
          -6.1680107
        ]
      },
      "properties": {
        "periode_data": "2024",
        "wilayah": "KOTA ADM. JAKARTA TIMUR",
        "no_registrasi": "HLT202400449",
        "jenis_halte": "REGULER",
        "kode_barang": "133010118004",
        "lokasi_alamat": "JL. LENTENG AGUNG RAYA RT 11 RW 5 LENTENG AGUNG KEC JAGAKARSA KOTA KOTA ADM. JAKARTA SELATAN DAERAH KHUSUS IBUKOTA JAKARTA 12630 HALTE KAMPUS TERCINTA",
        "lintang": "-6.1680107",
        "bujur": "106.8307395"
      }
    },
    {
      "type": "Feature",
      "geometry": {
        "type": "Point",
        "coordinates": [
          106.8269718,
          -6.1679571
        ]
      },
      "properties": {
        "periode_data": "2024",
        "wilayah": "KOTA ADM. JAKARTA TIMUR",
        "no_registrasi": "HLT202400450",
        "jenis_halte": "REGULER",
        "kode_barang": "133010118004",
        "lokasi_alamat": "JL. RAYA PS MINGGU RT 1 RW 8 PS MINGGU KEC PS MINGGU KOTA KOTA ADM. JAKARTA SELATAN DAERAH KHUSUS IBUKOTA JAKARTA 12520 HALTE TANJUNG BARAT",
        "lintang": "-6.1679571",
        "bujur": "106.8269718"
      }
    },
    {
      "type": "Feature",
      "geometry": {
        "type": "Point",
        "coordinates": [
          106.8985729,
          -6.1779944
        ]
      },
      "properties": {
        "periode_data": "2024",
        "wilayah": "KOTA ADM. JAKARTA UTARA",
        "no_registrasi": "HLT202400451",
        "jenis_halte": "REGULER",
        "kode_barang": "133010118004",
        "lokasi_alamat": "JL. CAKUNG CILINCING RAYA 142 RW 3 SEMPER TIM KEC CILINCING KOTA JKT UTARA DAERAH KHUSUS IBUKOTA JAKARTA 14130 HALTE TUGU",
        "lintang": "-6.1779944",
        "bujur": "106.8985729"
      }
    },
    {
      "type": "Feature",
      "geometry": {
        "type": "Point",
        "coordinates": [
          106.8303665,
          -6.1726627
        ]
      },
      "properties": {
        "periode_data": "2024",
        "wilayah": "KOTA ADM. JAKARTA PUSAT",
        "no_registrasi": "HLT202400452",
        "jenis_halte": "REGULER",
        "kode_barang": "133010118004",
        "lokasi_alamat": "JL. IMAM BONJOL 61 RT 2 RW 5 MENTENG KEC MENTENG KOTA KOTA ADM. JAKARTA PUSAT DAERAH KHUSUS IBUKOTA JAKARTA 10310 HALTE BBD",
        "lintang": "-6.1726627",
        "bujur": "106.8303665"
      }
    },
    {
      "type": "Feature",
      "geometry": {
        "type": "Point",
        "coordinates": [
          106.8613764,
          -6.1520656
        ]
      },
      "properties": {
        "periode_data": "2024",
        "wilayah": "KOTA ADM. JAKARTA TIMUR",
        "no_registrasi": "HLT202400453",
        "jenis_halte": "REGULER",
        "kode_barang": "133010135001",
        "lokasi_alamat": "JL. TJ BARAT RAYA RT 7 RW 7 PS MINGGU KEC PS MINGGU KOTA KOTA ADM. JAKARTA SELATAN DAERAH KHUSUS IBUKOTA JAKARTA 12520 HALTE KOMPLEK AL",
        "lintang": "-6.1520656",
        "bujur": "106.8613764"
      }
    },
    {
      "type": "Feature",
      "geometry": {
        "type": "Point",
        "coordinates": [
          106.8428267,
          -6.1781
        ]
      },
      "properties": {
        "periode_data": "2024",
        "wilayah": "KOTA ADM. JAKARTA TIMUR",
        "no_registrasi": "HLT202400454",
        "jenis_halte": "REGULER",
        "kode_barang": "133010118004",
        "lokasi_alamat": "JL. TJ BARAT RAYA RT 7 RW 7 PS MINGGU KEC PS MINGGU KOTA KOTA ADM. JAKARTA SELATAN DAERAH KHUSUS IBUKOTA JAKARTA 12520 HALTE DEPAN PEGADAIAN",
        "lintang": "-6.1781",
        "bujur": "106.8428267"
      }
    },
    {
      "type": "Feature",
      "geometry": {
        "type": "Point",
        "coordinates": [
          106.8621685,
          -6.304628
        ]
      },
      "properties": {
        "periode_data": "2024",
        "wilayah": "KOTA ADM. JAKARTA PUSAT",
        "no_registrasi": "HLT202400455",
        "jenis_halte": "REGULER",
        "kode_barang": "133010135001",
        "lokasi_alamat": "JL. IMAM BONJOL 26 12 RT 3 RW 5 MENTENG KEC MENTENG KOTA KOTA ADM. JAKARTA PUSAT DAERAH KHUSUS IBUKOTA JAKARTA 10310 HALTE KARTINI",
        "lintang": "-6.304628",
        "bujur": "106.8621685"
      }
    },
    {
      "type": "Feature",
      "geometry": {
        "type": "Point",
        "coordinates": [
          106.8381911,
          -6.1630986
        ]
      },
      "properties": {
        "periode_data": "2024",
        "wilayah": "KOTA ADM. JAKARTA UTARA",
        "no_registrasi": "HLT202400456",
        "jenis_halte": "REGULER",
        "kode_barang": "133010135001",
        "lokasi_alamat": "JL. KRAMAT JAYA RAYA RT 2 RW 14 TUGU UTARA KEC KOJA KOTA JKT UTARA DAERAH KHUSUS IBUKOTA JAKARTA 14260 DEPAN RAMAYANA SEMPER",
        "lintang": "-6.1630986",
        "bujur": "106.8381911"
      }
    },
    {
      "type": "Feature",
      "geometry": {
        "type": "Point",
        "coordinates": [
          106.8559365,
          -6.1340096
        ]
      },
      "properties": {
        "periode_data": "2024",
        "wilayah": "KOTA ADM. JAKARTA TIMUR",
        "no_registrasi": "HLT202400457",
        "jenis_halte": "REGULER",
        "kode_barang": "133010118004",
        "lokasi_alamat": "JL. KOMP DEPKES RT 1 RW 7 PS MINGGU KEC PS MINGGU KOTA KOTA ADM. JAKARTA SELATAN DAERAH KHUSUS IBUKOTA JAKARTA 12520 HALTE BAMBU",
        "lintang": "-6.1340096",
        "bujur": "106.8559365"
      }
    },
    {
      "type": "Feature",
      "geometry": {
        "type": "Point",
        "coordinates": [
          106.855926,
          -6.1346896
        ]
      },
      "properties": {
        "periode_data": "2024",
        "wilayah": "KOTA ADM. JAKARTA UTARA",
        "no_registrasi": "HLT202400458",
        "jenis_halte": "REGULER",
        "kode_barang": "133010118004",
        "lokasi_alamat": "JL. KRAMAT JAYA RAYA 20 RT 5 RW 14 TUGU UTARA KEC KOJA KOTA JKT UTARA DAERAH KHUSUS IBUKOTA JAKARTA 14260 DEPAN RS PELABUHAN",
        "lintang": "-6.1346896",
        "bujur": "106.855926"
      }
    },
    {
      "type": "Feature",
      "geometry": {
        "type": "Point",
        "coordinates": [
          106.8815016,
          -6.3091533
        ]
      },
      "properties": {
        "periode_data": "2024",
        "wilayah": "KOTA ADM. JAKARTA TIMUR",
        "no_registrasi": "HLT202400459",
        "jenis_halte": "REGULER",
        "kode_barang": "133010118004",
        "lokasi_alamat": "JL. PEGANGSAAN BARAT NO 14 RT 16 RW 06 MENTENG KECAMATAN MENTENG KOTA KOTA ADM. JAKARTA PUSAT HALTE PEGANGSAAN BARAT",
        "lintang": "-6.3091533",
        "bujur": "106.8815016"
      }
    },
    {
      "type": "Feature",
      "geometry": {
        "type": "Point",
        "coordinates": [
          106.893075,
          -6.1218783
        ]
      },
      "properties": {
        "periode_data": "2024",
        "wilayah": "KOTA ADM. JAKARTA UTARA",
        "no_registrasi": "HLT202400460",
        "jenis_halte": "REGULER",
        "kode_barang": "133010135001",
        "lokasi_alamat": "JL. KRAMAT JAYA RAYA RT 2 RW 14 TUGU UTARA KEC KOJA KOTA JKT UTARA DAERAH KHUSUS IBUKOTA JAKARTA 14260 HALTE RAMAYANA",
        "lintang": "-6.1218783",
        "bujur": "106.893075"
      }
    },
    {
      "type": "Feature",
      "geometry": {
        "type": "Point",
        "coordinates": [
          106.8219067,
          -6.2947763
        ]
      },
      "properties": {
        "periode_data": "2024",
        "wilayah": "KOTA ADM. JAKARTA TIMUR",
        "no_registrasi": "HLT202400461",
        "jenis_halte": "REGULER",
        "kode_barang": "133010135001",
        "lokasi_alamat": "JL. LETJEND SUPRAPTO RW 1 KEC SENEN KOTA KOTA ADM. JAKARTA PUSAT DAERAH KHUSUS IBUKOTA JAKARTA 10410 HALTE ST SENEN",
        "lintang": "-6.2947763",
        "bujur": "106.8219067"
      }
    },
    {
      "type": "Feature",
      "geometry": {
        "type": "Point",
        "coordinates": [
          106.8873833,
          -6.2141194
        ]
      },
      "properties": {
        "periode_data": "2024",
        "wilayah": "KOTA ADM. JAKARTA UTARA",
        "no_registrasi": "HLT202400462",
        "jenis_halte": "REGULER",
        "kode_barang": "133010118004",
        "lokasi_alamat": "GANG VC CILINGCING JL. KRAMAT JAYA RAYA RW 1 TUGU UTARA KEC KOJA DKI JAKARTA DAERAH KHUSUS IBUKOTA JAKARTA 14260 HALTE BUS SEKOLAH",
        "lintang": "-6.2141194",
        "bujur": "106.8873833"
      }
    },
    {
      "type": "Feature",
      "geometry": {
        "type": "Point",
        "coordinates": [
          106.8834747,
          -6.1932701
        ]
      },
      "properties": {
        "periode_data": "2024",
        "wilayah": "KOTA ADM. JAKARTA TIMUR",
        "no_registrasi": "HLT202400463",
        "jenis_halte": "REGULER",
        "kode_barang": "133010118004",
        "lokasi_alamat": "JL. PALMERAH SELATAN KOTA ADM. JAKARTA PUSAT RT 4 RW 2 GELORA TANAHABANG KOTA KOTA ADM. JAKARTA PUSAT DAERAH KHUSUS IBUKOTA JAKARTA 10270 HALTE PASAR PAL MERAH",
        "lintang": "-6.1932701",
        "bujur": "106.8834747"
      }
    },
    {
      "type": "Feature",
      "geometry": {
        "type": "Point",
        "coordinates": [
          106.8983714,
          -6.2134243
        ]
      },
      "properties": {
        "periode_data": "2024",
        "wilayah": "KOTA ADM. JAKARTA PUSAT",
        "no_registrasi": "HLT202400464",
        "jenis_halte": "REGULER",
        "kode_barang": "133010118004",
        "lokasi_alamat": "JL. TANAH ABANG II 104 78 RT 9 RW 3 CIDENG KECAMATAN GAMBIR KOTA KOTA ADM. JAKARTA PUSAT DAERAH KHUSUS IBUKOTA JAKARTA 10150 HALTE GEREJA BUNDA",
        "lintang": "-6.2134243",
        "bujur": "106.8983714"
      }
    },
    {
      "type": "Feature",
      "geometry": {
        "type": "Point",
        "coordinates": [
          106.8893059,
          -6.1934104
        ]
      },
      "properties": {
        "periode_data": "2024",
        "wilayah": "KOTA ADM. JAKARTA TIMUR",
        "no_registrasi": "HLT202400465",
        "jenis_halte": "REGULER",
        "kode_barang": "133010118004",
        "lokasi_alamat": "JL. K H MAS MANSYUR 127 KARET TENGSIN KECAMATAN TANAH ABANG KOTA KOTA ADM. JAKARTA PUSAT DAERAH KHUSUS IBUKOTA JAKARTA 10250 DEPAN GEENWOOD",
        "lintang": "-6.1934104",
        "bujur": "106.8893059"
      }
    },
    {
      "type": "Feature",
      "geometry": {
        "type": "Point",
        "coordinates": [
          106.8821055,
          -6.2144927
        ]
      },
      "properties": {
        "periode_data": "2024",
        "wilayah": "KOTA ADM. JAKARTA TIMUR",
        "no_registrasi": "HLT202400466",
        "jenis_halte": "REGULER",
        "kode_barang": "133010118004",
        "lokasi_alamat": "JL. BEKASI BARAT RT 13 RW 16 RW BUNGA KEC MATRAMAN KOTA KOTA ADM. JAKARTA TIMUR DAERAH KHUSUS IBUKOTA JAKARTA 13110 HALTE ST KA JATINEGARA",
        "lintang": "-6.2144927",
        "bujur": "106.8821055"
      }
    },
    {
      "type": "Feature",
      "geometry": {
        "type": "Point",
        "coordinates": [
          106.8608647,
          -6.1945638
        ]
      },
      "properties": {
        "periode_data": "2024",
        "wilayah": "KOTA ADM. JAKARTA PUSAT",
        "no_registrasi": "HLT202400467",
        "jenis_halte": "REGULER",
        "kode_barang": "133010118004",
        "lokasi_alamat": "JL. K H MAS MANSYUR 40 38 RT 1 RW 7 KB KACANG KECAMATAN TANAH ABANG KOTA KOTA ADM. JAKARTA PUSAT DAERAH KHUSUS IBUKOTA JAKARTA 10240 HALTE RUMAH SUSUN",
        "lintang": "-6.1945638",
        "bujur": "106.8608647"
      }
    },
    {
      "type": "Feature",
      "geometry": {
        "type": "Point",
        "coordinates": [
          106.8781189,
          -6.2148774
        ]
      },
      "properties": {
        "periode_data": "2024",
        "wilayah": "KOTA ADM. JAKARTA PUSAT",
        "no_registrasi": "HLT202400468",
        "jenis_halte": "REGULER",
        "kode_barang": "133010118004",
        "lokasi_alamat": "JL. JATIBARU RAYA RT 14 RW 1 CIDENG KECAMATAN GAMBIR KOTA KOTA ADM. JAKARTA PUSAT DAERAH KHUSUS IBUKOTA JAKARTA 10150 DEPAN PT KAPAL API",
        "lintang": "-6.2148774",
        "bujur": "106.8781189"
      }
    },
    {
      "type": "Feature",
      "geometry": {
        "type": "Point",
        "coordinates": [
          106.780141,
          -6.2866392
        ]
      },
      "properties": {
        "periode_data": "2024",
        "wilayah": "KOTA ADM. JAKARTA TIMUR",
        "no_registrasi": "HLT202400469",
        "jenis_halte": "REGULER",
        "kode_barang": "133010118004",
        "lokasi_alamat": "JL. KARET PASAR BARU BARAT NO KEL RT 1 RW 5 KARET TENGSIN KECAMATAN TANAH ABANG KOTA KOTA ADM. JAKARTA PUSAT DAERAH KHUSUS IBUKOTA JAKARTA 13381 DEPAN BENGKEL SURYA AGUNG",
        "lintang": "-6.2866392",
        "bujur": "106.780141"
      }
    },
    {
      "type": "Feature",
      "geometry": {
        "type": "Point",
        "coordinates": [
          106.8270327,
          -6.2366272
        ]
      },
      "properties": {
        "periode_data": "2024",
        "wilayah": "KOTA ADM. JAKARTA PUSAT",
        "no_registrasi": "HLT202400470",
        "jenis_halte": "REGULER",
        "kode_barang": "133010118004",
        "lokasi_alamat": "JL. CIDENG TIMUR 6 69 RW 4 PETOJO SEL KECAMATAN GAMBIR KOTA KOTA ADM. JAKARTA PUSAT DAERAH KHUSUS IBUKOTA JAKARTA 10150 DEPAN KFC",
        "lintang": "-6.2366272",
        "bujur": "106.8270327"
      }
    },
    {
      "type": "Feature",
      "geometry": {
        "type": "Point",
        "coordinates": [
          106.8739408,
          -6.2154037
        ]
      },
      "properties": {
        "periode_data": "2024",
        "wilayah": "KOTA ADM. JAKARTA TIMUR",
        "no_registrasi": "HLT202400471",
        "jenis_halte": "REGULER",
        "kode_barang": "133010118004",
        "lokasi_alamat": "JL. I GUSTI NGURAH RAI RT 5 RW 9 JATINEGARA KEC CAKUNG KOTA KOTA ADM. JAKARTA TIMUR DAERAH KHUSUS IBUKOTA JAKARTA 13930 SEBRANG DELLA SALON",
        "lintang": "-6.2154037",
        "bujur": "106.8739408"
      }
    },
    {
      "type": "Feature",
      "geometry": {
        "type": "Point",
        "coordinates": [
          106.8682108,
          -6.2213559
        ]
      },
      "properties": {
        "periode_data": "2024",
        "wilayah": "KOTA ADM. JAKARTA PUSAT",
        "no_registrasi": "HLT202400472",
        "jenis_halte": "REGULER",
        "kode_barang": "133010118004",
        "lokasi_alamat": "JL. CIDENG TIMUR 91 RT 14 RW 2 PETOJO SEL KECAMATAN GAMBIR KOTA KOTA ADM. JAKARTA PUSAT DAERAH KHUSUS IBUKOTA JAKARTA 10150 HALTE PASAR TOMAS",
        "lintang": "-6.2213559",
        "bujur": "106.8682108"
      }
    },
    {
      "type": "Feature",
      "geometry": {
        "type": "Point",
        "coordinates": [
          106.8295762,
          -6.1912343
        ]
      },
      "properties": {
        "periode_data": "2024",
        "wilayah": "KOTA ADM. JAKARTA BARAT",
        "no_registrasi": "HLT202400497",
        "jenis_halte": "REGULER",
        "kode_barang": "133010118004",
        "lokasi_alamat": "JL. LETJEN S PARMAN ST RW 3 SLIPI PALMERAH WEST JAKARTA CITY JAKARTA 11410 DEPAN SMP SMEA IBU PERTIWI",
        "lintang": "-6.1912343",
        "bujur": "106.8295762"
      }
    },
    {
      "type": "Feature",
      "geometry": {
        "type": "Point",
        "coordinates": [
          106.782036,
          -6.1920761
        ]
      },
      "properties": {
        "periode_data": "2024",
        "wilayah": "KOTA ADM. JAKARTA SELATAN",
        "no_registrasi": "HLT202400498",
        "jenis_halte": "REGULER",
        "kode_barang": "133010118004",
        "lokasi_alamat": "JL. IMAM BONJOL RT 5 RW 5 MENTENG KEC MENTENG KOTA KOTA ADM. JAKARTA PUSAT DAERAH KHUSUS IBUKOTA JAKARTA 10310 HALTE TAMAN SUROPATI",
        "lintang": "-6.1920761",
        "bujur": "106.782036"
      }
    },
    {
      "type": "Feature",
      "geometry": {
        "type": "Point",
        "coordinates": [
          106.8226646,
          -6.1882977
        ]
      },
      "properties": {
        "periode_data": "2024",
        "wilayah": "KOTA ADM. JAKARTA SELATAN",
        "no_registrasi": "HLT202400499",
        "jenis_halte": "REGULER",
        "kode_barang": "133010118004",
        "lokasi_alamat": "JL. PANGERAN DIPONEGORO KEC MENTENG KOTA KOTA ADM. JAKARTA PUSAT DAERAH KHUSUS IBUKOTA JAKARTA 10310 HALTE SMPN 8",
        "lintang": "-6.1882977",
        "bujur": "106.8226646"
      }
    },
    {
      "type": "Feature",
      "geometry": {
        "type": "Point",
        "coordinates": [
          106.9421719,
          -6.2486861
        ]
      },
      "properties": {
        "periode_data": "2024",
        "wilayah": "KOTA ADM. JAKARTA BARAT",
        "no_registrasi": "HLT202400500",
        "jenis_halte": "REGULER",
        "kode_barang": "133010118004",
        "lokasi_alamat": "JL. LETJEN S PARMAN KAV 32 34 RT 06 RW 03 KEMANGGISAN PALMERAH RT 6 RW 3 KEMANGGISAN KEC PALMERAH KOTA KOTA ADM. JAKARTA BARAT DAERAH KHUSUS IBUKOTA JAKARTA 11480 HALTE SASA",
        "lintang": "-6.2486861",
        "bujur": "106.9421719"
      }
    },
    {
      "type": "Feature",
      "geometry": {
        "type": "Point",
        "coordinates": [
          106.8709355,
          -6.1376894
        ]
      },
      "properties": {
        "periode_data": "2024",
        "wilayah": "KOTA ADM. JAKARTA SELATAN",
        "no_registrasi": "HLT202400501",
        "jenis_halte": "REGULER",
        "kode_barang": "133010118004",
        "lokasi_alamat": "JL. TEUKU NYAK ARIEF RT 4 RW 2 GROGOL SEL KEC KBY LAMA KOTA KOTA ADM. JAKARTA SELATAN DAERAH KHUSUS IBUKOTA JAKARTA 12220 SEBRANG HYUNDAI SIMPRUG",
        "lintang": "-6.1376894",
        "bujur": "106.8709355"
      }
    },
    {
      "type": "Feature",
      "geometry": {
        "type": "Point",
        "coordinates": [
          106.81216,
          -6.131551
        ]
      },
      "properties": {
        "periode_data": "2024",
        "wilayah": "KOTA ADM. JAKARTA BARAT",
        "no_registrasi": "HLT202400502",
        "jenis_halte": "REGULER",
        "kode_barang": "133010135001",
        "lokasi_alamat": "JL. LETJEN S PARMAN ST SLIPI PALMERAH WEST JAKARTA CITY JAKARTA 11480 DEPAN INDOMARET S PARMAN 6E",
        "lintang": "-6.131551",
        "bujur": "106.81216"
      }
    },
    {
      "type": "Feature",
      "geometry": {
        "type": "Point",
        "coordinates": [
          106.888986,
          -6.1496471
        ]
      },
      "properties": {
        "periode_data": "2024",
        "wilayah": "KOTA ADM. JAKARTA BARAT",
        "no_registrasi": "HLT202400503",
        "jenis_halte": "REGULER",
        "kode_barang": "133010118004",
        "lokasi_alamat": "JL. LETJEN S PARMAN RT 4 RW 9 KOTA BAMBU SEL KEC PALMERAH KOTA KOTA ADM. JAKARTA BARAT DAERAH KHUSUS IBUKOTA JAKARTA 11480 DEPAN RS JANTUNG HARAPAN KITA",
        "lintang": "-6.1496471",
        "bujur": "106.888986"
      }
    },
    {
      "type": "Feature",
      "geometry": {
        "type": "Point",
        "coordinates": [
          106.8326989,
          -6.1872038
        ]
      },
      "properties": {
        "periode_data": "2024",
        "wilayah": "KOTA ADM. JAKARTA SELATAN",
        "no_registrasi": "HLT202400504",
        "jenis_halte": "REGULER",
        "kode_barang": "133010118004",
        "lokasi_alamat": "JL. HBR MOTIK RT 13 RW 6 KB KOSONG KEC KEMAYORAN KOTA KOTA ADM. JAKARTA PUSAT DAERAH KHUSUS IBUKOTA JAKARTA 10630 BAWAH DEKAT JPO BUSWAY KEMAYORAN LANDASAN PACU",
        "lintang": "-6.1872038",
        "bujur": "106.8326989"
      }
    },
    {
      "type": "Feature",
      "geometry": {
        "type": "Point",
        "coordinates": [
          106.7994427,
          -6.1251518
        ]
      },
      "properties": {
        "periode_data": "2024",
        "wilayah": "KOTA ADM. JAKARTA SELATAN",
        "no_registrasi": "HLT202400505",
        "jenis_halte": "REGULER",
        "kode_barang": "133010118004",
        "lokasi_alamat": "JL. TEUKU CIK DITIRO 14 6 RT 8 RW 2 GONDANGDIA KEC MENTENG KOTA KOTA ADM. JAKARTA PUSAT DAERAH KHUSUS IBUKOTA JAKARTA 10350 DEPAN KONSIL KEDOKTERAN INDONESIA",
        "lintang": "-6.1251518",
        "bujur": "106.7994427"
      }
    },
    {
      "type": "Feature",
      "geometry": {
        "type": "Point",
        "coordinates": [
          106.8046886,
          -6.1272951
        ]
      },
      "properties": {
        "periode_data": "2024",
        "wilayah": "KOTA ADM. JAKARTA UTARA",
        "no_registrasi": "HLT202400506",
        "jenis_halte": "REGULER",
        "kode_barang": "133010118004",
        "lokasi_alamat": "JL. RAYA CILINCING 8 10 RT 1 RW 1 CILINCING KEC CILINCING KOTA JKT UTARA DAERAH KHUSUS IBUKOTA JAKARTA HALTE DEPAN KOMPLEK MARINIR",
        "lintang": "-6.1272951",
        "bujur": "106.8046886"
      }
    },
    {
      "type": "Feature",
      "geometry": {
        "type": "Point",
        "coordinates": [
          106.8062953,
          -6.1325679
        ]
      },
      "properties": {
        "periode_data": "2024",
        "wilayah": "KOTA ADM. JAKARTA TIMUR",
        "no_registrasi": "HLT202400507",
        "jenis_halte": "REGULER",
        "kode_barang": "133010118004",
        "lokasi_alamat": "JL. BEKASI TIM RAYA RT 3 RW 2 PISANGAN TIM KEC PULO GADUNG KOTA KOTA ADM. JAKARTA TIMUR DAERAH KHUSUS IBUKOTA JAKARTA 13230 HALTE KA PS ENJO",
        "lintang": "-6.1325679",
        "bujur": "106.8062953"
      }
    },
    {
      "type": "Feature",
      "geometry": {
        "type": "Point",
        "coordinates": [
          106.8034537,
          -6.1363973
        ]
      },
      "properties": {
        "periode_data": "2024",
        "wilayah": "KOTA ADM. JAKARTA BARAT",
        "no_registrasi": "HLT202400347",
        "jenis_halte": "REGULER",
        "kode_barang": "133010135001",
        "lokasi_alamat": "DAAN MOGOT RD RW 2 EAST CENGKARENG CENGKARENG WEST JAKARTA CITY JAKARTA 11730 HALTE DAUN",
        "lintang": "-6.1363973",
        "bujur": "106.8034537"
      }
    },
    {
      "type": "Feature",
      "geometry": {
        "type": "Point",
        "coordinates": [
          106.8122101,
          -6.1339493
        ]
      },
      "properties": {
        "periode_data": "2024",
        "wilayah": "KOTA ADM. JAKARTA SELATAN",
        "no_registrasi": "HLT202400348",
        "jenis_halte": "REGULER",
        "kode_barang": "133010118004",
        "lokasi_alamat": "JL. LETJEN M T HARYONO RT 11 RW 5 TEBET BAR KEC TEBET KOTA KOTA ADM. JAKARTA SELATAN DAERAH KHUSUS IBUKOTA JAKARTA 12810 HALTE TEBET BUMD",
        "lintang": "-6.1339493",
        "bujur": "106.8122101"
      }
    },
    {
      "type": "Feature",
      "geometry": {
        "type": "Point",
        "coordinates": [
          106.8179752,
          -6.1375106
        ]
      },
      "properties": {
        "periode_data": "2024",
        "wilayah": "KOTA ADM. JAKARTA BARAT",
        "no_registrasi": "HLT202400349",
        "jenis_halte": "REGULER",
        "kode_barang": "133010118004",
        "lokasi_alamat": "JL. DAAN MOGOT RT 8 RW 2 CENGKARENG BAR KECAMATAN CENGKARENG KOTA KOTA ADM. JAKARTA BARAT DAERAH KHUSUS IBUKOTA JAKARTA 11730 SEBRANG SUZUKI SENTRA CENGKARENG",
        "lintang": "-6.1375106",
        "bujur": "106.8179752"
      }
    },
    {
      "type": "Feature",
      "geometry": {
        "type": "Point",
        "coordinates": [
          106.8260091,
          -6.1361712
        ]
      },
      "properties": {
        "periode_data": "2024",
        "wilayah": "KOTA ADM. JAKARTA SELATAN",
        "no_registrasi": "HLT202400350",
        "jenis_halte": "REGULER",
        "kode_barang": "133010118004",
        "lokasi_alamat": "JL. SALEMBA RAYA 9 10 RT 1 RW 3 PASEBAN KEC SENEN KOTA KOTA ADM. JAKARTA PUSAT DAERAH KHUSUS IBUKOTA JAKARTA 10430 HALTE PERTANIAN",
        "lintang": "-6.1361712",
        "bujur": "106.8260091"
      }
    },
    {
      "type": "Feature",
      "geometry": {
        "type": "Point",
        "coordinates": [
          106.8148457,
          -6.1365378
        ]
      },
      "properties": {
        "periode_data": "2024",
        "wilayah": "KOTA ADM. JAKARTA BARAT",
        "no_registrasi": "HLT202400351",
        "jenis_halte": "REGULER",
        "kode_barang": "133010118004",
        "lokasi_alamat": "JL. PANGERAN TUBAGUS ANGKE 8 RT 13 RW 7 JELAMBAR BARU KEC GROGOL PETAMBURAN KOTA KOTA ADM. JAKARTA BARAT DAERAH KHUSUS IBUKOTA JAKARTA 14450 HALTE BNI",
        "lintang": "-6.1365378",
        "bujur": "106.8148457"
      }
    },
    {
      "type": "Feature",
      "geometry": {
        "type": "Point",
        "coordinates": [
          106.8927793,
          -6.2293679
        ]
      },
      "properties": {
        "periode_data": "2024",
        "wilayah": "KOTA ADM. JAKARTA SELATAN",
        "no_registrasi": "HLT202400352",
        "jenis_halte": "REGULER",
        "kode_barang": "133010118004",
        "lokasi_alamat": "JL. PENJERNIHAN 1 KARET TENGSIN KECAMATAN TANAH ABANG KOTA KOTA ADM. JAKARTA PUSAT DAERAH KHUSUS IBUKOTA JAKARTA 10250 DEPAN RUMAH BERSAMA CILIWUNG",
        "lintang": "-6.2293679",
        "bujur": "106.8927793"
      }
    },
    {
      "type": "Feature",
      "geometry": {
        "type": "Point",
        "coordinates": [
          106.822746,
          -6.1878257
        ]
      },
      "properties": {
        "periode_data": "2024",
        "wilayah": "KOTA ADM. JAKARTA BARAT",
        "no_registrasi": "HLT202400353",
        "jenis_halte": "REGULER",
        "kode_barang": "133010118004",
        "lokasi_alamat": "JL. PANGERAN TUBAGUS ANGKE RT 16 JELAMBAR BARU KEC GROGOL PETAMBURAN KOTA KOTA ADM. JAKARTA BARAT DAERAH KHUSUS IBUKOTA JAKARTA 14450 SAMPING JL. JELAMBAR BARAT",
        "lintang": "-6.1878257",
        "bujur": "106.822746"
      }
    },
    {
      "type": "Feature",
      "geometry": {
        "type": "Point",
        "coordinates": [
          106.8543543,
          -6.1520552
        ]
      },
      "properties": {
        "periode_data": "2024",
        "wilayah": "KOTA ADM. JAKARTA SELATAN",
        "no_registrasi": "HLT202400354",
        "jenis_halte": "REGULER",
        "kode_barang": "133010118004",
        "lokasi_alamat": "JL. PANJANG NO 5 RT 5 RW 11 KEDOYA UTARA KEC KB JERUK KOTA KOTA ADM. JAKARTA BARAT DAERAH KHUSUS IBUKOTA JAKARTA 11520 HALTE ASHIDIQIAH",
        "lintang": "-6.1520552",
        "bujur": "106.8543543"
      }
    },
    {
      "type": "Feature",
      "geometry": {
        "type": "Point",
        "coordinates": [
          106.8112915,
          -6.1350845
        ]
      },
      "properties": {
        "periode_data": "2024",
        "wilayah": "KOTA ADM. JAKARTA BARAT",
        "no_registrasi": "HLT202400355",
        "jenis_halte": "REGULER",
        "kode_barang": "133010118004",
        "lokasi_alamat": "JL. PANGERAN TUBAGUS ANGKE RT 12 RW 14 WIJAYA KUSUMA KEC GROGOL PETAMBURAN KOTA KOTA ADM. JAKARTA BARAT DAERAH KHUSUS IBUKOTA JAKARTA 14450 SEBRANG BNI",
        "lintang": "-6.1350845",
        "bujur": "106.8112915"
      }
    },
    {
      "type": "Feature",
      "geometry": {
        "type": "Point",
        "coordinates": [
          106.9545682,
          -6.2068747
        ]
      },
      "properties": {
        "periode_data": "2024",
        "wilayah": "KOTA ADM. JAKARTA SELATAN",
        "no_registrasi": "HLT202400356",
        "jenis_halte": "REGULER",
        "kode_barang": "133010118004",
        "lokasi_alamat": "JL. PANJANG 68 RT 19 RW 4 KEDOYA SEL KEC KB JERUK KOTA KOTA ADM. JAKARTA BARAT DAERAH KHUSUS IBUKOTA JAKARTA 11520 SEBRANG BANK BJB",
        "lintang": "-6.2068747",
        "bujur": "106.9545682"
      }
    },
    {
      "type": "Feature",
      "geometry": {
        "type": "Point",
        "coordinates": [
          106.9248972,
          -6.183283
        ]
      },
      "properties": {
        "periode_data": "2024",
        "wilayah": "KOTA ADM. JAKARTA BARAT",
        "no_registrasi": "HLT202400357",
        "jenis_halte": "REGULER",
        "kode_barang": "133010118004",
        "lokasi_alamat": "JL. KEMBANGAN RAYA 43 60 RT 1 RW 2 KEMBANGAN SEL KEC KEMBANGAN KOTA KOTA ADM. JAKARTA BARAT DAERAH KHUSUS IBUKOTA JAKARTA 11610 HALTE KEMBANGAN RAYA",
        "lintang": "-6.183283",
        "bujur": "106.9248972"
      }
    },
    {
      "type": "Feature",
      "geometry": {
        "type": "Point",
        "coordinates": [
          106.9234331,
          -6.2193412
        ]
      },
      "properties": {
        "periode_data": "2024",
        "wilayah": "KOTA ADM. JAKARTA PUSAT",
        "no_registrasi": "HLT202400549",
        "jenis_halte": "REGULER",
        "kode_barang": "133010118004",
        "lokasi_alamat": "JL. TEUKU CIK DITIRO 14 6 RT 8 RW 2 GONDANGDIA KEC MENTENG KOTA KOTA ADM. JAKARTA PUSAT DAERAH KHUSUS IBUKOTA JAKARTA 10350 HALTE KKI",
        "lintang": "-6.2193412",
        "bujur": "106.9234331"
      }
    },
    {
      "type": "Feature",
      "geometry": {
        "type": "Point",
        "coordinates": [
          106.8449949,
          -6.1573172
        ]
      },
      "properties": {
        "periode_data": "2024",
        "wilayah": "KOTA ADM. JAKARTA UTARA",
        "no_registrasi": "HLT202400550",
        "jenis_halte": "REGULER",
        "kode_barang": "133010118004",
        "lokasi_alamat": "JL. BANDENGAN SEL NO 23 RT 5 RW 16 PEJAGALAN KEC PENJARINGAN KOTA JKT UTARA DAERAH KHUSUS IBUKOTA JAKARTA 14450 BAWAH JPO DEPAN TOKO NASA",
        "lintang": "-6.1573172",
        "bujur": "106.8449949"
      }
    },
    {
      "type": "Feature",
      "geometry": {
        "type": "Point",
        "coordinates": [
          106.9267017,
          -6.1523883
        ]
      },
      "properties": {
        "periode_data": "2024",
        "wilayah": "KOTA ADM. JAKARTA SELATAN",
        "no_registrasi": "HLT202400551",
        "jenis_halte": "REGULER",
        "kode_barang": "133010118004",
        "lokasi_alamat": "JL. RAJAWALI SELATAN RAYA RT 4 RW 6 GN SAHARI UTARA KECAMATAN SAWAH BESAR KOTA KOTA ADM. JAKARTA PUSAT DAERAH KHUSUS IBUKOTA JAKARTA 10720 HALTE SENTANI",
        "lintang": "-6.1523883",
        "bujur": "106.9267017"
      }
    },
    {
      "type": "Feature",
      "geometry": {
        "type": "Point",
        "coordinates": [
          106.794276,
          -6.1190254
        ]
      },
      "properties": {
        "periode_data": "2024",
        "wilayah": "KOTA ADM. JAKARTA PUSAT",
        "no_registrasi": "HLT202400552",
        "jenis_halte": "REGULER",
        "kode_barang": "133010118004",
        "lokasi_alamat": "JL. TEUKU CIK DITIRO NO 56A RT 9 RW 5 MENTENG KEC MENTENG KOTA KOTA ADM. JAKARTA PUSAT DAERAH KHUSUS IBUKOTA JAKARTA 10310 HALTE CIKTIRO",
        "lintang": "-6.1190254",
        "bujur": "106.794276"
      }
    },
    {
      "type": "Feature",
      "geometry": {
        "type": "Point",
        "coordinates": [
          106.7628822,
          -6.1644911
        ]
      },
      "properties": {
        "periode_data": "2024",
        "wilayah": "KOTA ADM. JAKARTA SELATAN",
        "no_registrasi": "HLT202400553",
        "jenis_halte": "REGULER",
        "kode_barang": "133010135001",
        "lokasi_alamat": "JL. KH GURU AMIN U S SAMPING TMB KALIBATA",
        "lintang": "-6.1644911",
        "bujur": "106.7628822"
      }
    },
    {
      "type": "Feature",
      "geometry": {
        "type": "Point",
        "coordinates": [
          106.7963983,
          -6.1659833
        ]
      },
      "properties": {
        "periode_data": "2024",
        "wilayah": "KOTA ADM. JAKARTA TIMUR",
        "no_registrasi": "HLT202400554",
        "jenis_halte": "REGULER",
        "kode_barang": "133010135001",
        "lokasi_alamat": "JL. YOS SUDARSO U S DEPAN TAMAN KOTA PLUMPANG RAWA BEBEK",
        "lintang": "-6.1659833",
        "bujur": "106.7963983"
      }
    },
    {
      "type": "Feature",
      "geometry": {
        "type": "Point",
        "coordinates": [
          106.7660013,
          -6.1751348
        ]
      },
      "properties": {
        "periode_data": "2024",
        "wilayah": "KOTA ADM. JAKARTA PUSAT",
        "no_registrasi": "HLT202400555",
        "jenis_halte": "REGULER",
        "kode_barang": "133010118004",
        "lokasi_alamat": "JL. DR GSSJ RATULANGI 36 26 RT 2 RW 3 GONDANGDIA KEC MENTENG KOTA KOTA ADM. JAKARTA PUSAT DAERAH KHUSUS IBUKOTA JAKARTA 10350 HALTE SMU",
        "lintang": "-6.1751348",
        "bujur": "106.7660013"
      }
    },
    {
      "type": "Feature",
      "geometry": {
        "type": "Point",
        "coordinates": [
          106.7920138,
          -6.1373723
        ]
      },
      "properties": {
        "periode_data": "2024",
        "wilayah": "KOTA ADM. JAKARTA PUSAT",
        "no_registrasi": "HLT202400556",
        "jenis_halte": "REGULER",
        "kode_barang": "133010118004",
        "lokasi_alamat": "JL. DR GSSJ RATULANGI RT 2 RW 3 GONDANGDIA KEC MENTENG KOTA KOTA ADM. JAKARTA PUSAT DAERAH KHUSUS IBUKOTA JAKARTA 10350 HALTE MENTENG GOTHE",
        "lintang": "-6.1373723",
        "bujur": "106.7920138"
      }
    },
    {
      "type": "Feature",
      "geometry": {
        "type": "Point",
        "coordinates": [
          106.7628079,
          -6.1644124
        ]
      },
      "properties": {
        "periode_data": "2024",
        "wilayah": "KOTA ADM. JAKARTA TIMUR",
        "no_registrasi": "HLT202400557",
        "jenis_halte": "REGULER",
        "kode_barang": "133010118004",
        "lokasi_alamat": "JL. YOS SUDARSO U S JL. TABAH RAYA SEKOLAH HANGTUAH KELAP",
        "lintang": "-6.1644124",
        "bujur": "106.7628079"
      }
    },
    {
      "type": "Feature",
      "geometry": {
        "type": "Point",
        "coordinates": [
          106.8891033,
          -6.1719898
        ]
      },
      "properties": {
        "periode_data": "2024",
        "wilayah": "KOTA ADM. JAKARTA BARAT",
        "no_registrasi": "HLT202400558",
        "jenis_halte": "REGULER",
        "kode_barang": "133010118004",
        "lokasi_alamat": "2 JL. PETA UTARA S U SEBERANG SEKOLAH SMK PGRI 36 YAYASA",
        "lintang": "-6.1719898",
        "bujur": "106.8891033"
      }
    },
    {
      "type": "Feature",
      "geometry": {
        "type": "Point",
        "coordinates": [
          106.7984117,
          -6.1656933
        ]
      },
      "properties": {
        "periode_data": "2024",
        "wilayah": "KOTA ADM. JAKARTA PUSAT",
        "no_registrasi": "HLT202400559",
        "jenis_halte": "REGULER",
        "kode_barang": "133010135001",
        "lokasi_alamat": "JL. PENJERNIHAN 1 KOTA ADM. JAKARTA PUSAT RT 10 RW 6 BEND HILIR TANAHABANG KOTA KOTA ADM. JAKARTA PUSAT DAERAH KHUSUS IBUKOTA JAKARTA 10210 HALTE PU IRIGASI",
        "lintang": "-6.1656933",
        "bujur": "106.7984117"
      }
    },
    {
      "type": "Feature",
      "geometry": {
        "type": "Point",
        "coordinates": [
          106.8001458,
          -6.1770807
        ]
      },
      "properties": {
        "periode_data": "2024",
        "wilayah": "KOTA ADM. JAKARTA PUSAT",
        "no_registrasi": "HLT202400560",
        "jenis_halte": "REGULER",
        "kode_barang": "133010135001",
        "lokasi_alamat": "JL. PENJERNIHAN 1 NO 45 BEND HILIR TANAHABANG JAKARTA DAERAH KHUSUS IBUKOTA JAKARTA 10210 HALTE KELURAHAN",
        "lintang": "-6.1770807",
        "bujur": "106.8001458"
      }
    },
    {
      "type": "Feature",
      "geometry": {
        "type": "Point",
        "coordinates": [
          106.7938067,
          -6.1436083
        ]
      },
      "properties": {
        "periode_data": "2024",
        "wilayah": "KOTA ADM. JAKARTA BARAT",
        "no_registrasi": "HLT202400561",
        "jenis_halte": "REGULER",
        "kode_barang": "133010135001",
        "lokasi_alamat": "3 JL. OUTER RING ROAD BARAT S U DEPAN SPBU PERTAMINA TEGA",
        "lintang": "-6.1436083",
        "bujur": "106.7938067"
      }
    },
    {
      "type": "Feature",
      "geometry": {
        "type": "Point",
        "coordinates": [
          106.9246091,
          -6.2477361
        ]
      },
      "properties": {
        "periode_data": "2024",
        "wilayah": "KOTA ADM. JAKARTA PUSAT",
        "no_registrasi": "HLT202400687",
        "jenis_halte": "REGULER",
        "kode_barang": "133010118004",
        "lokasi_alamat": "JL. KEBON SIRIH 30 22 RT 14 RW 2 KB SIRIH KECAMATAN GAMBIR KOTA KOTA ADM. JAKARTA PUSAT DAERAH KHUSUS IBUKOTA JAKARTA 10110 HALTE DPRD",
        "lintang": "-6.2477361",
        "bujur": "106.9246091"
      }
    },
    {
      "type": "Feature",
      "geometry": {
        "type": "Point",
        "coordinates": [
          106.8100692,
          -6.1712402
        ]
      },
      "properties": {
        "periode_data": "2024",
        "wilayah": "KOTA ADM. JAKARTA SELATAN",
        "no_registrasi": "HLT202400688",
        "jenis_halte": "REGULER",
        "kode_barang": "133010118004",
        "lokasi_alamat": "DEKAT JL. POLTANGAN JL. RAYA PS MINGGU SISI TIMUR",
        "lintang": "-6.1712402",
        "bujur": "106.8100692"
      }
    },
    {
      "type": "Feature",
      "geometry": {
        "type": "Point",
        "coordinates": [
          106.756382,
          -6.1834396
        ]
      },
      "properties": {
        "periode_data": "2024",
        "wilayah": "KOTA ADM. JAKARTA PUSAT",
        "no_registrasi": "HLT202400689",
        "jenis_halte": "REGULER",
        "kode_barang": "133010118004",
        "lokasi_alamat": "JL. H AGUS SALIM 58 RT 8 RW 4 GONDANGDIA KEC MENTENG KOTA KOTA ADM. JAKARTA PUSAT DAERAH KHUSUS IBUKOTA JAKARTA 10350 SAMPING PT ANUGERAH",
        "lintang": "-6.1834396",
        "bujur": "106.756382"
      }
    },
    {
      "type": "Feature",
      "geometry": {
        "type": "Point",
        "coordinates": [
          106.8172026,
          -6.1700018
        ]
      },
      "properties": {
        "periode_data": "2024",
        "wilayah": "KOTA ADM. JAKARTA TIMUR",
        "no_registrasi": "HLT202400690",
        "jenis_halte": "REGULER",
        "kode_barang": "133010118004",
        "lokasi_alamat": "PINTU 1 TMII RW 3 PINANG RANTI KEC MAKASAR KOTA KOTA ADM. JAKARTA TIMUR DAERAH KHUSUS IBUKOTA JAKARTA 13560 HALTE BAWAH KECAMATAN",
        "lintang": "-6.1700018",
        "bujur": "106.8172026"
      }
    },
    {
      "type": "Feature",
      "geometry": {
        "type": "Point",
        "coordinates": [
          106.8924173,
          -6.1101373
        ]
      },
      "properties": {
        "periode_data": "2024",
        "wilayah": "KOTA ADM. JAKARTA PUSAT",
        "no_registrasi": "HLT202400691",
        "jenis_halte": "REGULER",
        "kode_barang": "133010118004",
        "lokasi_alamat": "JL. H AGUS SALIM 12 RT 11 RW 2 GAMBIR KECAMATAN GAMBIR KOTA KOTA ADM. JAKARTA PUSAT DAERAH KHUSUS IBUKOTA JAKARTA 10110 SEBRANG WISMA ANTARA",
        "lintang": "-6.1101373",
        "bujur": "106.8924173"
      }
    },
    {
      "type": "Feature",
      "geometry": {
        "type": "Point",
        "coordinates": [
          106.876161,
          -6.1767568
        ]
      },
      "properties": {
        "periode_data": "2024",
        "wilayah": "KOTA ADM. JAKARTA UTARA",
        "no_registrasi": "HLT202400692",
        "jenis_halte": "TRANSJAKARTA",
        "kode_barang": "133010118004",
        "lokasi_alamat": "JL. YOS SUDARSO RT 6 RW 13 RAWABADAK UTARA KEC KOJA KOTA JKT UTARA DAERAH KHUSUS IBUKOTA JAKARTA 14320 HALTE BUSWAY WALIKOTA KOTA ADM. JAKARTA UTARA",
        "lintang": "-6.1767568",
        "bujur": "106.876161"
      }
    },
    {
      "type": "Feature",
      "geometry": {
        "type": "Point",
        "coordinates": [
          106.8252783,
          -6.187595
        ]
      },
      "properties": {
        "periode_data": "2024",
        "wilayah": "KOTA ADM. JAKARTA BARAT",
        "no_registrasi": "HLT202400693",
        "jenis_halte": "REGULER",
        "kode_barang": "133010118004",
        "lokasi_alamat": "JL. SULTAN ISKANDAR MUDA 24 5 RT 6 RW 9 KBY LAMA SEL KEC KBY LAMA KOTA KOTA ADM. JAKARTA SELATAN DAERAH KHUSUS IBUKOTA JAKARTA 12240 DEPAN NISSAN",
        "lintang": "-6.187595",
        "bujur": "106.8252783"
      }
    },
    {
      "type": "Feature",
      "geometry": {
        "type": "Point",
        "coordinates": [
          106.8855207,
          -6.2019556
        ]
      },
      "properties": {
        "periode_data": "2024",
        "wilayah": "KOTA ADM. JAKARTA PUSAT",
        "no_registrasi": "HLT202400694",
        "jenis_halte": "REGULER",
        "kode_barang": "133010135001",
        "lokasi_alamat": "JL. RAYA JAKARTA BOGOR RT 1 RW 3 PEKAYON KEC PS REBO KOTA KOTA ADM. JAKARTA TIMUR DAERAH KHUSUS IBUKOTA JAKARTA 13710 SEBRANG PURWOAJI MOTOR",
        "lintang": "-6.2019556",
        "bujur": "106.8855207"
      }
    },
    {
      "type": "Feature",
      "geometry": {
        "type": "Point",
        "coordinates": [
          106.7734147,
          -6.2891824
        ]
      },
      "properties": {
        "periode_data": "2024",
        "wilayah": "KOTA ADM. JAKARTA PUSAT",
        "no_registrasi": "HLT202400695",
        "jenis_halte": "REGULER",
        "kode_barang": "133010135001",
        "lokasi_alamat": "JL. LAPANGAN BANTENG UTARA PS BARU KECAMATAN SAWAH BESAR KOTA KOTA ADM. JAKARTA PUSAT DAERAH KHUSUS IBUKOTA JAKARTA SEBRANG KANTOR POS",
        "lintang": "-6.2891824",
        "bujur": "106.7734147"
      }
    },
    {
      "type": "Feature",
      "geometry": {
        "type": "Point",
        "coordinates": [
          106.8871123,
          -6.2144774
        ]
      },
      "properties": {
        "periode_data": "2024",
        "wilayah": "KOTA ADM. JAKARTA UTARA",
        "no_registrasi": "HLT202400696",
        "jenis_halte": "REGULER",
        "kode_barang": "133010135001",
        "lokasi_alamat": "JL. BUKIT DURI UTARA 247 RT 2 RW 12 BUKIT DURI KEC TEBET KOTA KOTA ADM. JAKARTA SELATAN DAERAH KHUSUS IBUKOTA JAKARTA 12840 DEPAN SMA 8",
        "lintang": "-6.2144774",
        "bujur": "106.8871123"
      }
    },
    {
      "type": "Feature",
      "geometry": {
        "type": "Point",
        "coordinates": [
          106.7720304,
          -6.2822235
        ]
      },
      "properties": {
        "periode_data": "2024",
        "wilayah": "KOTA ADM. JAKARTA SELATAN",
        "no_registrasi": "HLT202400697",
        "jenis_halte": "REGULER",
        "kode_barang": "133010135001",
        "lokasi_alamat": "JL. RP SOEROSO 10 RT 9 RW 5 CIKINI KEC MENTENG KOTA KOTA ADM. JAKARTA PUSAT DAERAH KHUSUS IBUKOTA JAKARTA 10330 HALTE PARMASI",
        "lintang": "-6.2822235",
        "bujur": "106.7720304"
      }
    },
    {
      "type": "Feature",
      "geometry": {
        "type": "Point",
        "coordinates": [
          106.9229201,
          -6.1830032
        ]
      },
      "properties": {
        "periode_data": "2024",
        "wilayah": "KOTA ADM. JAKARTA BARAT",
        "no_registrasi": "HLT202400698",
        "jenis_halte": "REGULER",
        "kode_barang": "133010135001",
        "lokasi_alamat": "JL. GATOT SUBROTO RT 5 RW 3 SENAYAN KEC KBY BARU KOTA KOTA ADM. JAKARTA SELATAN DAERAH KHUSUS IBUKOTA JAKARTA 12190 DEPAN PLODA METRO JAYA",
        "lintang": "-6.1830032",
        "bujur": "106.9229201"
      }
    },
    {
      "type": "Feature",
      "geometry": {
        "type": "Point",
        "coordinates": [
          106.7837265,
          -6.2672601
        ]
      },
      "properties": {
        "periode_data": "2024",
        "wilayah": "KOTA ADM. JAKARTA SELATAN",
        "no_registrasi": "HLT202400699",
        "jenis_halte": "REGULER",
        "kode_barang": "133010135001",
        "lokasi_alamat": "PD KLP KEC DUREN SAWIT KOTA KOTA ADM. JAKARTA TIMUR DAERAH KHUSUS IBUKOTA JAKARTA HALTE H NAMAN",
        "lintang": "-6.2672601",
        "bujur": "106.7837265"
      }
    },
    {
      "type": "Feature",
      "geometry": {
        "type": "Point",
        "coordinates": [
          106.8146496,
          -6.1605089
        ]
      },
      "properties": {
        "periode_data": "2024",
        "wilayah": "KOTA ADM. JAKARTA TIMUR",
        "no_registrasi": "HLT202400700",
        "jenis_halte": "REGULER",
        "kode_barang": "133010118004",
        "lokasi_alamat": "JL. PATRA KOTA ADM. JAKARTA BARAT RT 3 RW 2 DURI KEPA KEC KB JERUK KOTA KOTA ADM. JAKARTA BARAT DAERAH KHUSUS IBUKOTA JAKARTA 11510 DEPAN SEKOLAH KATHOLIK ABDI",
        "lintang": "-6.1605089",
        "bujur": "106.8146496"
      }
    },
    {
      "type": "Feature",
      "geometry": {
        "type": "Point",
        "coordinates": [
          106.7818225,
          -6.2571531
        ]
      },
      "properties": {
        "periode_data": "2024",
        "wilayah": "KOTA ADM. JAKARTA BARAT",
        "no_registrasi": "HLT202400701",
        "jenis_halte": "REGULER",
        "kode_barang": "133010118004",
        "lokasi_alamat": "JL. HR RASUNA SAID KOTA ADM. JAKARTA SELATAN RT 2 RW 5 KARET KUNINGAN KECAMATAN SETIABUDI KOTA KOTA ADM. JAKARTA SELATAN DAERAH KHUSUS IBUKOTA JAKARTA 12940 DEPAN GAMA TOWER",
        "lintang": "-6.2571531",
        "bujur": "106.7818225"
      }
    },
    {
      "type": "Feature",
      "geometry": {
        "type": "Point",
        "coordinates": [
          106.9102633,
          -6.2141383
        ]
      },
      "properties": {
        "periode_data": "2024",
        "wilayah": "KOTA ADM. JAKARTA TIMUR",
        "no_registrasi": "HLT202400702",
        "jenis_halte": "REGULER",
        "kode_barang": "133010118004",
        "lokasi_alamat": "JL. SENOPATI 49 RT 7 RW 3 SELONG KEC KBY BARU KOTA KOTA ADM. JAKARTA SELATAN DAERAH KHUSUS IBUKOTA JAKARTA 12110 HALTE SEKOLAH SD 01",
        "lintang": "-6.2141383",
        "bujur": "106.9102633"
      }
    },
    {
      "type": "Feature",
      "geometry": {
        "type": "Point",
        "coordinates": [
          106.7830855,
          -6.2386671
        ]
      },
      "properties": {
        "periode_data": "2024",
        "wilayah": "KOTA ADM. JAKARTA SELATAN",
        "no_registrasi": "HLT202400703",
        "jenis_halte": "REGULER",
        "kode_barang": "133010118004",
        "lokasi_alamat": "JL. DURI KEPA RAYA 9 73 RT 1 RW 2 DURI KEPA KEC KB JERUK KOTA KOTA ADM. JAKARTA BARAT DAERAH KHUSUS IBUKOTA JAKARTA 11510 SDN DURI KEPA 11",
        "lintang": "-6.2386671",
        "bujur": "106.7830855"
      }
    },
    {
      "type": "Feature",
      "geometry": {
        "type": "Point",
        "coordinates": [
          106.8682018,
          -6.2205269
        ]
      },
      "properties": {
        "periode_data": "2024",
        "wilayah": "KOTA ADM. JAKARTA SELATAN",
        "no_registrasi": "HLT202400704",
        "jenis_halte": "REGULER",
        "kode_barang": "133010118004",
        "lokasi_alamat": "JL. PANJANG 2 RT 19 RW 4 KEDOYA SEL KEC KB JERUK KOTA KOTA ADM. JAKARTA BARAT DAERAH KHUSUS IBUKOTA JAKARTA 11520 DEPAN KEDOYA ELOK PLAZA",
        "lintang": "-6.2205269",
        "bujur": "106.8682018"
      }
    },
    {
      "type": "Feature",
      "geometry": {
        "type": "Point",
        "coordinates": [
          106.7902761,
          -6.1610091
        ]
      },
      "properties": {
        "periode_data": "2024",
        "wilayah": "KOTA ADM. JAKARTA UTARA",
        "no_registrasi": "HLT202400705",
        "jenis_halte": "REGULER",
        "kode_barang": "133010118004",
        "lokasi_alamat": "JL. PEGANGSAAN DUA 1 2 RT 5 RW 3 PEGANGSAAN DUA KEC KLP GADING KOTA JKT UTARA DAERAH KHUSUS IBUKOTA JAKARTA 14250 DEPAN ISUZU",
        "lintang": "-6.1610091",
        "bujur": "106.7902761"
      }
    },
    {
      "type": "Feature",
      "geometry": {
        "type": "Point",
        "coordinates": [
          106.886907,
          -6.1513071
        ]
      },
      "properties": {
        "periode_data": "2024",
        "wilayah": "KOTA ADM. JAKARTA SELATAN",
        "no_registrasi": "HLT202400706",
        "jenis_halte": "TRANSJAKARTA",
        "kode_barang": "133010135001",
        "lokasi_alamat": "12230 JL. SULTAN ISKANDAR MUDA KBY LAMA UTARA KEC KBY LAMA KOTA KOTA ADM. JAKARTA SELATAN DAERAH KHUSUS IBUKOTA JAKARTA 12240 HALTE BUSWAY PASAR KEBAYORAN LAMA",
        "lintang": "-6.1513071",
        "bujur": "106.886907"
      }
    },
    {
      "type": "Feature",
      "geometry": {
        "type": "Point",
        "coordinates": [
          106.7949264,
          -6.1520742
        ]
      },
      "properties": {
        "periode_data": "2024",
        "wilayah": "KOTA ADM. JAKARTA SELATAN",
        "no_registrasi": "HLT202400707",
        "jenis_halte": "REGULER",
        "kode_barang": "133010135001",
        "lokasi_alamat": "JL. PANJANG 200 23 RW 1 KEDOYA SEL KEC KB JERUK KOTA KOTA ADM. JAKARTA BARAT DAERAH KHUSUS IBUKOTA JAKARTA 11520 HALTE TOYOTORIS",
        "lintang": "-6.1520742",
        "bujur": "106.7949264"
      }
    },
    {
      "type": "Feature",
      "geometry": {
        "type": "Point",
        "coordinates": [
          106.876333,
          -6.2429234
        ]
      },
      "properties": {
        "periode_data": "2024",
        "wilayah": "KOTA ADM. JAKARTA SELATAN",
        "no_registrasi": "HLT202400708",
        "jenis_halte": "TRANSJAKARTA",
        "kode_barang": "133010118004",
        "lokasi_alamat": "JL. TEUKU NYAK ARIEF RW RT 5 RW 2 GROGOL SEL KEC KBY LAMA KOTA KOTA ADM. JAKARTA SELATAN DAERAH KHUSUS IBUKOTA JAKARTA 12220 HALTE BUSWAY SIMPRUG",
        "lintang": "-6.2429234",
        "bujur": "106.876333"
      }
    },
    {
      "type": "Feature",
      "geometry": {
        "type": "Point",
        "coordinates": [
          106.7935822,
          -6.143119
        ]
      },
      "properties": {
        "periode_data": "2024",
        "wilayah": "KOTA ADM. JAKARTA SELATAN",
        "no_registrasi": "HLT202400709",
        "jenis_halte": "REGULER",
        "kode_barang": "133010118004",
        "lokasi_alamat": "PD KLP KEC DUREN SAWIT KOTA KOTA ADM. JAKARTA TIMUR DAERAH KHUSUS IBUKOTA JAKARTA HALTE H NAMAN 2",
        "lintang": "-6.143119",
        "bujur": "106.7935822"
      }
    },
    {
      "type": "Feature",
      "geometry": {
        "type": "Point",
        "coordinates": [
          106.8673862,
          -6.232052
        ]
      },
      "properties": {
        "periode_data": "2024",
        "wilayah": "KOTA ADM. JAKARTA PUSAT",
        "no_registrasi": "HLT202400562",
        "jenis_halte": "REGULER",
        "kode_barang": "133010118004",
        "lokasi_alamat": "JL. PENJERNIHAN 1 KARET TENGSIN KECAMATAN TANAH ABANG KOTA KOTA ADM. JAKARTA PUSAT DAERAH KHUSUS IBUKOTA JAKARTA 10250 DEPAN RUMAH BERSAMA CILIWUNG",
        "lintang": "-6.232052",
        "bujur": "106.8673862"
      }
    },
    {
      "type": "Feature",
      "geometry": {
        "type": "Point",
        "coordinates": [
          106.7928633,
          -6.133305
        ]
      },
      "properties": {
        "periode_data": "2024",
        "wilayah": "KOTA ADM. JAKARTA BARAT",
        "no_registrasi": "HLT202400563",
        "jenis_halte": "REGULER",
        "kode_barang": "133010118004",
        "lokasi_alamat": "4 JL. OUTER RING ROAD BARAT KAYU BESAR U S DPN SDN 021 P",
        "lintang": "-6.133305",
        "bujur": "106.7928633"
      }
    },
    {
      "type": "Feature",
      "geometry": {
        "type": "Point",
        "coordinates": [
          106.8679905,
          -6.2350398
        ]
      },
      "properties": {
        "periode_data": "2024",
        "wilayah": "KOTA ADM. JAKARTA PUSAT",
        "no_registrasi": "HLT202400564",
        "jenis_halte": "REGULER",
        "kode_barang": "133010118004",
        "lokasi_alamat": "JL. ABDUL MUIS RT 03 03 NO68 RT 2 RW 3 GAMBIR KECAMATAN GAMBIR KOTA KOTA ADM. JAKARTA PUSAT DAERAH KHUSUS IBUKOTA JAKARTA 10160 SAMPING UNIVERSITAS BRAWIJAYA",
        "lintang": "-6.2350398",
        "bujur": "106.8679905"
      }
    },
    {
      "type": "Feature",
      "geometry": {
        "type": "Point",
        "coordinates": [
          106.7910331,
          -6.115686
        ]
      },
      "properties": {
        "periode_data": "2024",
        "wilayah": "KOTA ADM. JAKARTA BARAT",
        "no_registrasi": "HLT202400565",
        "jenis_halte": "REGULER",
        "kode_barang": "133010118004",
        "lokasi_alamat": "1 JL. OUTER RING ROAD BARAT KAMAL RY CENGKARENG U S DEPAN",
        "lintang": "-6.115686",
        "bujur": "106.7910331"
      }
    },
    {
      "type": "Feature",
      "geometry": {
        "type": "Point",
        "coordinates": [
          106.8670932,
          -6.2265933
        ]
      },
      "properties": {
        "periode_data": "2024",
        "wilayah": "KOTA ADM. JAKARTA PUSAT",
        "no_registrasi": "HLT202400566",
        "jenis_halte": "REGULER",
        "kode_barang": "133010135001",
        "lokasi_alamat": "JL. ABDUL MUIS 10 2 RT 11 RW 8 PETOJO SEL KECAMATAN GAMBIR KOTA KOTA ADM. JAKARTA PUSAT DAERAH KHUSUS IBUKOTA JAKARTA 10160 DEPAN BRI",
        "lintang": "-6.2265933",
        "bujur": "106.8670932"
      }
    },
    {
      "type": "Feature",
      "geometry": {
        "type": "Point",
        "coordinates": [
          106.8822867,
          -6.109465
        ]
      },
      "properties": {
        "periode_data": "2024",
        "wilayah": "KOTA ADM. JAKARTA UTARA",
        "no_registrasi": "HLT202400567",
        "jenis_halte": "REGULER",
        "kode_barang": "133010118004",
        "lokasi_alamat": "2 JL. PETA SELATAN U S DEPAN SMK JAKARTA 1",
        "lintang": "-6.109465",
        "bujur": "106.8822867"
      }
    },
    {
      "type": "Feature",
      "geometry": {
        "type": "Point",
        "coordinates": [
          106.7917118,
          -6.1262928
        ]
      },
      "properties": {
        "periode_data": "2024",
        "wilayah": "KOTA ADM. JAKARTA PUSAT",
        "no_registrasi": "HLT202400568",
        "jenis_halte": "REGULER",
        "kode_barang": "133010118004",
        "lokasi_alamat": "JL. ABDUL MUIS RT 11 RW 3 GAMBIR KECAMATAN GAMBIR KOTA KOTA ADM. JAKARTA PUSAT DAERAH KHUSUS IBUKOTA JAKARTA 10160 HALTE PERMORIN",
        "lintang": "-6.1262928",
        "bujur": "106.7917118"
      }
    },
    {
      "type": "Feature",
      "geometry": {
        "type": "Point",
        "coordinates": [
          106.8686315,
          -6.2376767
        ]
      },
      "properties": {
        "periode_data": "2024",
        "wilayah": "KOTA ADM. JAKARTA BARAT",
        "no_registrasi": "HLT202400569",
        "jenis_halte": "REGULER",
        "kode_barang": "133010118004",
        "lokasi_alamat": "3 JL. OUTER RING ROAD BARAT RAWA BUAYA S U DPN TERMINAL",
        "lintang": "-6.2376767",
        "bujur": "106.8686315"
      }
    },
    {
      "type": "Feature",
      "geometry": {
        "type": "Point",
        "coordinates": [
          106.8635098,
          -6.2429461
        ]
      },
      "properties": {
        "periode_data": "2024",
        "wilayah": "KOTA ADM. JAKARTA BARAT",
        "no_registrasi": "HLT202400570",
        "jenis_halte": "REGULER",
        "kode_barang": "133010118004",
        "lokasi_alamat": "JL. GAJAH MADA BARAT JAKARTA KEAGUNGAN TAMAN SARI BARAT JAKARTA CITY JAKARTA HALTE SMA 2 II",
        "lintang": "-6.2429461",
        "bujur": "106.8635098"
      }
    },
    {
      "type": "Feature",
      "geometry": {
        "type": "Point",
        "coordinates": [
          106.8779006,
          -6.2391173
        ]
      },
      "properties": {
        "periode_data": "2024",
        "wilayah": "KOTA ADM. JAKARTA BARAT",
        "no_registrasi": "HLT202400571",
        "jenis_halte": "REGULER",
        "kode_barang": "133010118004",
        "lokasi_alamat": "4 JL. CENDRAWASIH RAYA S U DEPAN GELANGANG REMAJA CENDRAW",
        "lintang": "-6.2391173",
        "bujur": "106.8779006"
      }
    },
    {
      "type": "Feature",
      "geometry": {
        "type": "Point",
        "coordinates": [
          106.8583233,
          -6.2429502
        ]
      },
      "properties": {
        "periode_data": "2024",
        "wilayah": "KOTA ADM. JAKARTA PUSAT",
        "no_registrasi": "HLT202400572",
        "jenis_halte": "REGULER",
        "kode_barang": "133010118004",
        "lokasi_alamat": "JL. CUT MUTIA 10 2 RT 4 RW 9 KEC MENTENG KOTA KOTA ADM. JAKARTA PUSAT DAERAH KHUSUS IBUKOTA JAKARTA 10330 HALTE BRI",
        "lintang": "-6.2429502",
        "bujur": "106.8583233"
      }
    },
    {
      "type": "Feature",
      "geometry": {
        "type": "Point",
        "coordinates": [
          106.8097182,
          -6.2145825
        ]
      },
      "properties": {
        "periode_data": "2024",
        "wilayah": "KOTA ADM. JAKARTA SELATAN",
        "no_registrasi": "HLT202400573",
        "jenis_halte": "REGULER",
        "kode_barang": "133010118004",
        "lokasi_alamat": "JL. TB SIMATUPANG GEDONG KEC PS REBO KOTA KOTA ADM. JAKARTA TIMUR DAERAH KHUSUS IBUKOTA JAKARTA 13760 SEBRANG SUPERINDO",
        "lintang": "-6.2145825",
        "bujur": "106.8097182"
      }
    },
    {
      "type": "Feature",
      "geometry": {
        "type": "Point",
        "coordinates": [
          106.9602969,
          -6.1880153
        ]
      },
      "properties": {
        "periode_data": "2024",
        "wilayah": "KOTA ADM. JAKARTA PUSAT",
        "no_registrasi": "HLT202400358",
        "jenis_halte": "REGULER",
        "kode_barang": "133010135001",
        "lokasi_alamat": "JL. RAYA JAKARTA BOGOR RT 3 RW 7 KP TENGAH KEC KRAMAT JATI KOTA KOTA ADM. JAKARTA TIMUR DAERAH KHUSUS IBUKOTA JAKARTA 13540 SEBRANG MEGA KERAMIK",
        "lintang": "-6.1880153",
        "bujur": "106.9602969"
      }
    },
    {
      "type": "Feature",
      "geometry": {
        "type": "Point",
        "coordinates": [
          106.96527,
          -6.189295
        ]
      },
      "properties": {
        "periode_data": "2024",
        "wilayah": "KOTA ADM. JAKARTA UTARA",
        "no_registrasi": "HLT202400359",
        "jenis_halte": "REGULER",
        "kode_barang": "133010135001",
        "lokasi_alamat": "JL. R E MARTADINATA DEPAN ANCOL",
        "lintang": "-6.189295",
        "bujur": "106.96527"
      }
    },
    {
      "type": "Feature",
      "geometry": {
        "type": "Point",
        "coordinates": [
          106.8262538,
          -6.2858481
        ]
      },
      "properties": {
        "periode_data": "2024",
        "wilayah": "KOTA ADM. JAKARTA SELATAN",
        "no_registrasi": "HLT202400360",
        "jenis_halte": "REGULER",
        "kode_barang": "133010118004",
        "lokasi_alamat": "JL. PANJANG ARTERI KLP DUA RAYA RT 6 RW 2 KB JERUK KEC KB JERUK KOTA KOTA ADM. JAKARTA BARAT DAERAH KHUSUS IBUKOTA JAKARTA 11530 HALTE SMA 65",
        "lintang": "-6.2858481",
        "bujur": "106.8262538"
      }
    },
    {
      "type": "Feature",
      "geometry": {
        "type": "Point",
        "coordinates": [
          106.9051853,
          -6.1928189
        ]
      },
      "properties": {
        "periode_data": "2024",
        "wilayah": "KOTA ADM. JAKARTA BARAT",
        "no_registrasi": "HLT202400361",
        "jenis_halte": "REGULER",
        "kode_barang": "133010118004",
        "lokasi_alamat": "JL. RAYA KB JERUK 1 RT 4 RW 2 KB JERUK KEC KB JERUK KOTA KOTA ADM. JAKARTA BARAT DAERAH KHUSUS IBUKOTA JAKARTA 11530 HALTE DEPAN SMP 229",
        "lintang": "-6.1928189",
        "bujur": "106.9051853"
      }
    },
    {
      "type": "Feature",
      "geometry": {
        "type": "Point",
        "coordinates": [
          106.9168534,
          -6.1234019
        ]
      },
      "properties": {
        "periode_data": "2024",
        "wilayah": "KOTA ADM. JAKARTA SELATAN",
        "no_registrasi": "HLT202400362",
        "jenis_halte": "REGULER",
        "kode_barang": "133010118004",
        "lokasi_alamat": "JL. DAAN MOGOT RT 7 RW 2 KALIDERES KEC KALIDERES KOTA KOTA ADM. JAKARTA BARAT DAERAH KHUSUS IBUKOTA JAKARTA DEKAT POLSEK KALIDERES",
        "lintang": "-6.1234019",
        "bujur": "106.9168534"
      }
    },
    {
      "type": "Feature",
      "geometry": {
        "type": "Point",
        "coordinates": [
          106.7823951,
          -6.1996507
        ]
      },
      "properties": {
        "periode_data": "2024",
        "wilayah": "KOTA ADM. JAKARTA BARAT",
        "no_registrasi": "HLT202400363",
        "jenis_halte": "REGULER",
        "kode_barang": "133010118004",
        "lokasi_alamat": "JL. RAYA KB JERUK 126 8 RT 3 RW 9 KB JERUK KEC KB JERUK KOTA KOTA ADM. JAKARTA BARAT DAERAH KHUSUS IBUKOTA JAKARTA 11530 HALTE DEPAN PAUD AR RAHMAH",
        "lintang": "-6.1996507",
        "bujur": "106.7823951"
      }
    },
    {
      "type": "Feature",
      "geometry": {
        "type": "Point",
        "coordinates": [
          106.8304329,
          -6.2742413
        ]
      },
      "properties": {
        "periode_data": "2024",
        "wilayah": "KOTA ADM. JAKARTA BARAT",
        "no_registrasi": "HLT202400364",
        "jenis_halte": "REGULER",
        "kode_barang": "133010118004",
        "lokasi_alamat": "JL. PANJANG KB JERUK KEC KB JERUK KOTA KOTA ADM. JAKARTA BARAT DAERAH KHUSUS IBUKOTA JAKARTA DEPAN CEVROLET",
        "lintang": "-6.2742413",
        "bujur": "106.8304329"
      }
    },
    {
      "type": "Feature",
      "geometry": {
        "type": "Point",
        "coordinates": [
          106.8410372,
          -6.176965
        ]
      },
      "properties": {
        "periode_data": "2024",
        "wilayah": "KOTA ADM. JAKARTA SELATAN",
        "no_registrasi": "HLT202400365",
        "jenis_halte": "REGULER",
        "kode_barang": "133010118004",
        "lokasi_alamat": "JL. KYAI H ZAINUL ARIFIN RW 14 TANAH SEREAL KEC TAMBORA KOTA KOTA ADM. JAKARTA BARAT DAERAH KHUSUS IBUKOTA JAKARTA 11210 DEPAN FUJI XEROX",
        "lintang": "-6.176965",
        "bujur": "106.8410372"
      }
    },
    {
      "type": "Feature",
      "geometry": {
        "type": "Point",
        "coordinates": [
          106.8700964,
          -6.2578037
        ]
      },
      "properties": {
        "periode_data": "2024",
        "wilayah": "KOTA ADM. JAKARTA SELATAN",
        "no_registrasi": "HLT202400366",
        "jenis_halte": "REGULER",
        "kode_barang": "133010118004",
        "lokasi_alamat": "JL. DAAN MOGOT 29 66 RT 1 RW 3 KALIDERES KEC KALIDERES KOTA KOTA ADM. JAKARTA BARAT DAERAH KHUSUS IBUKOTA JAKARTA 11840 SEBRANG WARTEG SEDERHANA",
        "lintang": "-6.2578037",
        "bujur": "106.8700964"
      }
    },
    {
      "type": "Feature",
      "geometry": {
        "type": "Point",
        "coordinates": [
          106.880185,
          -6.1929379
        ]
      },
      "properties": {
        "periode_data": "2024",
        "wilayah": "KOTA ADM. JAKARTA UTARA",
        "no_registrasi": "HLT202400367",
        "jenis_halte": "REGULER",
        "kode_barang": "133010118004",
        "lokasi_alamat": "JL. R E MARTADINATA RT 6 RW 6 SUNTER AGUNG TJ PRIOK KOTA JKT UTARA DAERAH KHUSUS IBUKOTA JAKARTA 14350 SAMPING JL. SUNTER PERMAI RAYA",
        "lintang": "-6.1929379",
        "bujur": "106.880185"
      }
    },
    {
      "type": "Feature",
      "geometry": {
        "type": "Point",
        "coordinates": [
          106.8472462,
          -6.2088412
        ]
      },
      "properties": {
        "periode_data": "2024",
        "wilayah": "KOTA ADM. JAKARTA UTARA",
        "no_registrasi": "HLT202400368",
        "jenis_halte": "REGULER",
        "kode_barang": "133010135001",
        "lokasi_alamat": "JL. R E MARTADINATA RW 10 PADEMANGAN BAR KEC PADEMANGAN KOTA JKT UTARA DAERAH KHUSUS IBUKOTA JAKARTA 14420 HALTE POLSEK",
        "lintang": "-6.2088412",
        "bujur": "106.8472462"
      }
    },
    {
      "type": "Feature",
      "geometry": {
        "type": "Point",
        "coordinates": [
          106.8488617,
          -6.1935314
        ]
      },
      "properties": {
        "periode_data": "2024",
        "wilayah": "KOTA ADM. JAKARTA SELATAN",
        "no_registrasi": "HLT202400369",
        "jenis_halte": "REGULER",
        "kode_barang": "133010135001",
        "lokasi_alamat": "JL. JEND SUDIRMAN NO 315 RT 1 RW 3 KUNINGAN GELORA KECAMATAN TANAH ABANG KOTA KOTA ADM. JAKARTA PUSAT DAERAH KHUSUS IBUKOTA JAKARTA 10270 DEPAN PANIN BANK",
        "lintang": "-6.1935314",
        "bujur": "106.8488617"
      }
    },
    {
      "type": "Feature",
      "geometry": {
        "type": "Point",
        "coordinates": [
          106.8509962,
          -6.1965808
        ]
      },
      "properties": {
        "periode_data": "2024",
        "wilayah": "KOTA ADM. JAKARTA TIMUR",
        "no_registrasi": "HLT202400536",
        "jenis_halte": "REGULER",
        "kode_barang": "133010118004",
        "lokasi_alamat": "JL. DEWI SARTIKA T B DEPAN SEKOLAH SMP YAYASAN MARSUDIRIN",
        "lintang": "-6.1965808",
        "bujur": "106.8509962"
      }
    },
    {
      "type": "Feature",
      "geometry": {
        "type": "Point",
        "coordinates": [
          106.8460864,
          -6.1881403
        ]
      },
      "properties": {
        "periode_data": "2024",
        "wilayah": "KOTA ADM. JAKARTA UTARA",
        "no_registrasi": "HLT202400537",
        "jenis_halte": "REGULER",
        "kode_barang": "133010118004",
        "lokasi_alamat": "JL. GN SAHARI RT 1 RW 1 PADEMANGAN BAR KEC PADEMANGAN KOTA JKT UTARA DAERAH KHUSUS IBUKOTA JAKARTA 14420 SEBRANG K 24",
        "lintang": "-6.1881403",
        "bujur": "106.8460864"
      }
    },
    {
      "type": "Feature",
      "geometry": {
        "type": "Point",
        "coordinates": [
          106.8570642,
          -6.2032819
        ]
      },
      "properties": {
        "periode_data": "2024",
        "wilayah": "KOTA ADM. JAKARTA UTARA",
        "no_registrasi": "HLT202400538",
        "jenis_halte": "REGULER",
        "kode_barang": "133010135001",
        "lokasi_alamat": "JL. GN SAHARI RT 1 RW 13 PADEMANGAN BAR KEC PADEMANGAN KOTA JKT UTARA DAERAH KHUSUS IBUKOTA JAKARTA 14420 DEPAN WTC MANGGA DUA",
        "lintang": "-6.2032819",
        "bujur": "106.8570642"
      }
    },
    {
      "type": "Feature",
      "geometry": {
        "type": "Point",
        "coordinates": [
          106.8162839,
          -6.1487189
        ]
      },
      "properties": {
        "periode_data": "2024",
        "wilayah": "KOTA ADM. JAKARTA TIMUR",
        "no_registrasi": "HLT202400539",
        "jenis_halte": "REGULER",
        "kode_barang": "133010118004",
        "lokasi_alamat": "JL. DEWI SARTIKA T B SAMPING PGC CILILITAN",
        "lintang": "-6.1487189",
        "bujur": "106.8162839"
      }
    },
    {
      "type": "Feature",
      "geometry": {
        "type": "Point",
        "coordinates": [
          106.888145,
          -6.1934152
        ]
      },
      "properties": {
        "periode_data": "2024",
        "wilayah": "KOTA ADM. JAKARTA UTARA",
        "no_registrasi": "HLT202400540",
        "jenis_halte": "REGULER",
        "kode_barang": "133010118004",
        "lokasi_alamat": "JL. GN SAHARI RT 1 RW 9 PADEMANGAN BAR KEC PADEMANGAN KOTA JKT UTARA DAERAH KHUSUS IBUKOTA JAKARTA 14420 DEPAN NOVOTEL",
        "lintang": "-6.1934152",
        "bujur": "106.888145"
      }
    },
    {
      "type": "Feature",
      "geometry": {
        "type": "Point",
        "coordinates": [
          106.8834333,
          -6.1933233
        ]
      },
      "properties": {
        "periode_data": "2024",
        "wilayah": "KOTA ADM. JAKARTA SELATAN",
        "no_registrasi": "HLT202400541",
        "jenis_halte": "REGULER",
        "kode_barang": "133010118004",
        "lokasi_alamat": "JL. GUNAWARMAN S U DEPAN GD HYPOXY",
        "lintang": "-6.1933233",
        "bujur": "106.8834333"
      }
    },
    {
      "type": "Feature",
      "geometry": {
        "type": "Point",
        "coordinates": [
          106.8422467,
          -6.1781583
        ]
      },
      "properties": {
        "periode_data": "2024",
        "wilayah": "KOTA ADM. JAKARTA BARAT",
        "no_registrasi": "HLT202400542",
        "jenis_halte": "REGULER",
        "kode_barang": "133010118004",
        "lokasi_alamat": "JL. KYAI TAPA 1 RT 6 RW 16 TOMANG KEC GROGOL PETAMBURAN KOTA KOTA ADM. JAKARTA BARAT DAERAH KHUSUS IBUKOTA JAKARTA 11440 DEPAN UNIVERSITAS TRISAKTI",
        "lintang": "-6.1781583",
        "bujur": "106.8422467"
      }
    },
    {
      "type": "Feature",
      "geometry": {
        "type": "Point",
        "coordinates": [
          106.83078,
          -6.2388506
        ]
      },
      "properties": {
        "periode_data": "2024",
        "wilayah": "KOTA ADM. JAKARTA SELATAN",
        "no_registrasi": "HLT202400543",
        "jenis_halte": "REGULER",
        "kode_barang": "133010118004",
        "lokasi_alamat": "J PERTANIAN 3 PASAR MINGGU T B DEPAN GD KARYA SOSIAL",
        "lintang": "-6.2388506",
        "bujur": "106.83078"
      }
    },
    {
      "type": "Feature",
      "geometry": {
        "type": "Point",
        "coordinates": [
          106.8424451,
          -6.1774647
        ]
      },
      "properties": {
        "periode_data": "2024",
        "wilayah": "KOTA ADM. JAKARTA BARAT",
        "no_registrasi": "HLT202400544",
        "jenis_halte": "REGULER",
        "kode_barang": "133010118004",
        "lokasi_alamat": "JL. KYAI TAPA 1 RT 6 RW 16 TOMANG KEC GROGOL PETAMBURAN KOTA KOTA ADM. JAKARTA BARAT DAERAH KHUSUS IBUKOTA JAKARTA 11440 DI BAWAH JPO BUSWAY GROGOL 1 DEPAN GELANGGANG MAHASISWA",
        "lintang": "-6.1774647",
        "bujur": "106.8424451"
      }
    },
    {
      "type": "Feature",
      "geometry": {
        "type": "Point",
        "coordinates": [
          106.8423558,
          -6.1782384
        ]
      },
      "properties": {
        "periode_data": "2024",
        "wilayah": "KOTA ADM. JAKARTA SELATAN",
        "no_registrasi": "HLT202400545",
        "jenis_halte": "REGULER",
        "kode_barang": "133010118004",
        "lokasi_alamat": "JL. LENTENG AGUNG RAYA U S DEPAN UNIVERSITAS PANCASILA",
        "lintang": "-6.1782384",
        "bujur": "106.8423558"
      }
    },
    {
      "type": "Feature",
      "geometry": {
        "type": "Point",
        "coordinates": [
          106.8414302,
          -6.1771906
        ]
      },
      "properties": {
        "periode_data": "2024",
        "wilayah": "KOTA ADM. JAKARTA SELATAN",
        "no_registrasi": "HLT202400546",
        "jenis_halte": "REGULER",
        "kode_barang": "133010118004",
        "lokasi_alamat": "JL. LENTENG AGUNG RAYA U S SEBERANG STASIUN KA TANJUNG BAR",
        "lintang": "-6.1771906",
        "bujur": "106.8414302"
      }
    },
    {
      "type": "Feature",
      "geometry": {
        "type": "Point",
        "coordinates": [
          106.8814261,
          -6.2268115
        ]
      },
      "properties": {
        "periode_data": "2024",
        "wilayah": "KOTA ADM. JAKARTA BARAT",
        "no_registrasi": "HLT202400547",
        "jenis_halte": "REGULER",
        "kode_barang": "133010118004",
        "lokasi_alamat": "JL. KYAI TAPA 1 TOMANG KEC GROGOL PETAMBURAN KOTA KOTA ADM. JAKARTA BARAT DAERAH KHUSUS IBUKOTA JAKARTA 11440 DI BAWAH JPO BUSWAY GROGOL 1 DEPAN GELANGGANG MAHASISWA 2",
        "lintang": "-6.2268115",
        "bujur": "106.8814261"
      }
    },
    {
      "type": "Feature",
      "geometry": {
        "type": "Point",
        "coordinates": [
          106.8126846,
          -6.1832774
        ]
      },
      "properties": {
        "periode_data": "2024",
        "wilayah": "KOTA ADM. JAKARTA PUSAT",
        "no_registrasi": "HLT202400548",
        "jenis_halte": "REGULER",
        "kode_barang": "133010118004",
        "lokasi_alamat": "JL. DR SAHARDJO S U DEPAN SDN 01 02 03 MENTENG JAKARTA SE",
        "lintang": "-6.1832774",
        "bujur": "106.8126846"
      }
    },
    {
      "type": "Feature",
      "geometry": {
        "type": "Point",
        "coordinates": [
          106.8663683,
          -6.2245616
        ]
      },
      "properties": {
        "periode_data": "2024",
        "wilayah": "KOTA ADM. JAKARTA SELATAN",
        "no_registrasi": "HLT202400473",
        "jenis_halte": "REGULER",
        "kode_barang": "133010118004",
        "lokasi_alamat": "JL. DANAU SUNTER UTARA RT 14 RW 13 SUNTER AGUNG TJ PRIOK KOTA JKT UTARA DAERAH KHUSUS IBUKOTA JAKARTA 14350 HALTE SUNTER KARYA",
        "lintang": "-6.2245616",
        "bujur": "106.8663683"
      }
    },
    {
      "type": "Feature",
      "geometry": {
        "type": "Point",
        "coordinates": [
          106.9046449,
          -6.201502
        ]
      },
      "properties": {
        "periode_data": "2024",
        "wilayah": "KOTA ADM. JAKARTA UTARA",
        "no_registrasi": "HLT202400474",
        "jenis_halte": "REGULER",
        "kode_barang": "133010135001",
        "lokasi_alamat": "JL. PESANGGRAHAN 19 28 RT 4 RW 6 KEMBANGAN SEL KEC KEMBANGAN KOTA KOTA ADM. JAKARTA BARAT DAERAH KHUSUS IBUKOTA JAKARTA 11610 DEPAN STARBUCKS",
        "lintang": "-6.201502",
        "bujur": "106.9046449"
      }
    },
    {
      "type": "Feature",
      "geometry": {
        "type": "Point",
        "coordinates": [
          106.8624581,
          -6.3048187
        ]
      },
      "properties": {
        "periode_data": "2024",
        "wilayah": "KOTA ADM. JAKARTA PUSAT",
        "no_registrasi": "HLT202400475",
        "jenis_halte": "REGULER",
        "kode_barang": "133010118004",
        "lokasi_alamat": "JL. KEBON SIRIH 75 79 RT 1 RW 1 GAMBIR KECAMATAN GAMBIR KOTA KOTA ADM. JAKARTA PUSAT DAERAH KHUSUS IBUKOTA JAKARTA 10340 HALTE MASJID AL RAYYAN",
        "lintang": "-6.3048187",
        "bujur": "106.8624581"
      }
    },
    {
      "type": "Feature",
      "geometry": {
        "type": "Point",
        "coordinates": [
          106.9453324,
          -6.2124497
        ]
      },
      "properties": {
        "periode_data": "2024",
        "wilayah": "KOTA ADM. JAKARTA PUSAT",
        "no_registrasi": "HLT202400476",
        "jenis_halte": "REGULER",
        "kode_barang": "133010118004",
        "lokasi_alamat": "JL. KEBON SIRIH RT 2 RW 3 KP BALI KECAMATAN TANAH ABANG KOTA KOTA ADM. JAKARTA PUSAT DAERAH KHUSUS IBUKOTA JAKARTA 10250 HALTE JEMBATAN SERONG",
        "lintang": "-6.2124497",
        "bujur": "106.9453324"
      }
    },
    {
      "type": "Feature",
      "geometry": {
        "type": "Point",
        "coordinates": [
          106.8999885,
          -6.1082387
        ]
      },
      "properties": {
        "periode_data": "2024",
        "wilayah": "KOTA ADM. JAKARTA TIMUR",
        "no_registrasi": "HLT202400477",
        "jenis_halte": "REGULER",
        "kode_barang": "133010118004",
        "lokasi_alamat": "JL. LENTENG AGUNG RAYA RT 4 RW 1 LENTENG AGUNG KEC JAGAKARSA KOTA KOTA ADM. JAKARTA SELATAN DAERAH KHUSUS IBUKOTA JAKARTA 12530 HALTE LENTENG AGUNG BARAT",
        "lintang": "-6.1082387",
        "bujur": "106.8999885"
      }
    },
    {
      "type": "Feature",
      "geometry": {
        "type": "Point",
        "coordinates": [
          106.9405581,
          -6.2125383
        ]
      },
      "properties": {
        "periode_data": "2024",
        "wilayah": "KOTA ADM. JAKARTA UTARA",
        "no_registrasi": "HLT202400478",
        "jenis_halte": "REGULER",
        "kode_barang": "133010135001",
        "lokasi_alamat": "JL. YOS SUDARSO 23 RT 1 RW 12 KB BAWANG TJ PRIOK KOTA JKT UTARA DAERAH KHUSUS IBUKOTA JAKARTA 14320 SAMPING JL. BUGIS",
        "lintang": "-6.2125383",
        "bujur": "106.9405581"
      }
    },
    {
      "type": "Feature",
      "geometry": {
        "type": "Point",
        "coordinates": [
          106.9008247,
          -6.1085086
        ]
      },
      "properties": {
        "periode_data": "2024",
        "wilayah": "KOTA ADM. JAKARTA SELATAN",
        "no_registrasi": "HLT202400479",
        "jenis_halte": "REGULER",
        "kode_barang": "133010118004",
        "lokasi_alamat": "JL. LETJEND SUPRAPTO RT 14 RW 6 BUNGUR KEC SENEN KOTA KOTA ADM. JAKARTA PUSAT DAERAH KHUSUS IBUKOTA JAKARTA BAWAH JPO",
        "lintang": "-6.1085086",
        "bujur": "106.9008247"
      }
    },
    {
      "type": "Feature",
      "geometry": {
        "type": "Point",
        "coordinates": [
          106.9396984,
          -6.2137965
        ]
      },
      "properties": {
        "periode_data": "2024",
        "wilayah": "KOTA ADM. JAKARTA UTARA",
        "no_registrasi": "HLT202400480",
        "jenis_halte": "REGULER",
        "kode_barang": "133010118004",
        "lokasi_alamat": "JL. YOS SUDARSO RT 5 RW 2 KOJA NORTH JAKARTA CITY JAKARTA HALTE KEBON BAWANG",
        "lintang": "-6.2137965",
        "bujur": "106.9396984"
      }
    },
    {
      "type": "Feature",
      "geometry": {
        "type": "Point",
        "coordinates": [
          106.9065589,
          -6.1086158
        ]
      },
      "properties": {
        "periode_data": "2024",
        "wilayah": "KOTA ADM. JAKARTA SELATAN",
        "no_registrasi": "HLT202400481",
        "jenis_halte": "REGULER",
        "kode_barang": "133010118004",
        "lokasi_alamat": "JL. MH THAMRIN DEPAN BANK SURYA",
        "lintang": "-6.1086158",
        "bujur": "106.9065589"
      }
    },
    {
      "type": "Feature",
      "geometry": {
        "type": "Point",
        "coordinates": [
          106.924192,
          -6.2160615
        ]
      },
      "properties": {
        "periode_data": "2024",
        "wilayah": "KOTA ADM. JAKARTA PUSAT",
        "no_registrasi": "HLT202400482",
        "jenis_halte": "REGULER",
        "kode_barang": "133010118004",
        "lokasi_alamat": "JL. PROKLAMASI 13 25 RT 11 RW 2 PEGANGSAAN KEC MENTENG KOTA KOTA ADM. JAKARTA PUSAT DAERAH KHUSUS IBUKOTA JAKARTA 10320 HALTE MEGARIA",
        "lintang": "-6.2160615",
        "bujur": "106.924192"
      }
    },
    {
      "type": "Feature",
      "geometry": {
        "type": "Point",
        "coordinates": [
          106.8952928,
          -6.1076525
        ]
      },
      "properties": {
        "periode_data": "2024",
        "wilayah": "KOTA ADM. JAKARTA PUSAT",
        "no_registrasi": "HLT202400483",
        "jenis_halte": "REGULER",
        "kode_barang": "133010118004",
        "lokasi_alamat": "JL. PROKLAMASI 49 RT 11 RW 2 PEGANGSAAN KEC MENTENG KOTA KOTA ADM. JAKARTA PUSAT DAERAH KHUSUS IBUKOTA JAKARTA 10320 HALTE TUGU PROKLAMASI",
        "lintang": "-6.1076525",
        "bujur": "106.8952928"
      }
    },
    {
      "type": "Feature",
      "geometry": {
        "type": "Point",
        "coordinates": [
          106.8394009,
          -6.3080482
        ]
      },
      "properties": {
        "periode_data": "2024",
        "wilayah": "KOTA ADM. JAKARTA PUSAT",
        "no_registrasi": "HLT202400484",
        "jenis_halte": "REGULER",
        "kode_barang": "133010118004",
        "lokasi_alamat": "JL. ASIA AFRIKA RT 1 RW 3 GELORA KECAMATAN TANAH ABANG KOTA KOTA ADM. JAKARTA PUSAT DAERAH KHUSUS IBUKOTA JAKARTA 10270 DEPAN SOGO PLAZA SENAYAN",
        "lintang": "-6.3080482",
        "bujur": "106.8394009"
      }
    },
    {
      "type": "Feature",
      "geometry": {
        "type": "Point",
        "coordinates": [
          106.9178558,
          -6.2152251
        ]
      },
      "properties": {
        "periode_data": "2024",
        "wilayah": "KOTA ADM. JAKARTA SELATAN",
        "no_registrasi": "HLT202400485",
        "jenis_halte": "REGULER",
        "kode_barang": "133010118004",
        "lokasi_alamat": "JL. CUT MUTIA 1 RT 10 RW 5 CIKINI KEC MENTENG KOTA KOTA ADM. JAKARTA PUSAT DAERAH KHUSUS IBUKOTA JAKARTA 10330 HALTE BAPINDO",
        "lintang": "-6.2152251",
        "bujur": "106.9178558"
      }
    },
    {
      "type": "Feature",
      "geometry": {
        "type": "Point",
        "coordinates": [
          106.9118617,
          -6.2145017
        ]
      },
      "properties": {
        "periode_data": "2024",
        "wilayah": "KOTA ADM. JAKARTA TIMUR",
        "no_registrasi": "HLT202400486",
        "jenis_halte": "REGULER",
        "kode_barang": "133010118004",
        "lokasi_alamat": "JL. I GUSTI NGURAH RAI 11 MALAKA JAYA KEC CAKUNG KOTA KOTA ADM. JAKARTA TIMUR DAERAH KHUSUS IBUKOTA JAKARTA 13460 DEKET JPO BUSWAY PERUMNAS KLENDER",
        "lintang": "-6.2145017",
        "bujur": "106.9118617"
      }
    },
    {
      "type": "Feature",
      "geometry": {
        "type": "Point",
        "coordinates": [
          106.9050692,
          -6.2295769
        ]
      },
      "properties": {
        "periode_data": "2024",
        "wilayah": "KOTA ADM. JAKARTA BARAT",
        "no_registrasi": "HLT202400487",
        "jenis_halte": "REGULER",
        "kode_barang": "133010118004",
        "lokasi_alamat": "JL. PROF DR LATUMETEN 109 ANGKE KEC TAMBORA KOTA KOTA ADM. JAKARTA BARAT DAERAH KHUSUS IBUKOTA JAKARTA 11330 DEPAN GERAI CAHAYA MAS",
        "lintang": "-6.2295769",
        "bujur": "106.9050692"
      }
    },
    {
      "type": "Feature",
      "geometry": {
        "type": "Point",
        "coordinates": [
          106.8508222,
          -6.2104216
        ]
      },
      "properties": {
        "periode_data": "2024",
        "wilayah": "KOTA ADM. JAKARTA PUSAT",
        "no_registrasi": "HLT202400488",
        "jenis_halte": "REGULER",
        "kode_barang": "133010118004",
        "lokasi_alamat": "JL. ASIA AFRIKA RT 1 RW 3 GELORA KECAMATAN TANAH ABANG KOTA KOTA ADM. JAKARTA PUSAT DAERAH KHUSUS IBUKOTA JAKARTA 10270 HALTE ISTORA SENAYAN",
        "lintang": "-6.2104216",
        "bujur": "106.8508222"
      }
    },
    {
      "type": "Feature",
      "geometry": {
        "type": "Point",
        "coordinates": [
          106.9028975,
          -6.2136797
        ]
      },
      "properties": {
        "periode_data": "2024",
        "wilayah": "KOTA ADM. JAKARTA SELATAN",
        "no_registrasi": "HLT202400489",
        "jenis_halte": "REGULER",
        "kode_barang": "133010118004",
        "lokasi_alamat": "JL. MH THAMRIN DEPAN SARINAH",
        "lintang": "-6.2136797",
        "bujur": "106.9028975"
      }
    },
    {
      "type": "Feature",
      "geometry": {
        "type": "Point",
        "coordinates": [
          106.8825275,
          -6.1680254
        ]
      },
      "properties": {
        "periode_data": "2024",
        "wilayah": "KOTA ADM. JAKARTA PUSAT",
        "no_registrasi": "HLT202400490",
        "jenis_halte": "REGULER",
        "kode_barang": "133010118004",
        "lokasi_alamat": "JL. ASIA AFRIKA 61 59 RT 1 RW 3 GELORA KECAMATAN TANAH ABANG KOTA KOTA ADM. JAKARTA PUSAT DAERAH KHUSUS IBUKOTA JAKARTA 10270 DEPAN SENAYAN CITY",
        "lintang": "-6.1680254",
        "bujur": "106.8825275"
      }
    },
    {
      "type": "Feature",
      "geometry": {
        "type": "Point",
        "coordinates": [
          106.8530537,
          -6.2130374
        ]
      },
      "properties": {
        "periode_data": "2024",
        "wilayah": "KOTA ADM. JAKARTA SELATAN",
        "no_registrasi": "HLT202400491",
        "jenis_halte": "REGULER",
        "kode_barang": "133010118004",
        "lokasi_alamat": "JL. JEND SUDIRMAN RT 10 RW 11 KARET TENGSIN KECAMATAN TANAH ABANG KOTA KOTA ADM. JAKARTA PUSAT DAERAH KHUSUS IBUKOTA JAKARTA 10250 DEPAN ASTRA",
        "lintang": "-6.2130374",
        "bujur": "106.8530537"
      }
    },
    {
      "type": "Feature",
      "geometry": {
        "type": "Point",
        "coordinates": [
          106.7978287,
          -6.2074865
        ]
      },
      "properties": {
        "periode_data": "2024",
        "wilayah": "KOTA ADM. JAKARTA PUSAT",
        "no_registrasi": "HLT202400492",
        "jenis_halte": "REGULER",
        "kode_barang": "133010118004",
        "lokasi_alamat": "JL. ASIA AFRIKA RT 1 RW 3 GELORA KECAMATAN TANAH ABANG KOTA KOTA ADM. JAKARTA PUSAT DAERAH KHUSUS IBUKOTA JAKARTA 10270 HALTE GELORA",
        "lintang": "-6.2074865",
        "bujur": "106.7978287"
      }
    },
    {
      "type": "Feature",
      "geometry": {
        "type": "Point",
        "coordinates": [
          106.857955,
          -6.146731
        ]
      },
      "properties": {
        "periode_data": "2024",
        "wilayah": "KOTA ADM. JAKARTA BARAT",
        "no_registrasi": "HLT202400493",
        "jenis_halte": "REGULER",
        "kode_barang": "133010118004",
        "lokasi_alamat": "JL. LETJEN S PARMAN RT 3 RW 8 TOMANG KEC GROGOL PETAMBURAN KOTA KOTA ADM. JAKARTA BARAT DAERAH KHUSUS IBUKOTA JAKARTA 11440 SAMPING GERBANG TOL TANJUNG DUREN",
        "lintang": "-6.146731",
        "bujur": "106.857955"
      }
    },
    {
      "type": "Feature",
      "geometry": {
        "type": "Point",
        "coordinates": [
          106.7962563,
          -6.2091365
        ]
      },
      "properties": {
        "periode_data": "2024",
        "wilayah": "KOTA ADM. JAKARTA SELATAN",
        "no_registrasi": "HLT202400494",
        "jenis_halte": "REGULER",
        "kode_barang": "133010118004",
        "lokasi_alamat": "JL. JEND SUDIRMAN RT 10 RW 11 KARET TENGSIN KECAMATAN TANAH ABANG KOTA KOTA ADM. JAKARTA PUSAT DAERAH KHUSUS IBUKOTA JAKARTA 10250 DEPAN ASTRA",
        "lintang": "-6.2091365",
        "bujur": "106.7962563"
      }
    },
    {
      "type": "Feature",
      "geometry": {
        "type": "Point",
        "coordinates": [
          106.8590946,
          -6.1399043
        ]
      },
      "properties": {
        "periode_data": "2024",
        "wilayah": "KOTA ADM. JAKARTA SELATAN",
        "no_registrasi": "HLT202400495",
        "jenis_halte": "REGULER",
        "kode_barang": "133010118004",
        "lokasi_alamat": "JL. IMAM BONJOL RT 9 RW 4 MENTENG KEC MENTENG KOTA KOTA ADM. JAKARTA PUSAT DAERAH KHUSUS IBUKOTA JAKARTA 10310 SAMPING POS BIRU",
        "lintang": "-6.1399043",
        "bujur": "106.8590946"
      }
    },
    {
      "type": "Feature",
      "geometry": {
        "type": "Point",
        "coordinates": [
          106.894027,
          -6.1285084
        ]
      },
      "properties": {
        "periode_data": "2024",
        "wilayah": "KOTA ADM. JAKARTA BARAT",
        "no_registrasi": "HLT202400496",
        "jenis_halte": "REGULER",
        "kode_barang": "133010118004",
        "lokasi_alamat": "JL. LETJEN S PARMAN ST RT 17 RW 1 JATI PULO PALMERAH WEST JAKARTA CITY JAKARTA 11430 DEKAT KPP PAL MERAH",
        "lintang": "-6.1285084",
        "bujur": "106.894027"
      }
    },
    {
      "type": "Feature",
      "geometry": {
        "type": "Point",
        "coordinates": [
          106.8643442,
          -6.2535927
        ]
      },
      "properties": {
        "periode_data": "2024",
        "wilayah": "KOTA ADM. JAKARTA SELATAN",
        "no_registrasi": "HLT202400405",
        "jenis_halte": "REGULER",
        "kode_barang": "133010118004",
        "lokasi_alamat": "JL. RAYA KBY LAMA RT 11 RW 1 GROGOL SEL KEC KBY LAMA KOTA KOTA ADM. JAKARTA SELATAN DAERAH KHUSUS IBUKOTA JAKARTA 12220 HALTE KANGKUNG",
        "lintang": "-6.2535927",
        "bujur": "106.8643442"
      }
    },
    {
      "type": "Feature",
      "geometry": {
        "type": "Point",
        "coordinates": [
          106.8319309,
          -6.1333005
        ]
      },
      "properties": {
        "periode_data": "2024",
        "wilayah": "KOTA ADM. JAKARTA SELATAN",
        "no_registrasi": "HLT202400406",
        "jenis_halte": "REGULER",
        "kode_barang": "133010118004",
        "lokasi_alamat": "JL. RAYA KBY LAMA NO B1 RT 1 RW 7 GROGOL SEL KEC KBY LAMA KOTA KOTA ADM. JAKARTA SELATAN DAERAH KHUSUS IBUKOTA JAKARTA 12220 HALTE SMPN 48",
        "lintang": "-6.1333005",
        "bujur": "106.8319309"
      }
    },
    {
      "type": "Feature",
      "geometry": {
        "type": "Point",
        "coordinates": [
          106.8075584,
          -6.2322651
        ]
      },
      "properties": {
        "periode_data": "2024",
        "wilayah": "KOTA ADM. JAKARTA BARAT",
        "no_registrasi": "HLT202400407",
        "jenis_halte": "REGULER",
        "kode_barang": "133010135001",
        "lokasi_alamat": "JL. HAYAM WURUK NO 125 I RT 2 RW 6 MANGGA BESAR KEC TAMAN SARI KOTA KOTA ADM. JAKARTA BARAT DAERAH KHUSUS IBUKOTA JAKARTA 11180 DEPAN IMPERIAL CHEF",
        "lintang": "-6.2322651",
        "bujur": "106.8075584"
      }
    },
    {
      "type": "Feature",
      "geometry": {
        "type": "Point",
        "coordinates": [
          106.7889962,
          -6.1673496
        ]
      },
      "properties": {
        "periode_data": "2024",
        "wilayah": "KOTA ADM. JAKARTA SELATAN",
        "no_registrasi": "HLT202400408",
        "jenis_halte": "REGULER",
        "kode_barang": "133010118004",
        "lokasi_alamat": "JL. GATOT SUBROTO 21 RT 9 RW 1 MENTENG DALAM KEC TEBET KOTA KOTA ADM. JAKARTA SELATAN DAERAH KHUSUS IBUKOTA JAKARTA 12870 SEBRANG GEDUNG SME",
        "lintang": "-6.1673496",
        "bujur": "106.7889962"
      }
    },
    {
      "type": "Feature",
      "geometry": {
        "type": "Point",
        "coordinates": [
          106.8425614,
          -6.2875085
        ]
      },
      "properties": {
        "periode_data": "2024",
        "wilayah": "KOTA ADM. JAKARTA PUSAT",
        "no_registrasi": "HLT202400409",
        "jenis_halte": "REGULER",
        "kode_barang": "133010118004",
        "lokasi_alamat": "JL. M H THAMRIN RT 2 RW 1 KB SIRIH KEC MENTENG KOTA KOTA ADM. JAKARTA PUSAT DAERAH KHUSUS IBUKOTA JAKARTA 10340 HALTE DEPAN MENARA THAMRIN 2",
        "lintang": "-6.2875085",
        "bujur": "106.8425614"
      }
    },
    {
      "type": "Feature",
      "geometry": {
        "type": "Point",
        "coordinates": [
          106.7904371,
          -6.167075
        ]
      },
      "properties": {
        "periode_data": "2024",
        "wilayah": "KOTA ADM. JAKARTA SELATAN",
        "no_registrasi": "HLT202400410",
        "jenis_halte": "REGULER",
        "kode_barang": "133010118004",
        "lokasi_alamat": "JL. MT HARYONO RT 4 RW 2 TEBET TIM KEC TEBET KOTA KOTA ADM. JAKARTA SELATAN DAERAH KHUSUS IBUKOTA JAKARTA 12820 DEPAN WISMA MTH",
        "lintang": "-6.167075",
        "bujur": "106.7904371"
      }
    },
    {
      "type": "Feature",
      "geometry": {
        "type": "Point",
        "coordinates": [
          106.8338078,
          -6.3394517
        ]
      },
      "properties": {
        "periode_data": "2024",
        "wilayah": "KOTA ADM. JAKARTA SELATAN",
        "no_registrasi": "HLT202400411",
        "jenis_halte": "REGULER",
        "kode_barang": "133010118004",
        "lokasi_alamat": "JL. MT HARYONO RT 4 RW 2 TEBET TIM KEC TEBET KOTA KOTA ADM. JAKARTA SELATAN DAERAH KHUSUS IBUKOTA JAKARTA 12820 DEPAN WISMA MTH",
        "lintang": "-6.3394517",
        "bujur": "106.8338078"
      }
    },
    {
      "type": "Feature",
      "geometry": {
        "type": "Point",
        "coordinates": [
          106.8386073,
          -6.308089
        ]
      },
      "properties": {
        "periode_data": "2024",
        "wilayah": "KOTA ADM. JAKARTA PUSAT",
        "no_registrasi": "HLT202400412",
        "jenis_halte": "REGULER",
        "kode_barang": "133010118004",
        "lokasi_alamat": "JL. M H THAMRIN RT 8 RW 4 GONDANGDIA KEC MENTENG KOTA KOTA ADM. JAKARTA PUSAT DAERAH KHUSUS IBUKOTA JAKARTA 10350 HALTE SARINAH 2",
        "lintang": "-6.308089",
        "bujur": "106.8386073"
      }
    },
    {
      "type": "Feature",
      "geometry": {
        "type": "Point",
        "coordinates": [
          106.7902758,
          -6.1670682
        ]
      },
      "properties": {
        "periode_data": "2024",
        "wilayah": "KOTA ADM. JAKARTA TIMUR",
        "no_registrasi": "HLT202400413",
        "jenis_halte": "REGULER",
        "kode_barang": "133010118004",
        "lokasi_alamat": "JL. RAYA PD GEDE 18 RT 2 RW 1 HALIM PERDANA KUSUMAH KEC MAKASAR KOTA KOTA ADM. JAKARTA TIMUR DAERAH KHUSUS IBUKOTA JAKARTA 13810 DEPAN MESS KARTIKA",
        "lintang": "-6.1670682",
        "bujur": "106.7902758"
      }
    },
    {
      "type": "Feature",
      "geometry": {
        "type": "Point",
        "coordinates": [
          106.8453921,
          -6.219486
        ]
      },
      "properties": {
        "periode_data": "2024",
        "wilayah": "KOTA ADM. JAKARTA SELATAN",
        "no_registrasi": "HLT202400414",
        "jenis_halte": "REGULER",
        "kode_barang": "133010118004",
        "lokasi_alamat": "JL. BINTARO RAYA 12 RT 11 RW 10 KBY LAMA UTARA KEC KBY LAMA KOTA KOTA ADM. JAKARTA SELATAN DAERAH KHUSUS IBUKOTA JAKARTA 12240 HALTE SEKOLAHAN",
        "lintang": "-6.219486",
        "bujur": "106.8453921"
      }
    },
    {
      "type": "Feature",
      "geometry": {
        "type": "Point",
        "coordinates": [
          106.8365687,
          -6.1945294
        ]
      },
      "properties": {
        "periode_data": "2024",
        "wilayah": "KOTA ADM. JAKARTA TIMUR",
        "no_registrasi": "HLT202400415",
        "jenis_halte": "REGULER",
        "kode_barang": "133010118004",
        "lokasi_alamat": "JL. RAYA PD GEDE LUBANG BUAYA KEC MAKASAR KOTA KOTA ADM. JAKARTA TIMUR DAERAH KHUSUS IBUKOTA JAKARTA 13810 DEPAN RS HAJI PONDOK GEDE",
        "lintang": "-6.1945294",
        "bujur": "106.8365687"
      }
    },
    {
      "type": "Feature",
      "geometry": {
        "type": "Point",
        "coordinates": [
          106.7970056,
          -6.1372761
        ]
      },
      "properties": {
        "periode_data": "2024",
        "wilayah": "KOTA ADM. JAKARTA UTARA",
        "no_registrasi": "HLT202400508",
        "jenis_halte": "REGULER",
        "kode_barang": "133010118004",
        "lokasi_alamat": "JL. CILINCING RAYA SEMPER TIM KEC CILINCING KOTA JKT UTARA DAERAH KHUSUS IBUKOTA JAKARTA HALTE PEMANDIAN",
        "lintang": "-6.1372761",
        "bujur": "106.7970056"
      }
    },
    {
      "type": "Feature",
      "geometry": {
        "type": "Point",
        "coordinates": [
          106.8413764,
          -6.1469672
        ]
      },
      "properties": {
        "periode_data": "2024",
        "wilayah": "KOTA ADM. JAKARTA UTARA",
        "no_registrasi": "HLT202400509",
        "jenis_halte": "REGULER",
        "kode_barang": "133010118004",
        "lokasi_alamat": "JL. RAYA CILINCING UTARA JAKARTA RW 11 KALI BARU CILINCING NORTH JAKARTA CITY JAKARTA 14110 HALTE BOGASARI",
        "lintang": "-6.1469672",
        "bujur": "106.8413764"
      }
    },
    {
      "type": "Feature",
      "geometry": {
        "type": "Point",
        "coordinates": [
          106.8374056,
          -6.2002089
        ]
      },
      "properties": {
        "periode_data": "2024",
        "wilayah": "KOTA ADM. JAKARTA TIMUR",
        "no_registrasi": "HLT202400510",
        "jenis_halte": "REGULER",
        "kode_barang": "133010118004",
        "lokasi_alamat": "JL. LETJEN SOEPRAPTO DEKAT INSTITUT KALBE",
        "lintang": "-6.2002089",
        "bujur": "106.8374056"
      }
    },
    {
      "type": "Feature",
      "geometry": {
        "type": "Point",
        "coordinates": [
          106.8430235,
          -6.2562903
        ]
      },
      "properties": {
        "periode_data": "2024",
        "wilayah": "KOTA ADM. JAKARTA UTARA",
        "no_registrasi": "HLT202400511",
        "jenis_halte": "REGULER",
        "kode_barang": "133010118004",
        "lokasi_alamat": "JL. RAYA CILINCING UTARA JAKARTA RT 1 RW 11 KALI BARU CILINCING NORTH JAKARTA CITY JAKARTA 14110 HALTE AIRIN",
        "lintang": "-6.2562903",
        "bujur": "106.8430235"
      }
    },
    {
      "type": "Feature",
      "geometry": {
        "type": "Point",
        "coordinates": [
          106.8940205,
          -6.1279493
        ]
      },
      "properties": {
        "periode_data": "2024",
        "wilayah": "KOTA ADM. JAKARTA TIMUR",
        "no_registrasi": "HLT202400512",
        "jenis_halte": "REGULER",
        "kode_barang": "133010118004",
        "lokasi_alamat": "JL. PERINTIS KEMERDEKAAN JPO PEDONGKELAN DEKAT SMK BAHARIWAN",
        "lintang": "-6.1279493",
        "bujur": "106.8940205"
      }
    },
    {
      "type": "Feature",
      "geometry": {
        "type": "Point",
        "coordinates": [
          106.8315654,
          -6.1894787
        ]
      },
      "properties": {
        "periode_data": "2024",
        "wilayah": "KOTA ADM. JAKARTA UTARA",
        "no_registrasi": "HLT202400513",
        "jenis_halte": "REGULER",
        "kode_barang": "133010118004",
        "lokasi_alamat": "JL. RAYA CILINCING RT 15 RW 16 WEST SEMPER CILINCING NORTH JAKARTA CITY JAKARTA HALTE MASAJI",
        "lintang": "-6.1894787",
        "bujur": "106.8315654"
      }
    },
    {
      "type": "Feature",
      "geometry": {
        "type": "Point",
        "coordinates": [
          106.8314518,
          -6.1894151
        ]
      },
      "properties": {
        "periode_data": "2024",
        "wilayah": "KOTA ADM. JAKARTA TIMUR",
        "no_registrasi": "HLT202400514",
        "jenis_halte": "REGULER",
        "kode_barang": "133010135001",
        "lokasi_alamat": "JL. DANAU SUNTER BARAT DEKAT RUMAH A2 19 SERBANG APRINDO",
        "lintang": "-6.1894151",
        "bujur": "106.8314518"
      }
    },
    {
      "type": "Feature",
      "geometry": {
        "type": "Point",
        "coordinates": [
          106.890985,
          -6.142575
        ]
      },
      "properties": {
        "periode_data": "2024",
        "wilayah": "KOTA ADM. JAKARTA BARAT",
        "no_registrasi": "HLT202400515",
        "jenis_halte": "REGULER",
        "kode_barang": "133010135001",
        "lokasi_alamat": "KOMP PERTOKOAN LINDETEVES TRADE CENTER GF 2 RA 38 39 JL. HAYAM WURUK NO 127 RT 1 RW 6 MANGGA BESAR JAKARTA BARAT JAKARTA CITY INDONESIA 11180 HALTE LTC",
        "lintang": "-6.142575",
        "bujur": "106.890985"
      }
    },
    {
      "type": "Feature",
      "geometry": {
        "type": "Point",
        "coordinates": [
          106.7026114,
          -6.1403285
        ]
      },
      "properties": {
        "periode_data": "2024",
        "wilayah": "KOTA ADM. JAKARTA TIMUR",
        "no_registrasi": "HLT202400516",
        "jenis_halte": "REGULER",
        "kode_barang": "133010135001",
        "lokasi_alamat": "JL. DANAU SUNTER DEPAN GG DADAP",
        "lintang": "-6.1403285",
        "bujur": "106.7026114"
      }
    },
    {
      "type": "Feature",
      "geometry": {
        "type": "Point",
        "coordinates": [
          106.8107081,
          -6.2014435
        ]
      },
      "properties": {
        "periode_data": "2024",
        "wilayah": "KOTA ADM. JAKARTA TIMUR",
        "no_registrasi": "HLT202400517",
        "jenis_halte": "REGULER",
        "kode_barang": "133010135001",
        "lokasi_alamat": "JL. DANAU SUNTER SELATAN DEKAT SEKOLAH JUNNELE",
        "lintang": "-6.2014435",
        "bujur": "106.8107081"
      }
    },
    {
      "type": "Feature",
      "geometry": {
        "type": "Point",
        "coordinates": [
          106.8079086,
          -6.2017143
        ]
      },
      "properties": {
        "periode_data": "2024",
        "wilayah": "KOTA ADM. JAKARTA PUSAT",
        "no_registrasi": "HLT202400518",
        "jenis_halte": "REGULER",
        "kode_barang": "133010135001",
        "lokasi_alamat": "JL. HAYAM WURUK KOTA ADM. JAKARTA PUSAT RT 14 RW 1 KB KLP KECAMATAN GAMBIR KOTA KOTA ADM. JAKARTA PUSAT DAERAH KHUSUS IBUKOTA JAKARTA 10120 DEPAN GRAND MERCURE",
        "lintang": "-6.2017143",
        "bujur": "106.8079086"
      }
    },
    {
      "type": "Feature",
      "geometry": {
        "type": "Point",
        "coordinates": [
          106.729757,
          -6.1304186
        ]
      },
      "properties": {
        "periode_data": "2024",
        "wilayah": "KOTA ADM. JAKARTA TIMUR",
        "no_registrasi": "HLT202400519",
        "jenis_halte": "REGULER",
        "kode_barang": "133010118004",
        "lokasi_alamat": "JL. TUGU KRAMAT JAYA PINTU MASUK ISLAMIC CENTER",
        "lintang": "-6.1304186",
        "bujur": "106.729757"
      }
    },
    {
      "type": "Feature",
      "geometry": {
        "type": "Point",
        "coordinates": [
          106.8264493,
          -6.1817667
        ]
      },
      "properties": {
        "periode_data": "2024",
        "wilayah": "KOTA ADM. JAKARTA BARAT",
        "no_registrasi": "HLT202400520",
        "jenis_halte": "REGULER",
        "kode_barang": "133010118004",
        "lokasi_alamat": "JL. HAYAM WURUK RT 9 RW 5 MAPHAR KEC TAMAN SARI KOTA KOTA ADM. JAKARTA BARAT DAERAH KHUSUS IBUKOTA JAKARTA 11140 DEPAN PERMATA BANK",
        "lintang": "-6.1817667",
        "bujur": "106.8264493"
      }
    },
    {
      "type": "Feature",
      "geometry": {
        "type": "Point",
        "coordinates": [
          106.8408667,
          -6.2958568
        ]
      },
      "properties": {
        "periode_data": "2024",
        "wilayah": "KOTA ADM. JAKARTA TIMUR",
        "no_registrasi": "HLT202400521",
        "jenis_halte": "REGULER",
        "kode_barang": "133010118004",
        "lokasi_alamat": "JL. TUGU KRAMAT JAYA DEPAN RS PELABUHAN",
        "lintang": "-6.2958568",
        "bujur": "106.8408667"
      }
    },
    {
      "type": "Feature",
      "geometry": {
        "type": "Point",
        "coordinates": [
          106.9244304,
          -6.1153419
        ]
      },
      "properties": {
        "periode_data": "2024",
        "wilayah": "KOTA ADM. JAKARTA BARAT",
        "no_registrasi": "HLT202400268",
        "jenis_halte": "REGULER",
        "kode_barang": "133010118004",
        "lokasi_alamat": "JL. PESANGGRAHAN 1 17 RT 6 RW 5 MERUYA UTARA KEC KEMBANGAN KOTA KOTA ADM. JAKARTA BARAT DAERAH KHUSUS IBUKOTA JAKARTA 11620 HALTE MITRA 10",
        "lintang": "-6.1153419",
        "bujur": "106.9244304"
      }
    },
    {
      "type": "Feature",
      "geometry": {
        "type": "Point",
        "coordinates": [
          106.8845989,
          -6.2147982
        ]
      },
      "properties": {
        "periode_data": "2024",
        "wilayah": "KOTA ADM. JAKARTA SELATAN",
        "no_registrasi": "HLT202400269",
        "jenis_halte": "REGULER",
        "kode_barang": "133010118004",
        "lokasi_alamat": "JL. DAAN MOGOT RT 10 RW 8 KEDOYA UTARA KEC KB JERUK KOTA KOTA ADM. JAKARTA BARAT DAERAH KHUSUS IBUKOTA JAKARTA 11520 DEPAN POM BENSIN",
        "lintang": "-6.2147982",
        "bujur": "106.8845989"
      }
    },
    {
      "type": "Feature",
      "geometry": {
        "type": "Point",
        "coordinates": [
          106.8280839,
          -6.1417024
        ]
      },
      "properties": {
        "periode_data": "2024",
        "wilayah": "KOTA ADM. JAKARTA SELATAN",
        "no_registrasi": "HLT202400270",
        "jenis_halte": "REGULER",
        "kode_barang": "133010118004",
        "lokasi_alamat": "JL. DAAN MOGOT 95 119 RT 6 RW 5 DURI KEPA KEC KB JERUK KOTA KOTA ADM. JAKARTA BARAT DAERAH KHUSUS IBUKOTA JAKARTA 11510 DEPAN BRIDGESTONE",
        "lintang": "-6.1417024",
        "bujur": "106.8280839"
      }
    },
    {
      "type": "Feature",
      "geometry": {
        "type": "Point",
        "coordinates": [
          106.8801917,
          -6.1933417
        ]
      },
      "properties": {
        "periode_data": "2024",
        "wilayah": "KOTA ADM. JAKARTA TIMUR",
        "no_registrasi": "HLT202400271",
        "jenis_halte": "REGULER",
        "kode_barang": "133010118004",
        "lokasi_alamat": "JL. HAJI DARIP RT 1 RW 15 CIPINANG KEC PULO GADUNG KOTA KOTA ADM. JAKARTA TIMUR DAERAH KHUSUS IBUKOTA JAKARTA 13240 DEPAN SMK KEMALA",
        "lintang": "-6.1933417",
        "bujur": "106.8801917"
      }
    },
    {
      "type": "Feature",
      "geometry": {
        "type": "Point",
        "coordinates": [
          106.9402953,
          -6.143905
        ]
      },
      "properties": {
        "periode_data": "2024",
        "wilayah": "KOTA ADM. JAKARTA TIMUR",
        "no_registrasi": "HLT202400272",
        "jenis_halte": "REGULER",
        "kode_barang": "133010118004",
        "lokasi_alamat": "JL. HAJI DARIP 195 194 RW 6 CIPINANG KEC PULO GADUNG KOTA KOTA ADM. JAKARTA TIMUR DAERAH KHUSUS IBUKOTA JAKARTA 13240 HALTE LOGISTIK POLRI",
        "lintang": "-6.143905",
        "bujur": "106.9402953"
      }
    },
    {
      "type": "Feature",
      "geometry": {
        "type": "Point",
        "coordinates": [
          106.9395165,
          -6.1435233
        ]
      },
      "properties": {
        "periode_data": "2024",
        "wilayah": "KOTA ADM. JAKARTA SELATAN",
        "no_registrasi": "HLT202400273",
        "jenis_halte": "REGULER",
        "kode_barang": "133010118004",
        "lokasi_alamat": "JL. DAAN MOGOT RT 1 RW 5 KEDAUNG KALI ANGKE KECAMATAN CENGKARENG KOTA KOTA ADM. JAKARTA BARAT DAERAH KHUSUS IBUKOTA JAKARTA 11710 DEPAN MASJID JAMI",
        "lintang": "-6.1435233",
        "bujur": "106.9395165"
      }
    },
    {
      "type": "Feature",
      "geometry": {
        "type": "Point",
        "coordinates": [
          106.8348928,
          -6.3231508
        ]
      },
      "properties": {
        "periode_data": "2024",
        "wilayah": "KOTA ADM. JAKARTA TIMUR",
        "no_registrasi": "HLT202400274",
        "jenis_halte": "REGULER",
        "kode_barang": "133010118004",
        "lokasi_alamat": "JL. DAAN MOGOT RW 2 KEDAUNG KALI ANGKE KECAMATAN CENGKARENG KOTA KOTA ADM. JAKARTA BARAT DAERAH KHUSUS IBUKOTA JAKARTA 11710 HALTE GREEN",
        "lintang": "-6.3231508",
        "bujur": "106.8348928"
      }
    },
    {
      "type": "Feature",
      "geometry": {
        "type": "Point",
        "coordinates": [
          106.84012,
          -6.3028421
        ]
      },
      "properties": {
        "periode_data": "2024",
        "wilayah": "KOTA ADM. JAKARTA PUSAT",
        "no_registrasi": "HLT202400275",
        "jenis_halte": "REGULER",
        "kode_barang": "133010118004",
        "lokasi_alamat": "JL. SALEMBA RAYA KOTA ADM. JAKARTA PUSAT RW 6 KENARI KEC SENEN KOTA KOTA ADM. JAKARTA PUSAT DAERAH KHUSUS IBUKOTA JAKARTA 10430 DEPAN SMPN 216",
        "lintang": "-6.3028421",
        "bujur": "106.84012"
      }
    },
    {
      "type": "Feature",
      "geometry": {
        "type": "Point",
        "coordinates": [
          106.9257637,
          -6.1207176
        ]
      },
      "properties": {
        "periode_data": "2024",
        "wilayah": "KOTA ADM. JAKARTA TIMUR",
        "no_registrasi": "HLT202400276",
        "jenis_halte": "REGULER",
        "kode_barang": "133010118004",
        "lokasi_alamat": "JL. RAYA JAKARTA BOGOR RT 2 RW 7 SUSUKAN KEC CIRACAS KOTA KOTA ADM. JAKARTA TIMUR DAERAH KHUSUS IBUKOTA JAKARTA 13750 DEPAN POOL MAYASARI",
        "lintang": "-6.1207176",
        "bujur": "106.9257637"
      }
    },
    {
      "type": "Feature",
      "geometry": {
        "type": "Point",
        "coordinates": [
          106.8251891,
          -6.1975316
        ]
      },
      "properties": {
        "periode_data": "2024",
        "wilayah": "KOTA ADM. JAKARTA TIMUR",
        "no_registrasi": "HLT202400277",
        "jenis_halte": "REGULER",
        "kode_barang": "133010118004",
        "lokasi_alamat": "JL. PERINTIS KEMERDEKAAN 42 JAKARTA D K I JAKARTA RW 5 KAYU PUTIH PULO GADUNG EAST JAKARTA CITY JAKARTA 13210 HALTE SEKOLAH",
        "lintang": "-6.1975316",
        "bujur": "106.8251891"
      }
    },
    {
      "type": "Feature",
      "geometry": {
        "type": "Point",
        "coordinates": [
          106.8401132,
          -6.2977135
        ]
      },
      "properties": {
        "periode_data": "2024",
        "wilayah": "KOTA ADM. JAKARTA UTARA",
        "no_registrasi": "HLT202400278",
        "jenis_halte": "REGULER",
        "kode_barang": "133010118004",
        "lokasi_alamat": "JL. DAAN MOGOT RT 1 RW 8 KEDAUNG KALI ANGKE KECAMATAN CENGKARENG KOTA KOTA ADM. JAKARTA BARAT DAERAH KHUSUS IBUKOTA JAKARTA 11710 RUMAH POMPA",
        "lintang": "-6.2977135",
        "bujur": "106.8401132"
      }
    },
    {
      "type": "Feature",
      "geometry": {
        "type": "Point",
        "coordinates": [
          106.8397415,
          -6.2972578
        ]
      },
      "properties": {
        "periode_data": "2024",
        "wilayah": "KOTA ADM. JAKARTA BARAT",
        "no_registrasi": "HLT202400279",
        "jenis_halte": "REGULER",
        "kode_barang": "133010118004",
        "lokasi_alamat": "JL. TANJUNG DUREN RAYA 21 137 RT 4 RW 2 TJ DUREN SEL KEC GROGOL PETAMBURAN KOTA KOTA ADM. JAKARTA BARAT DAERAH KHUSUS IBUKOTA JAKARTA 11470 SDN TANJUNG DUREN UTARA",
        "lintang": "-6.2972578",
        "bujur": "106.8397415"
      }
    },
    {
      "type": "Feature",
      "geometry": {
        "type": "Point",
        "coordinates": [
          106.8273572,
          -6.1993377
        ]
      },
      "properties": {
        "periode_data": "2024",
        "wilayah": "KOTA ADM. JAKARTA UTARA",
        "no_registrasi": "HLT202400280",
        "jenis_halte": "TRANSJAKARTA",
        "kode_barang": "133010135001",
        "lokasi_alamat": "JL. DAAN MOGOT RT 1 RW 8 KEDAUNG KALI ANGKE KECAMATAN CENGKARENG KOTA KOTA ADM. JAKARTA BARAT DAERAH KHUSUS IBUKOTA JAKARTA 11710 BAWAH JPO BUSWAY TAMAN KOTA",
        "lintang": "-6.1993377",
        "bujur": "106.8273572"
      }
    },
    {
      "type": "Feature",
      "geometry": {
        "type": "Point",
        "coordinates": [
          106.9169467,
          -6.1264917
        ]
      },
      "properties": {
        "periode_data": "2024",
        "wilayah": "KOTA ADM. JAKARTA BARAT",
        "no_registrasi": "HLT202400281",
        "jenis_halte": "REGULER",
        "kode_barang": "133010135001",
        "lokasi_alamat": "JL. TANJUNG DUREN RAYA 4 RT 12 RW 2 TJ DUREN UTARA KEC GROGOL PETAMBURAN KOTA KOTA ADM. JAKARTA BARAT DAERAH KHUSUS IBUKOTA JAKARTA 11470 HALTE PEMADAM",
        "lintang": "-6.1264917",
        "bujur": "106.9169467"
      }
    },
    {
      "type": "Feature",
      "geometry": {
        "type": "Point",
        "coordinates": [
          106.8407362,
          -6.2947289
        ]
      },
      "properties": {
        "periode_data": "2024",
        "wilayah": "KOTA ADM. JAKARTA BARAT",
        "no_registrasi": "HLT202400282",
        "jenis_halte": "REGULER",
        "kode_barang": "133010135001",
        "lokasi_alamat": "JL. DAAN MOGOT NO 187 RT 2 RW 8 KEDAUNG KALI ANGKE KECAMATAN CENGKARENG KOTA KOTA ADM. JAKARTA BARAT DAERAH KHUSUS IBUKOTA JAKARTA 11710 SAMPING JEMBATAN PERUMAHAN TAMAN KOTA",
        "lintang": "-6.2947289",
        "bujur": "106.8407362"
      }
    },
    {
      "type": "Feature",
      "geometry": {
        "type": "Point",
        "coordinates": [
          106.916578,
          -6.124653
        ]
      },
      "properties": {
        "periode_data": "2024",
        "wilayah": "KOTA ADM. JAKARTA UTARA",
        "no_registrasi": "HLT202400283",
        "jenis_halte": "REGULER",
        "kode_barang": "133010135001",
        "lokasi_alamat": "JL. PLUMPANG SEMPER 5 1 RT 5 RW 4 RAWABADAK SEL KEC KOJA KOTA JKT UTARA DAERAH KHUSUS IBUKOTA JAKARTA 14230 DEPAN PLN PLUMPANG",
        "lintang": "-6.124653",
        "bujur": "106.916578"
      }
    },
    {
      "type": "Feature",
      "geometry": {
        "type": "Point",
        "coordinates": [
          106.8416926,
          -6.1993028
        ]
      },
      "properties": {
        "periode_data": "2024",
        "wilayah": "KOTA ADM. JAKARTA UTARA",
        "no_registrasi": "HLT202400284",
        "jenis_halte": "REGULER",
        "kode_barang": "133010118004",
        "lokasi_alamat": "JL. DAAN MOGOT RT 6 RW 3 KEDAUNG KALI ANGKE KECAMATAN CENGKARENG KOTA KOTA ADM. JAKARTA BARAT DAERAH KHUSUS IBUKOTA JAKARTA 11710 DEPAN HALTE BUSWAY JEMBATAN GANTUNG",
        "lintang": "-6.1993028",
        "bujur": "106.8416926"
      }
    },
    {
      "type": "Feature",
      "geometry": {
        "type": "Point",
        "coordinates": [
          106.9170112,
          -6.1272069
        ]
      },
      "properties": {
        "periode_data": "2024",
        "wilayah": "KOTA ADM. JAKARTA UTARA",
        "no_registrasi": "HLT202400285",
        "jenis_halte": "REGULER",
        "kode_barang": "133010118004",
        "lokasi_alamat": "JL. PLUMPANG SEMPER 13 RT 9 RW 1 TUGU UTARA KEC KOJA KOTA JKT UTARA DAERAH KHUSUS IBUKOTA JAKARTA 14260 SEBRANG POM BENSIN",
        "lintang": "-6.1272069",
        "bujur": "106.9170112"
      }
    },
    {
      "type": "Feature",
      "geometry": {
        "type": "Point",
        "coordinates": [
          106.8441633,
          -6.1762983
        ]
      },
      "properties": {
        "periode_data": "2024",
        "wilayah": "KOTA ADM. JAKARTA PUSAT",
        "no_registrasi": "HLT202400286",
        "jenis_halte": "REGULER",
        "kode_barang": "133010118004",
        "lokasi_alamat": "JL. DAAN MOGOT RT 5 RW 3 WIJAYA KUSUMA KEC GROGOL PETAMBURAN KOTA KOTA ADM. JAKARTA BARAT DAERAH KHUSUS IBUKOTA JAKARTA 11460 SEBRANG OMETRACO",
        "lintang": "-6.1762983",
        "bujur": "106.8441633"
      }
    },
    {
      "type": "Feature",
      "geometry": {
        "type": "Point",
        "coordinates": [
          106.9166489,
          -6.1234404
        ]
      },
      "properties": {
        "periode_data": "2024",
        "wilayah": "KOTA ADM. JAKARTA TIMUR",
        "no_registrasi": "HLT202400287",
        "jenis_halte": "REGULER",
        "kode_barang": "133010118004",
        "lokasi_alamat": "JL. DAAN MOGOT RT 4 RW 2 WIJAYA KUSUMA KEC GROGOL PETAMBURAN KOTA KOTA ADM. JAKARTA BARAT DAERAH KHUSUS IBUKOTA JAKARTA 11510 DEPAN IKM",
        "lintang": "-6.1234404",
        "bujur": "106.9166489"
      }
    },
    {
      "type": "Feature",
      "geometry": {
        "type": "Point",
        "coordinates": [
          106.7971054,
          -6.2081691
        ]
      },
      "properties": {
        "periode_data": "2024",
        "wilayah": "KOTA ADM. JAKARTA PUSAT",
        "no_registrasi": "HLT202400288",
        "jenis_halte": "REGULER",
        "kode_barang": "133010118004",
        "lokasi_alamat": "JL. CIKINI RAYA 78 60 RT 10 RW 4 CIKINI KEC MENTENG KOTA KOTA ADM. JAKARTA PUSAT DAERAH KHUSUS IBUKOTA JAKARTA 10330 HALTE ABA",
        "lintang": "-6.2081691",
        "bujur": "106.7971054"
      }
    },
    {
      "type": "Feature",
      "geometry": {
        "type": "Point",
        "coordinates": [
          106.8105911,
          -6.1760265
        ]
      },
      "properties": {
        "periode_data": "2024",
        "wilayah": "KOTA ADM. JAKARTA TIMUR",
        "no_registrasi": "HLT202400289",
        "jenis_halte": "REGULER",
        "kode_barang": "133010118004",
        "lokasi_alamat": "JL. DAAN MOGOTRT 8 RW 4 JELAMBAR KEC GROGOL PETAMBURAN KOTA KOTA ADM. JAKARTA BARAT DAERAH KHUSUS IBUKOTA JAKARTA 11460 HALTE CITRALAND",
        "lintang": "-6.1760265",
        "bujur": "106.8105911"
      }
    },
    {
      "type": "Feature",
      "geometry": {
        "type": "Point",
        "coordinates": [
          106.8165484,
          -6.205206
        ]
      },
      "properties": {
        "periode_data": "2024",
        "wilayah": "KOTA ADM. JAKARTA PUSAT",
        "no_registrasi": "HLT202400290",
        "jenis_halte": "REGULER",
        "kode_barang": "133010118004",
        "lokasi_alamat": "JL. MENTENG RAYA KB SIRIH KEC MENTENG KOTA KOTA ADM. JAKARTA PUSAT DAERAH KHUSUS IBUKOTA JAKARTA HALTE SEKOLAHAN",
        "lintang": "-6.205206",
        "bujur": "106.8165484"
      }
    },
    {
      "type": "Feature",
      "geometry": {
        "type": "Point",
        "coordinates": [
          106.8710081,
          -6.2153779
        ]
      },
      "properties": {
        "periode_data": "2024",
        "wilayah": "KOTA ADM. JAKARTA TIMUR",
        "no_registrasi": "HLT202400291",
        "jenis_halte": "REGULER",
        "kode_barang": "133010118004",
        "lokasi_alamat": "JL. PROF DR LATUMETEN RT 1 RW 4 JELAMBAR KEC GROGOL PETAMBURAN KOTA KOTA ADM. JAKARTA BARAT DAERAH KHUSUS IBUKOTA JAKARTA 11460 DEPAN RSJ SOEHARTO",
        "lintang": "-6.2153779",
        "bujur": "106.8710081"
      }
    },
    {
      "type": "Feature",
      "geometry": {
        "type": "Point",
        "coordinates": [
          106.8145107,
          -6.1950443
        ]
      },
      "properties": {
        "periode_data": "2024",
        "wilayah": "KOTA ADM. JAKARTA PUSAT",
        "no_registrasi": "HLT202400292",
        "jenis_halte": "REGULER",
        "kode_barang": "133010118004",
        "lokasi_alamat": "JL. MENTENG RAYA RT 1 RW 10 KB SIRIH KEC MENTENG KOTA KOTA ADM. JAKARTA PUSAT DAERAH KHUSUS IBUKOTA JAKARTA 10340 HALTE KANISIUS",
        "lintang": "-6.1950443",
        "bujur": "106.8145107"
      }
    },
    {
      "type": "Feature",
      "geometry": {
        "type": "Point",
        "coordinates": [
          106.8127192,
          -6.1828667
        ]
      },
      "properties": {
        "periode_data": "2024",
        "wilayah": "KOTA ADM. JAKARTA UTARA",
        "no_registrasi": "HLT202400293",
        "jenis_halte": "REGULER",
        "kode_barang": "133010135001",
        "lokasi_alamat": "JL. JEMB 3 RAYA PENJARINGAN KEC PENJARINGAN KOTA JKT UTARA DAERAH KHUSUS IBUKOTA JAKARTA HALTE SEKOLAH PLUIT RAYA",
        "lintang": "-6.1828667",
        "bujur": "106.8127192"
      }
    },
    {
      "type": "Feature",
      "geometry": {
        "type": "Point",
        "coordinates": [
          106.8170014,
          -6.2067775
        ]
      },
      "properties": {
        "periode_data": "2024",
        "wilayah": "KOTA ADM. JAKARTA SELATAN",
        "no_registrasi": "HLT202400294",
        "jenis_halte": "REGULER",
        "kode_barang": "133010118004",
        "lokasi_alamat": "JL. TAMAN PEJAMBON SENEN KEC SENEN KOTA KOTA ADM. JAKARTA PUSAT DAERAH KHUSUS IBUKOTA JAKARTA BELAKANG GEDUNG KEMENTERIAN LUAR NEGERI",
        "lintang": "-6.2067775",
        "bujur": "106.8170014"
      }
    },
    {
      "type": "Feature",
      "geometry": {
        "type": "Point",
        "coordinates": [
          106.8122516,
          -6.1759711
        ]
      },
      "properties": {
        "periode_data": "2024",
        "wilayah": "KOTA ADM. JAKARTA TIMUR",
        "no_registrasi": "HLT202400295",
        "jenis_halte": "REGULER",
        "kode_barang": "133010118004",
        "lokasi_alamat": "JL. RAYA JAKARTA BOGOR 34 44 RT 8 RW 8 SUSUKAN KEC CIRACAS KOTA KOTA ADM. JAKARTA TIMUR DAERAH KHUSUS IBUKOTA JAKARTA 13750 HALTE BUS SEKOLAH",
        "lintang": "-6.1759711",
        "bujur": "106.8122516"
      }
    },
    {
      "type": "Feature",
      "geometry": {
        "type": "Point",
        "coordinates": [
          106.9125067,
          -6.2144083
        ]
      },
      "properties": {
        "periode_data": "2024",
        "wilayah": "KOTA ADM. JAKARTA TIMUR",
        "no_registrasi": "HLT202400296",
        "jenis_halte": "REGULER",
        "kode_barang": "133010118004",
        "lokasi_alamat": "JL. SALEMBA RAYA RW 5 KENARI KEC SENEN KOTA KOTA ADM. JAKARTA PUSAT DAERAH KHUSUS IBUKOTA JAKARTA 10430 HALTE KAMPUS UI",
        "lintang": "-6.2144083",
        "bujur": "106.9125067"
      }
    },
    {
      "type": "Feature",
      "geometry": {
        "type": "Point",
        "coordinates": [
          106.8131349,
          -6.1790439
        ]
      },
      "properties": {
        "periode_data": "2024",
        "wilayah": "KOTA ADM. JAKARTA UTARA",
        "no_registrasi": "HLT202400297",
        "jenis_halte": "REGULER",
        "kode_barang": "133010118004",
        "lokasi_alamat": "JL. JEMBATAN TIGA RT 023 RW 008 KELURAHAN PENJARINGAN KECAMATAN PENJARINGAN KOTA ADM. JAKARTA UTARA 14450 HALTE JEMBATAN TIGA",
        "lintang": "-6.1790439",
        "bujur": "106.8131349"
      }
    },
    {
      "type": "Feature",
      "geometry": {
        "type": "Point",
        "coordinates": [
          106.8862292,
          -6.1414153
        ]
      },
      "properties": {
        "periode_data": "2024",
        "wilayah": "KOTA ADM. JAKARTA SELATAN",
        "no_registrasi": "HLT202400298",
        "jenis_halte": "REGULER",
        "kode_barang": "133010118004",
        "lokasi_alamat": "JL. RAYA KEBON JERUK RT 3 RW 9 KB JERUK KEC KB JERUK KOTA KOTA ADM. JAKARTA BARAT DAERAH KHUSUS IBUKOTA JAKARTA SEBRANG UPNORMAL",
        "lintang": "-6.1414153",
        "bujur": "106.8862292"
      }
    },
    {
      "type": "Feature",
      "geometry": {
        "type": "Point",
        "coordinates": [
          106.7547091,
          -6.1854365
        ]
      },
      "properties": {
        "periode_data": "2024",
        "wilayah": "KOTA ADM. JAKARTA PUSAT",
        "no_registrasi": "HLT202400299",
        "jenis_halte": "REGULER",
        "kode_barang": "133010118004",
        "lokasi_alamat": "JL. MEDAN MERDEKA TIM RT 5 RW 2 GAMBIR KECAMATAN GAMBIR KOTA KOTA ADM. JAKARTA PUSAT DAERAH KHUSUS IBUKOTA JAKARTA 10110 HALTE STASIUN GAMBIR",
        "lintang": "-6.1854365",
        "bujur": "106.7547091"
      }
    },
    {
      "type": "Feature",
      "geometry": {
        "type": "Point",
        "coordinates": [
          106.8227645,
          -6.1835959
        ]
      },
      "properties": {
        "periode_data": "2024",
        "wilayah": "KOTA ADM. JAKARTA SELATAN",
        "no_registrasi": "HLT202400300",
        "jenis_halte": "REGULER",
        "kode_barang": "133010118004",
        "lokasi_alamat": "JL. MATRAMAN RAYA 108 98 RT 4 RW 3 KB MANGGIS KEC MATRAMAN KOTA KOTA ADM. JAKARTA TIMUR DAERAH KHUSUS IBUKOTA JAKARTA 13150 DEPAN MESS PADYA",
        "lintang": "-6.1835959",
        "bujur": "106.8227645"
      }
    },
    {
      "type": "Feature",
      "geometry": {
        "type": "Point",
        "coordinates": [
          106.8181906,
          -6.182297
        ]
      },
      "properties": {
        "periode_data": "2024",
        "wilayah": "KOTA ADM. JAKARTA PUSAT",
        "no_registrasi": "HLT202400301",
        "jenis_halte": "REGULER",
        "kode_barang": "133010118004",
        "lokasi_alamat": "JL. MEDAN MERDEKA TIM 1 17 RT 5 RW 2 GAMBIR KECAMATAN GAMBIR KOTA KOTA ADM. JAKARTA PUSAT DAERAH KHUSUS IBUKOTA JAKARTA 10110 SAMPING GAMBIR",
        "lintang": "-6.182297",
        "bujur": "106.8181906"
      }
    },
    {
      "type": "Feature",
      "geometry": {
        "type": "Point",
        "coordinates": [
          106.8380749,
          -6.3089161
        ]
      },
      "properties": {
        "periode_data": "2024",
        "wilayah": "KOTA ADM. JAKARTA SELATAN",
        "no_registrasi": "HLT202400302",
        "jenis_halte": "REGULER",
        "kode_barang": "133010135001",
        "lokasi_alamat": "JL. TB SIMATUPANG RT 2 RW 1 KEBAGUSAN PASAR MINGGU SOUTH JAKARTA CITY JAKARTA 12520 DEPAN PLASA OLEOS",
        "lintang": "-6.3089161",
        "bujur": "106.8380749"
      }
    },
    {
      "type": "Feature",
      "geometry": {
        "type": "Point",
        "coordinates": [
          106.89282,
          -6.1158207
        ]
      },
      "properties": {
        "periode_data": "2024",
        "wilayah": "KOTA ADM. JAKARTA PUSAT",
        "no_registrasi": "HLT202400303",
        "jenis_halte": "REGULER",
        "kode_barang": "133010135001",
        "lokasi_alamat": "JL. MEDAN MERDEKA TIM NO 17 GAMBIR KECAMATAN GAMBIR KOTA KOTA ADM. JAKARTA PUSAT DAERAH KHUSUS IBUKOTA JAKARTA 10110 HALTE ST GAMBIR",
        "lintang": "-6.1158207",
        "bujur": "106.89282"
      }
    },
    {
      "type": "Feature",
      "geometry": {
        "type": "Point",
        "coordinates": [
          106.8464133,
          -6.17515
        ]
      },
      "properties": {
        "periode_data": "2024",
        "wilayah": "KOTA ADM. JAKARTA BARAT",
        "no_registrasi": "HLT202400304",
        "jenis_halte": "REGULER",
        "kode_barang": "133010135001",
        "lokasi_alamat": "DAAN MOGOT BARAT JAKARTA BARAT JAKARTA CITY JAKARTA 11520 HALTE SMP ISLAM",
        "lintang": "-6.17515",
        "bujur": "106.8464133"
      }
    },
    {
      "type": "Feature",
      "geometry": {
        "type": "Point",
        "coordinates": [
          106.8932533,
          -6.1126099
        ]
      },
      "properties": {
        "periode_data": "2024",
        "wilayah": "KOTA ADM. JAKARTA BARAT",
        "no_registrasi": "HLT202400305",
        "jenis_halte": "REGULER",
        "kode_barang": "133010135001",
        "lokasi_alamat": "DAAN MOGOT BARAT JAKARTA RT 6 RW 5 DURI KEPA KEBONJERUK BARAT JAKARTA CITY JAKARTA 11510 HALTE DAAN MOGOT",
        "lintang": "-6.1126099",
        "bujur": "106.8932533"
      }
    },
    {
      "type": "Feature",
      "geometry": {
        "type": "Point",
        "coordinates": [
          106.822752,
          -6.1881647
        ]
      },
      "properties": {
        "periode_data": "2024",
        "wilayah": "KOTA ADM. JAKARTA BARAT",
        "no_registrasi": "HLT202400306",
        "jenis_halte": "REGULER",
        "kode_barang": "133010118004",
        "lokasi_alamat": "DAAN MOGOT KEDAUNG KALI ANGKE CENGKARENG BARAT JAKARTA CITY JAKARTA HALTE TAMAN KOTA 2",
        "lintang": "-6.1881647",
        "bujur": "106.822752"
      }
    },
    {
      "type": "Feature",
      "geometry": {
        "type": "Point",
        "coordinates": [
          106.8446807,
          -6.1999246
        ]
      },
      "properties": {
        "periode_data": "2024",
        "wilayah": "KOTA ADM. JAKARTA BARAT",
        "no_registrasi": "HLT202400307",
        "jenis_halte": "REGULER",
        "kode_barang": "133010118004",
        "lokasi_alamat": "DAAN MOGOT RD RT 10 RW 1 EAST CENGKARENG CENGKARENG WEST JAKARTA CITY JAKARTA 11730 HALTE SDN 02",
        "lintang": "-6.1999246",
        "bujur": "106.8446807"
      }
    },
    {
      "type": "Feature",
      "geometry": {
        "type": "Point",
        "coordinates": [
          106.84548,
          -6.2033017
        ]
      },
      "properties": {
        "periode_data": "2024",
        "wilayah": "KOTA ADM. JAKARTA SELATAN",
        "no_registrasi": "HLT202400308",
        "jenis_halte": "REGULER",
        "kode_barang": "133010135001",
        "lokasi_alamat": "JL. MERDEKA SELATAN KOTA ADM. JAKARTA PUSAT RT 11 RW 2 GAMBIR KECAMATAN GAMBIR KOTA KOTA ADM. JAKARTA PUSAT DAERAH KHUSUS IBUKOTA JAKARTA 10110 BUS SHELTER DEPAN GTO GAMBIR",
        "lintang": "-6.2033017",
        "bujur": "106.84548"
      }
    },
    {
      "type": "Feature",
      "geometry": {
        "type": "Point",
        "coordinates": [
          106.7989872,
          -6.2251747
        ]
      },
      "properties": {
        "periode_data": "2024",
        "wilayah": "KOTA ADM. JAKARTA BARAT",
        "no_registrasi": "HLT202400309",
        "jenis_halte": "REGULER",
        "kode_barang": "133010135001",
        "lokasi_alamat": "DAAN MOGOT KEDAUNG KALI ANGKE CENGKARENG BARAT JAKARTA CITY JAKARTA DEKAT HALTE BUSWAY TAMAN KOTA",
        "lintang": "-6.2251747",
        "bujur": "106.7989872"
      }
    },
    {
      "type": "Feature",
      "geometry": {
        "type": "Point",
        "coordinates": [
          106.8355733,
          -6.1871706
        ]
      },
      "properties": {
        "periode_data": "2024",
        "wilayah": "KOTA ADM. JAKARTA SELATAN",
        "no_registrasi": "HLT202400310",
        "jenis_halte": "REGULER",
        "kode_barang": "133010135001",
        "lokasi_alamat": "JL. SENEN RAYA 34 26 RW 2 SENEN KEC SENEN KOTA KOTA ADM. JAKARTA PUSAT DAERAH KHUSUS IBUKOTA JAKARTA 10410 HALTE RSPAD",
        "lintang": "-6.1871706",
        "bujur": "106.8355733"
      }
    },
    {
      "type": "Feature",
      "geometry": {
        "type": "Point",
        "coordinates": [
          106.9310247,
          -6.2167569
        ]
      },
      "properties": {
        "periode_data": "2024",
        "wilayah": "KOTA ADM. JAKARTA BARAT",
        "no_registrasi": "HLT202400311",
        "jenis_halte": "REGULER",
        "kode_barang": "133010135001",
        "lokasi_alamat": "JL. DAAN MOGOT 102 101 RT 1 RW 8 KEDAUNG KALI ANGKE KECAMATAN CENGKARENG KOTA KOTA ADM. JAKARTA BARAT DAERAH KHUSUS IBUKOTA JAKARTA 11710 BAWAH JPO SEBRANG PT WINNER PRIMA GROUP",
        "lintang": "-6.2167569",
        "bujur": "106.9310247"
      }
    },
    {
      "type": "Feature",
      "geometry": {
        "type": "Point",
        "coordinates": [
          106.7935883,
          -6.1434144
        ]
      },
      "properties": {
        "periode_data": "2024",
        "wilayah": "KOTA ADM. JAKARTA SELATAN",
        "no_registrasi": "HLT202400312",
        "jenis_halte": "REGULER",
        "kode_barang": "133010135001",
        "lokasi_alamat": "JL. PANGERAN ANTASARI 6 RT 1 RW 11 CIPETE UTARA KEC KBY BARU KOTA KOTA ADM. JAKARTA SELATAN DAERAH KHUSUS IBUKOTA JAKARTA 12150 DEPAN RUMAH NOMOR 27",
        "lintang": "-6.1434144",
        "bujur": "106.7935883"
      }
    },
    {
      "type": "Feature",
      "geometry": {
        "type": "Point",
        "coordinates": [
          106.7983156,
          -6.218551
        ]
      },
      "properties": {
        "periode_data": "2024",
        "wilayah": "KOTA ADM. JAKARTA TIMUR",
        "no_registrasi": "HLT202400313",
        "jenis_halte": "REGULER",
        "kode_barang": "133010135001",
        "lokasi_alamat": "JL. RAYA JAKARTA BOGOR 19 1 RT 3 RW 1 KP TENGAH KEC KRAMAT JATI KOTA KOTA ADM. JAKARTA TIMUR DAERAH KHUSUS IBUKOTA JAKARTA 13540 HALTE SEBRANG RAJA SAMBEL",
        "lintang": "-6.218551",
        "bujur": "106.7983156"
      }
    },
    {
      "type": "Feature",
      "geometry": {
        "type": "Point",
        "coordinates": [
          106.8233705,
          -6.187919
        ]
      },
      "properties": {
        "periode_data": "2024",
        "wilayah": "KOTA ADM. JAKARTA TIMUR",
        "no_registrasi": "HLT202400314",
        "jenis_halte": "REGULER",
        "kode_barang": "133010118004",
        "lokasi_alamat": "JL. LKR LUAR BARAT RT 3 RW 8 CENGKARENG BAR KECAMATAN CENGKARENG KOTA KOTA ADM. JAKARTA BARAT DAERAH KHUSUS IBUKOTA JAKARTA 11730 HALTE BUS SEKOLAH",
        "lintang": "-6.187919",
        "bujur": "106.8233705"
      }
    },
    {
      "type": "Feature",
      "geometry": {
        "type": "Point",
        "coordinates": [
          106.7980824,
          -6.2277342
        ]
      },
      "properties": {
        "periode_data": "2024",
        "wilayah": "KOTA ADM. JAKARTA SELATAN",
        "no_registrasi": "HLT202400315",
        "jenis_halte": "REGULER",
        "kode_barang": "133010118004",
        "lokasi_alamat": "JL. KYAI TAPA 1 TOMANG KEC GROGOL PETAMBURAN KOTA KOTA ADM. JAKARTA BARAT DAERAH KHUSUS IBUKOTA JAKARTA 11440 BAWAH JPO BUSWAY RS SUMBER WARAS",
        "lintang": "-6.2277342",
        "bujur": "106.7980824"
      }
    },
    {
      "type": "Feature",
      "geometry": {
        "type": "Point",
        "coordinates": [
          106.8214608,
          -6.209234
        ]
      },
      "properties": {
        "periode_data": "2024",
        "wilayah": "KOTA ADM. JAKARTA BARAT",
        "no_registrasi": "HLT202400316",
        "jenis_halte": "REGULER",
        "kode_barang": "133010118004",
        "lokasi_alamat": "JL. BAKTI KOTA ADM. JAKARTA BARAT CENGKARENG TIM KECAMATAN CENGKARENG KOTA KOTA ADM. JAKARTA BARAT DAERAH KHUSUS IBUKOTA JAKARTA 11730 BAWAH JPO DEPAN MT AD DAWATUL ISLAMIYAH",
        "lintang": "-6.209234",
        "bujur": "106.8214608"
      }
    },
    {
      "type": "Feature",
      "geometry": {
        "type": "Point",
        "coordinates": [
          106.7981361,
          -6.2153227
        ]
      },
      "properties": {
        "periode_data": "2024",
        "wilayah": "KOTA ADM. JAKARTA BARAT",
        "no_registrasi": "HLT202400317",
        "jenis_halte": "REGULER",
        "kode_barang": "133010118004",
        "lokasi_alamat": "JL. DAAN MOGOT RT 12 RW 13 CENGKARENG TIM KECAMATAN CENGKARENG KOTA KOTA ADM. JAKARTA BARAT DAERAH KHUSUS IBUKOTA JAKARTA 11730 BAWAJ JPO SEBRANG PT DUTA LASTINDO",
        "lintang": "-6.2153227",
        "bujur": "106.7981361"
      }
    },
    {
      "type": "Feature",
      "geometry": {
        "type": "Point",
        "coordinates": [
          106.7874244,
          -6.1698157
        ]
      },
      "properties": {
        "periode_data": "2024",
        "wilayah": "KOTA ADM. JAKARTA TIMUR",
        "no_registrasi": "HLT202400318",
        "jenis_halte": "REGULER",
        "kode_barang": "133010135001",
        "lokasi_alamat": "JL. PENGADEGAN TIMUR KOTA ADM. JAKARTA SELATAN KEC TEBET KOTA KOTA ADM. JAKARTA SELATAN DAERAH KHUSUS IBUKOTA JAKARTA 12820 DEPAN STASIUN KA DUREN KALIBATA",
        "lintang": "-6.1698157",
        "bujur": "106.7874244"
      }
    },
    {
      "type": "Feature",
      "geometry": {
        "type": "Point",
        "coordinates": [
          106.8214965,
          -6.2077339
        ]
      },
      "properties": {
        "periode_data": "2024",
        "wilayah": "KOTA ADM. JAKARTA TIMUR",
        "no_registrasi": "HLT202400319",
        "jenis_halte": "REGULER",
        "kode_barang": "133010135001",
        "lokasi_alamat": "JL. MAMPANG PRPT RAYA 62 79 RT 1 RW 2 TEGAL PARANG KEC MAMPANG PRPT KOTA KOTA ADM. JAKARTA SELATAN DAERAH KHUSUS IBUKOTA JAKARTA 12790 HALTE MAMPANG 6",
        "lintang": "-6.2077339",
        "bujur": "106.8214965"
      }
    },
    {
      "type": "Feature",
      "geometry": {
        "type": "Point",
        "coordinates": [
          106.8310641,
          -6.2001642
        ]
      },
      "properties": {
        "periode_data": "2024",
        "wilayah": "KOTA ADM. JAKARTA BARAT",
        "no_registrasi": "HLT202400320",
        "jenis_halte": "REGULER",
        "kode_barang": "133010118004",
        "lokasi_alamat": "DAAN MOGOT RD 57 RT 2 RW 12 KALIDERES WEST JAKARTA CITY JAKARTA 11840 HALTE PESAKIH",
        "lintang": "-6.2001642",
        "bujur": "106.8310641"
      }
    },
    {
      "type": "Feature",
      "geometry": {
        "type": "Point",
        "coordinates": [
          106.7972268,
          -6.1799676
        ]
      },
      "properties": {
        "periode_data": "2024",
        "wilayah": "KOTA ADM. JAKARTA BARAT",
        "no_registrasi": "HLT202400321",
        "jenis_halte": "REGULER",
        "kode_barang": "133010135001",
        "lokasi_alamat": "DAAN MOGOT RD RT 1 RW 1 EAST CENGKARENG CENGKARENG WEST JAKARTA CITY JAKARTA 11730 HALTE KM 13 5",
        "lintang": "-6.1799676",
        "bujur": "106.7972268"
      }
    },
    {
      "type": "Feature",
      "geometry": {
        "type": "Point",
        "coordinates": [
          106.7972268,
          -6.193867
        ]
      },
      "properties": {
        "periode_data": "2024",
        "wilayah": "KOTA ADM. JAKARTA TIMUR",
        "no_registrasi": "HLT202400322",
        "jenis_halte": "REGULER",
        "kode_barang": "133010135001",
        "lokasi_alamat": "JL. KEBON RAYA RT 1 RW 2 DURI KEPA KEC KB JERUK KOTA KOTA ADM. JAKARTA BARAT DAERAH KHUSUS IBUKOTA JAKARTA 11510 HALTE SEKOLAHAN",
        "lintang": "-6.193867",
        "bujur": "106.7972268"
      }
    },
    {
      "type": "Feature",
      "geometry": {
        "type": "Point",
        "coordinates": [
          106.8323697,
          -6.2001497
        ]
      },
      "properties": {
        "periode_data": "2024",
        "wilayah": "KOTA ADM. JAKARTA BARAT",
        "no_registrasi": "HLT202400323",
        "jenis_halte": "REGULER",
        "kode_barang": "133010135001",
        "lokasi_alamat": "JL. LONTAR BLOK J III KAV 323 RT 8 RW 7 TJ DUREN UTARA KEC GROGOL PETAMBURAN KOTA KOTA ADM. JAKARTA BARAT DAERAH KHUSUS IBUKOTA JAKARTA 12630 DEPAN SDN DURI KEPA 01",
        "lintang": "-6.2001497",
        "bujur": "106.8323697"
      }
    },
    {
      "type": "Feature",
      "geometry": {
        "type": "Point",
        "coordinates": [
          106.84286,
          -6.2010833
        ]
      },
      "properties": {
        "periode_data": "2024",
        "wilayah": "KOTA ADM. JAKARTA BARAT",
        "no_registrasi": "HLT202400370",
        "jenis_halte": "REGULER",
        "kode_barang": "133010135001",
        "lokasi_alamat": "JL. KEDOYA RAYA 22 1 RT 5 RW 2 KEDOYA SEL KEC KB JERUK KOTA KOTA ADM. JAKARTA BARAT DAERAH KHUSUS IBUKOTA JAKARTA 11520 SEBRANG MIE AYAM DEDEN",
        "lintang": "-6.2010833",
        "bujur": "106.84286"
      }
    },
    {
      "type": "Feature",
      "geometry": {
        "type": "Point",
        "coordinates": [
          106.7974033,
          -6.196525
        ]
      },
      "properties": {
        "periode_data": "2024",
        "wilayah": "KOTA ADM. JAKARTA SELATAN",
        "no_registrasi": "HLT202400371",
        "jenis_halte": "REGULER",
        "kode_barang": "133010118004",
        "lokasi_alamat": "JL. TAMAN MARGA SATWA NO 21 RT 9 RW 5 JATI PADANG KEC PS MINGGU KOTA KOTA ADM. JAKARTA SELATAN DAERAH KHUSUS IBUKOTA JAKARTA 12540 DEPAN INDIHOME",
        "lintang": "-6.196525",
        "bujur": "106.7974033"
      }
    },
    {
      "type": "Feature",
      "geometry": {
        "type": "Point",
        "coordinates": [
          106.7895707,
          -6.2308553
        ]
      },
      "properties": {
        "periode_data": "2024",
        "wilayah": "KOTA ADM. JAKARTA BARAT",
        "no_registrasi": "HLT202400372",
        "jenis_halte": "REGULER",
        "kode_barang": "133010118004",
        "lokasi_alamat": "JL. KEDOYA RAYA 24 RT 6 RW 7 KEDOYA UTARA KEC KB JERUK KOTA KOTA ADM. JAKARTA BARAT DAERAH KHUSUS IBUKOTA JAKARTA 11520 SEBRANG JL. PILAR II",
        "lintang": "-6.2308553",
        "bujur": "106.7895707"
      }
    },
    {
      "type": "Feature",
      "geometry": {
        "type": "Point",
        "coordinates": [
          106.7881263,
          -6.171421
        ]
      },
      "properties": {
        "periode_data": "2024",
        "wilayah": "KOTA ADM. JAKARTA SELATAN",
        "no_registrasi": "HLT202400373",
        "jenis_halte": "REGULER",
        "kode_barang": "133010118004",
        "lokasi_alamat": "JL. DAAN MOGOT RT 9 RW 2 KALIDERES KEC KALIDERES KOTA KOTA ADM. JAKARTA BARAT DAERAH KHUSUS IBUKOTA JAKARTA 11840 SEBRANG HALTE KOMPLEK KODAM",
        "lintang": "-6.171421",
        "bujur": "106.7881263"
      }
    },
    {
      "type": "Feature",
      "geometry": {
        "type": "Point",
        "coordinates": [
          106.7964244,
          -6.1865888
        ]
      },
      "properties": {
        "periode_data": "2024",
        "wilayah": "KOTA ADM. JAKARTA BARAT",
        "no_registrasi": "HLT202400374",
        "jenis_halte": "REGULER",
        "kode_barang": "133010118004",
        "lokasi_alamat": "JL. KEDOYA RAYA 26 RT02 RW02 RT 2 RW 2 SELATAN KEDOYA KEBONJERUK BARAT JAKARTA CITY JAKARTA 11520 SEBRANG RS CENDANA",
        "lintang": "-6.1865888",
        "bujur": "106.7964244"
      }
    },
    {
      "type": "Feature",
      "geometry": {
        "type": "Point",
        "coordinates": [
          106.8533296,
          -6.151675
        ]
      },
      "properties": {
        "periode_data": "2024",
        "wilayah": "KOTA ADM. JAKARTA SELATAN",
        "no_registrasi": "HLT202400375",
        "jenis_halte": "REGULER",
        "kode_barang": "133010135001",
        "lokasi_alamat": "JL. KS TUBUN 132 49 RW 7 SLIPI KEC PALMERAH KOTA KOTA ADM. JAKARTA BARAT DAERAH KHUSUS IBUKOTA JAKARTA 11410 HALTE SALVATOR",
        "lintang": "-6.151675",
        "bujur": "106.8533296"
      }
    },
    {
      "type": "Feature",
      "geometry": {
        "type": "Point",
        "coordinates": [
          106.8364663,
          -6.1945308
        ]
      },
      "properties": {
        "periode_data": "2024",
        "wilayah": "KOTA ADM. JAKARTA BARAT",
        "no_registrasi": "HLT202400376",
        "jenis_halte": "REGULER",
        "kode_barang": "133010118004",
        "lokasi_alamat": "JL. KEDOYA RAYA 6 RT 2 RW 2 KEDOYA SEL KEC KB JERUK KOTA KOTA ADM. JAKARTA BARAT DAERAH KHUSUS IBUKOTA JAKARTA 11520 SEBRANG PERTAMINA",
        "lintang": "-6.1945308",
        "bujur": "106.8364663"
      }
    },
    {
      "type": "Feature",
      "geometry": {
        "type": "Point",
        "coordinates": [
          106.9229382,
          -6.1100102
        ]
      },
      "properties": {
        "periode_data": "2024",
        "wilayah": "KOTA ADM. JAKARTA SELATAN",
        "no_registrasi": "HLT202400377",
        "jenis_halte": "REGULER",
        "kode_barang": "133010118004",
        "lokasi_alamat": "JL. WARUNG BUNCIT RAYA 24 83 RT 2 RW 1 DUREN TIGA KEC PANCORAN KOTA KOTA ADM. JAKARTA SELATAN DAERAH KHUSUS IBUKOTA JAKARTA 12760 DEPAN BPJS KETENAGAKERJAAN",
        "lintang": "-6.1100102",
        "bujur": "106.9229382"
      }
    },
    {
      "type": "Feature",
      "geometry": {
        "type": "Point",
        "coordinates": [
          106.8766549,
          -6.2149004
        ]
      },
      "properties": {
        "periode_data": "2024",
        "wilayah": "KOTA ADM. JAKARTA SELATAN",
        "no_registrasi": "HLT202400378",
        "jenis_halte": "REGULER",
        "kode_barang": "133010118004",
        "lokasi_alamat": "JL. GATOT SUBROTO 10 RT 6 RW 1 KUNINGAN BAR KEC MAMPANG PRPT KOTA KOTA ADM. JAKARTA SELATAN DAERAH KHUSUS IBUKOTA JAKARTA 12710 SAMPING LIPI 1",
        "lintang": "-6.2149004",
        "bujur": "106.8766549"
      }
    },
    {
      "type": "Feature",
      "geometry": {
        "type": "Point",
        "coordinates": [
          106.7353506,
          -6.1547783
        ]
      },
      "properties": {
        "periode_data": "2024",
        "wilayah": "KOTA ADM. JAKARTA SELATAN",
        "no_registrasi": "HLT202400379",
        "jenis_halte": "REGULER",
        "kode_barang": "133010118004",
        "lokasi_alamat": "JL. PEMUDA 4 1 RT 2 RW 7 JATINEGARA KAUM KEC PULO GADUNG KOTA KOTA ADM. JAKARTA TIMUR DAERAH KHUSUS IBUKOTA JAKARTA 13250 DEPAN IGD ANTAM",
        "lintang": "-6.1547783",
        "bujur": "106.7353506"
      }
    },
    {
      "type": "Feature",
      "geometry": {
        "type": "Point",
        "coordinates": [
          106.852079,
          -6.2428447
        ]
      },
      "properties": {
        "periode_data": "2024",
        "wilayah": "KOTA ADM. JAKARTA TIMUR",
        "no_registrasi": "HLT202400380",
        "jenis_halte": "REGULER",
        "kode_barang": "133010135001",
        "lokasi_alamat": "JL. RAYA BOGOR RT 5 RW 2 SUSUKAN KEC CIRACAS KOTA KOTA ADM. JAKARTA TIMUR DAERAH KHUSUS IBUKOTA JAKARTA 13750 DEPAN SOPHIE",
        "lintang": "-6.2428447",
        "bujur": "106.852079"
      }
    },
    {
      "type": "Feature",
      "geometry": {
        "type": "Point",
        "coordinates": [
          106.7220369,
          -6.1527792
        ]
      },
      "properties": {
        "periode_data": "2024",
        "wilayah": "KOTA ADM. JAKARTA PUSAT",
        "no_registrasi": "HLT202400381",
        "jenis_halte": "REGULER",
        "kode_barang": "133010135001",
        "lokasi_alamat": "JL. MERDEKA SELATAN HALTE MILENIUM",
        "lintang": "-6.1527792",
        "bujur": "106.7220369"
      }
    },
    {
      "type": "Feature",
      "geometry": {
        "type": "Point",
        "coordinates": [
          106.8490247,
          -6.1930223
        ]
      },
      "properties": {
        "periode_data": "2024",
        "wilayah": "KOTA ADM. JAKARTA BARAT",
        "no_registrasi": "HLT202400382",
        "jenis_halte": "REGULER",
        "kode_barang": "133010135001",
        "lokasi_alamat": "JL. KYAI MAJA RT 11 RW 7 GUNUNG KEC KBY BARU KOTA KOTA ADM. JAKARTA SELATAN DAERAH KHUSUS IBUKOTA JAKARTA 12130 HALTE SAMPING JPO",
        "lintang": "-6.1930223",
        "bujur": "106.8490247"
      }
    },
    {
      "type": "Feature",
      "geometry": {
        "type": "Point",
        "coordinates": [
          106.8181683,
          -6.1553872
        ]
      },
      "properties": {
        "periode_data": "2024",
        "wilayah": "KOTA ADM. JAKARTA SELATAN",
        "no_registrasi": "HLT202400223",
        "jenis_halte": "TRANSJAKARTA",
        "kode_barang": "133010118004",
        "lokasi_alamat": "BI",
        "lintang": "-6.1553872",
        "bujur": "106.8181683"
      }
    },
    {
      "type": "Feature",
      "geometry": {
        "type": "Point",
        "coordinates": [
          106.917103,
          -6.119818
        ]
      },
      "properties": {
        "periode_data": "2024",
        "wilayah": "KOTA ADM. JAKARTA SELATAN",
        "no_registrasi": "HLT202400224",
        "jenis_halte": "REGULER",
        "kode_barang": "133010118004",
        "lokasi_alamat": "JL. I GUSTI NGURAH RAI KEC DUREN SAWIT KOTA KOTA ADM. JAKARTA TIMUR DAERAH KHUSUS IBUKOTA JAKARTA 13460 HALTE PONDOK KOPI",
        "lintang": "-6.119818",
        "bujur": "106.917103"
      }
    },
    {
      "type": "Feature",
      "geometry": {
        "type": "Point",
        "coordinates": [
          106.8183542,
          -6.1553337
        ]
      },
      "properties": {
        "periode_data": "2024",
        "wilayah": "KOTA ADM. JAKARTA PUSAT",
        "no_registrasi": "HLT202400225",
        "jenis_halte": "TRANSJAKARTA",
        "kode_barang": "133010118004",
        "lokasi_alamat": "JL. JEND SUDIRMAN RT 1 RW 6 DUKUH ATAS MENTENG KEC MENTENG KOTA KOTA ADM. JAKARTA PUSAT DAERAH KHUSUS IBUKOTA JAKARTA 10230 HALTE BUSWAY TOSARI",
        "lintang": "-6.1553337",
        "bujur": "106.8183542"
      }
    },
    {
      "type": "Feature",
      "geometry": {
        "type": "Point",
        "coordinates": [
          106.916699,
          -6.1202075
        ]
      },
      "properties": {
        "periode_data": "2024",
        "wilayah": "KOTA ADM. JAKARTA SELATAN",
        "no_registrasi": "HLT202400226",
        "jenis_halte": "REGULER",
        "kode_barang": "133010118004",
        "lokasi_alamat": "JL. RAYA BEKASI RT 1 RW 3 RW TERATE KEC CAKUNG KOTA KOTA ADM. JAKARTA TIMUR DAERAH KHUSUS IBUKOTA JAKARTA 13920 HALTE BANK MANDIRI",
        "lintang": "-6.1202075",
        "bujur": "106.916699"
      }
    },
    {
      "type": "Feature",
      "geometry": {
        "type": "Point",
        "coordinates": [
          106.8399085,
          -6.1290395
        ]
      },
      "properties": {
        "periode_data": "2024",
        "wilayah": "KOTA ADM. JAKARTA PUSAT",
        "no_registrasi": "HLT202400227",
        "jenis_halte": "TRANSJAKARTA",
        "kode_barang": "133010118004",
        "lokasi_alamat": "JL. MEDAN MERDEKA BARAT NO 12 RT 5 RW 2 GAMBIR KECAMATAN GAMBIR KOTA KOTA ADM. JAKARTA PUSAT DAERAH KHUSUS IBUKOTA JAKARTA 10110 HALTE BUSWAY MONAS",
        "lintang": "-6.1290395",
        "bujur": "106.8399085"
      }
    },
    {
      "type": "Feature",
      "geometry": {
        "type": "Point",
        "coordinates": [
          106.93911,
          -6.2169045
        ]
      },
      "properties": {
        "periode_data": "2024",
        "wilayah": "KOTA ADM. JAKARTA BARAT",
        "no_registrasi": "HLT202400228",
        "jenis_halte": "REGULER",
        "kode_barang": "133010118004",
        "lokasi_alamat": "JL. SRENGSENG RAYA 60 RT 6 SRENGSENG KEC KEMBANGAN KOTA KOTA ADM. JAKARTA BARAT DAERAH KHUSUS IBUKOTA JAKARTA 11630 HALTE PUSKESMAS",
        "lintang": "-6.2169045",
        "bujur": "106.93911"
      }
    },
    {
      "type": "Feature",
      "geometry": {
        "type": "Point",
        "coordinates": [
          106.939415,
          -6.2151517
        ]
      },
      "properties": {
        "periode_data": "2024",
        "wilayah": "KOTA ADM. JAKARTA SELATAN",
        "no_registrasi": "HLT202400229",
        "jenis_halte": "REGULER",
        "kode_barang": "133010135001",
        "lokasi_alamat": "JL. RAYA MANGGA BESAR RT 2 RW 3 GAMBIR KECAMATAN GAMBIR JAKARTA DAERAH KHUSUS IBUKOTA JAKARTA 10120 HALTE VETERAN III",
        "lintang": "-6.2151517",
        "bujur": "106.939415"
      }
    },
    {
      "type": "Feature",
      "geometry": {
        "type": "Point",
        "coordinates": [
          106.8384767,
          -6.129215
        ]
      },
      "properties": {
        "periode_data": "2024",
        "wilayah": "KOTA ADM. JAKARTA SELATAN",
        "no_registrasi": "HLT202400230",
        "jenis_halte": "REGULER",
        "kode_barang": "133010118004",
        "lokasi_alamat": "JL. SURYOPRANOTO 9 1 RT 14 RW 8 PETOJO SEL KECAMATAN GAMBIR KOTA KOTA ADM. JAKARTA PUSAT DAERAH KHUSUS IBUKOTA JAKARTA 10130 SEBRANG DELTA",
        "lintang": "-6.129215",
        "bujur": "106.8384767"
      }
    },
    {
      "type": "Feature",
      "geometry": {
        "type": "Point",
        "coordinates": [
          106.8354287,
          -6.1297305
        ]
      },
      "properties": {
        "periode_data": "2024",
        "wilayah": "KOTA ADM. JAKARTA SELATAN",
        "no_registrasi": "HLT202400231",
        "jenis_halte": "REGULER",
        "kode_barang": "133010118004",
        "lokasi_alamat": "JL. GAJAH MADA KOTA ADM. JAKARTA BARAT KEAGUNGAN KEC TAMAN SARI KOTA KOTA ADM. JAKARTA BARAT DAERAH KHUSUS IBUKOTA JAKARTA DEPAN SMAN 2",
        "lintang": "-6.1297305",
        "bujur": "106.8354287"
      }
    },
    {
      "type": "Feature",
      "geometry": {
        "type": "Point",
        "coordinates": [
          106.9354548,
          -6.1920903
        ]
      },
      "properties": {
        "periode_data": "2024",
        "wilayah": "KOTA ADM. JAKARTA BARAT",
        "no_registrasi": "HLT202400232",
        "jenis_halte": "REGULER",
        "kode_barang": "133010118004",
        "lokasi_alamat": "JL. KAMAL RAYA 32 35 RT 3 RW 6 CENGKARENG BAR KECAMATAN CENGKARENG KOTA KOTA ADM. JAKARTA BARAT DAERAH KHUSUS IBUKOTA JAKARTA 11820 DEPAN POS INDONESIA",
        "lintang": "-6.1920903",
        "bujur": "106.9354548"
      }
    },
    {
      "type": "Feature",
      "geometry": {
        "type": "Point",
        "coordinates": [
          106.9101828,
          -6.2140959
        ]
      },
      "properties": {
        "periode_data": "2024",
        "wilayah": "KOTA ADM. JAKARTA BARAT",
        "no_registrasi": "HLT202400233",
        "jenis_halte": "REGULER",
        "kode_barang": "133010118004",
        "lokasi_alamat": "JL. LKR LUAR BARAT RT 7 RW 8 CENGKARENG BAR KECAMATAN CENGKARENG KOTA KOTA ADM. JAKARTA BARAT DAERAH KHUSUS IBUKOTA JAKARTA 11730 SAMPING PINTU MASUK PERUMAHAN KFT",
        "lintang": "-6.2140959",
        "bujur": "106.9101828"
      }
    },
    {
      "type": "Feature",
      "geometry": {
        "type": "Point",
        "coordinates": [
          106.7737146,
          -6.1116221
        ]
      },
      "properties": {
        "periode_data": "2024",
        "wilayah": "KOTA ADM. JAKARTA SELATAN",
        "no_registrasi": "HLT202400234",
        "jenis_halte": "REGULER",
        "kode_barang": "133010118004",
        "lokasi_alamat": "JL. SURYOPRANOTO RT 2 RW 8 PETOJO UTARA KECAMATAN GAMBIR KOTA KOTA ADM. JAKARTA PUSAT DAERAH KHUSUS IBUKOTA JAKARTA 10130 DEPAN PRASADA SASANA",
        "lintang": "-6.1116221",
        "bujur": "106.7737146"
      }
    },
    {
      "type": "Feature",
      "geometry": {
        "type": "Point",
        "coordinates": [
          106.84741,
          -6.1266212
        ]
      },
      "properties": {
        "periode_data": "2024",
        "wilayah": "KOTA ADM. JAKARTA PUSAT",
        "no_registrasi": "HLT202400235",
        "jenis_halte": "REGULER",
        "kode_barang": "133010118004",
        "lokasi_alamat": "JL. MEDAN MERDEKA BARAT 4 RT 2 RW 3 GAMBIR KECAMATAN GAMBIR KOTA KOTA ADM. JAKARTA PUSAT DAERAH KHUSUS IBUKOTA JAKARTA 10110 DEPAN RADIO REPUBLIK INDONESIA",
        "lintang": "-6.1266212",
        "bujur": "106.84741"
      }
    },
    {
      "type": "Feature",
      "geometry": {
        "type": "Point",
        "coordinates": [
          106.9356047,
          -6.1925026
        ]
      },
      "properties": {
        "periode_data": "2024",
        "wilayah": "KOTA ADM. JAKARTA SELATAN",
        "no_registrasi": "HLT202400236",
        "jenis_halte": "REGULER",
        "kode_barang": "133010118004",
        "lokasi_alamat": "JL. SULTAN ISKANDAR MUDA KOTA ADM. JAKARTA SELATAN RW 16 PD PINANG KEC KBY LAMA KOTA KOTA ADM. JAKARTA SELATAN DAERAH KHUSUS IBUKOTA JAKARTA 12310 HALTE MASJID",
        "lintang": "-6.1925026",
        "bujur": "106.9356047"
      }
    },
    {
      "type": "Feature",
      "geometry": {
        "type": "Point",
        "coordinates": [
          106.8614867,
          -6.1211022
        ]
      },
      "properties": {
        "periode_data": "2024",
        "wilayah": "KOTA ADM. JAKARTA TIMUR",
        "no_registrasi": "HLT202400237",
        "jenis_halte": "REGULER",
        "kode_barang": "133010118004",
        "lokasi_alamat": "JL. CAKUNG CILINCING TIM RW 6 PULO GEBANG KEC CAKUNG KOTA KOTA ADM. JAKARTA TIMUR DAERAH KHUSUS IBUKOTA JAKARTA 13950 HALTE SENTRA TIMUR",
        "lintang": "-6.1211022",
        "bujur": "106.8614867"
      }
    },
    {
      "type": "Feature",
      "geometry": {
        "type": "Point",
        "coordinates": [
          106.9447641,
          -6.2124813
        ]
      },
      "properties": {
        "periode_data": "2024",
        "wilayah": "KOTA ADM. JAKARTA SELATAN",
        "no_registrasi": "HLT202400238",
        "jenis_halte": "REGULER",
        "kode_barang": "133010118004",
        "lokasi_alamat": "JL. JATI BARU RAYA 1 29 RW 3 KP BALI KECAMATAN TANAH ABANG KOTA KOTA ADM. JAKARTA PUSAT DAERAH KHUSUS IBUKOTA JAKARTA 10150 SAMPING HOTEL PARMIN",
        "lintang": "-6.2124813",
        "bujur": "106.9447641"
      }
    },
    {
      "type": "Feature",
      "geometry": {
        "type": "Point",
        "coordinates": [
          106.9332609,
          -6.1858339
        ]
      },
      "properties": {
        "periode_data": "2024",
        "wilayah": "KOTA ADM. JAKARTA TIMUR",
        "no_registrasi": "HLT202400239",
        "jenis_halte": "REGULER",
        "kode_barang": "133010118004",
        "lokasi_alamat": "JL. DR SUMARNO 53 54 RT 14 RW 8 PENGGILINGAN KEC CAKUNG KOTA KOTA ADM. JAKARTA TIMUR DAERAH KHUSUS IBUKOTA JAKARTA 13940 SAMPING KUMON",
        "lintang": "-6.1858339",
        "bujur": "106.9332609"
      }
    },
    {
      "type": "Feature",
      "geometry": {
        "type": "Point",
        "coordinates": [
          106.8321126,
          -6.1357972
        ]
      },
      "properties": {
        "periode_data": "2024",
        "wilayah": "KOTA ADM. JAKARTA SELATAN",
        "no_registrasi": "HLT202400240",
        "jenis_halte": "REGULER",
        "kode_barang": "133010118004",
        "lokasi_alamat": "JL. TEUKU CIK DITIRO 56 54 RW 5 MENTENG KEC MENTENG KOTA KOTA ADM. JAKARTA PUSAT DAERAH KHUSUS IBUKOTA JAKARTA 10310 DEPAN PT TIMAH",
        "lintang": "-6.1357972",
        "bujur": "106.8321126"
      }
    },
    {
      "type": "Feature",
      "geometry": {
        "type": "Point",
        "coordinates": [
          106.833116,
          -6.1933723
        ]
      },
      "properties": {
        "periode_data": "2024",
        "wilayah": "KOTA ADM. JAKARTA BARAT",
        "no_registrasi": "HLT202400241",
        "jenis_halte": "REGULER",
        "kode_barang": "133010118004",
        "lokasi_alamat": "JL. PANJANG ARTERI KLP DUA RAYA 2 RT 4 RW 10 KB JERUK KEC KB JERUK KOTA KOTA ADM. JAKARTA BARAT DAERAH KHUSUS IBUKOTA JAKARTA 11530 HALTE PANJANG",
        "lintang": "-6.1933723",
        "bujur": "106.833116"
      }
    },
    {
      "type": "Feature",
      "geometry": {
        "type": "Point",
        "coordinates": [
          106.8892185,
          -6.2904383
        ]
      },
      "properties": {
        "periode_data": "2024",
        "wilayah": "KOTA ADM. JAKARTA SELATAN",
        "no_registrasi": "HLT202400242",
        "jenis_halte": "REGULER",
        "kode_barang": "133010118004",
        "lokasi_alamat": "JL. H R RASUNA SAID GUNTUR KECAMATAN SETIABUDI KOTA KOTA ADM. JAKARTA SELATAN DAERAH KHUSUS IBUKOTA JAKARTA HALTE SETIA BUDI",
        "lintang": "-6.2904383",
        "bujur": "106.8892185"
      }
    },
    {
      "type": "Feature",
      "geometry": {
        "type": "Point",
        "coordinates": [
          106.7947,
          -6.1521467
        ]
      },
      "properties": {
        "periode_data": "2024",
        "wilayah": "KOTA ADM. JAKARTA SELATAN",
        "no_registrasi": "HLT202400243",
        "jenis_halte": "REGULER",
        "kode_barang": "133010118004",
        "lokasi_alamat": "JL. M I RIDWAN RAIS RT 14 RW 2 GAMBIR KECAMATAN GAMBIR KOTA KOTA ADM. JAKARTA PUSAT DAERAH KHUSUS IBUKOTA JAKARTA 10110 HALTE TELKOM",
        "lintang": "-6.1521467",
        "bujur": "106.7947"
      }
    },
    {
      "type": "Feature",
      "geometry": {
        "type": "Point",
        "coordinates": [
          106.8750622,
          -6.2882207
        ]
      },
      "properties": {
        "periode_data": "2024",
        "wilayah": "KOTA ADM. JAKARTA BARAT",
        "no_registrasi": "HLT202400244",
        "jenis_halte": "REGULER",
        "kode_barang": "133010118004",
        "lokasi_alamat": "JL. PANJANG RT 5 RW 10 KB JERUK KEC KB JERUK KOTA KOTA ADM. JAKARTA BARAT DAERAH KHUSUS IBUKOTA JAKARTA 11530 HALTE DEPAN APARTEMEN KEDOYA",
        "lintang": "-6.2882207",
        "bujur": "106.8750622"
      }
    },
    {
      "type": "Feature",
      "geometry": {
        "type": "Point",
        "coordinates": [
          106.8903701,
          -6.1428646
        ]
      },
      "properties": {
        "periode_data": "2024",
        "wilayah": "KOTA ADM. JAKARTA BARAT",
        "no_registrasi": "HLT202400245",
        "jenis_halte": "REGULER",
        "kode_barang": "133010118004",
        "lokasi_alamat": "JL. PANJANG RT 19 KEDOYA SEL KEC KB JERUK KOTA KOTA ADM. JAKARTA BARAT DAERAH KHUSUS IBUKOTA JAKARTA 11520 HALTE DEPAN BUSWAY DURI KEPA",
        "lintang": "-6.1428646",
        "bujur": "106.8903701"
      }
    },
    {
      "type": "Feature",
      "geometry": {
        "type": "Point",
        "coordinates": [
          106.7374905,
          -6.1260451
        ]
      },
      "properties": {
        "periode_data": "2024",
        "wilayah": "KOTA ADM. JAKARTA PUSAT",
        "no_registrasi": "HLT202400600",
        "jenis_halte": "REGULER",
        "kode_barang": "133010118004",
        "lokasi_alamat": "JL. HARSONO RM RAGUNAN KEC PS MINGGU KOTA KOTA ADM. JAKARTA SELATAN DAERAH KHUSUS IBUKOTA JAKARTA HALTE BUSWAI DEPARTEMEN PERTANIAN",
        "lintang": "-6.1260451",
        "bujur": "106.7374905"
      }
    },
    {
      "type": "Feature",
      "geometry": {
        "type": "Point",
        "coordinates": [
          106.8664854,
          -6.2624633
        ]
      },
      "properties": {
        "periode_data": "2024",
        "wilayah": "KOTA ADM. JAKARTA TIMUR",
        "no_registrasi": "HLT202400601",
        "jenis_halte": "TRANSJAKARTA",
        "kode_barang": "133010135001",
        "lokasi_alamat": "JL. I GUSTI NGURAH RAI CIPINANG MUARA KECAMATAN JATINEGARA KOTA KOTA ADM. JAKARTA TIMUR DAERAH KHUSUS IBUKOTA JAKARTA HALTE BUSWAY CIPINANG",
        "lintang": "-6.2624633",
        "bujur": "106.8664854"
      }
    },
    {
      "type": "Feature",
      "geometry": {
        "type": "Point",
        "coordinates": [
          106.7347662,
          -6.1239471
        ]
      },
      "properties": {
        "periode_data": "2024",
        "wilayah": "KOTA ADM. JAKARTA TIMUR",
        "no_registrasi": "HLT202400602",
        "jenis_halte": "REGULER",
        "kode_barang": "133010135001",
        "lokasi_alamat": "JL. PEMUDA KAVLING 61 RAWA MANGUN",
        "lintang": "-6.1239471",
        "bujur": "106.7347662"
      }
    },
    {
      "type": "Feature",
      "geometry": {
        "type": "Point",
        "coordinates": [
          106.8227817,
          -6.1855835
        ]
      },
      "properties": {
        "periode_data": "2024",
        "wilayah": "KOTA ADM. JAKARTA TIMUR",
        "no_registrasi": "HLT202400603",
        "jenis_halte": "TRANSJAKARTA",
        "kode_barang": "133010118004",
        "lokasi_alamat": "01 JL. I GUSTI NGURAH RAI NO 35 RT 8 KLENDER KEC DUREN SAWIT KOTA KOTA ADM. JAKARTA TIMUR DAERAH KHUSUS IBUKOTA JAKARTA 13470 HALTE BUSWAY STASIUN KLENDER",
        "lintang": "-6.1855835",
        "bujur": "106.8227817"
      }
    },
    {
      "type": "Feature",
      "geometry": {
        "type": "Point",
        "coordinates": [
          106.8680686,
          -6.3019775
        ]
      },
      "properties": {
        "periode_data": "2024",
        "wilayah": "KOTA ADM. JAKARTA TIMUR",
        "no_registrasi": "HLT202400604",
        "jenis_halte": "REGULER",
        "kode_barang": "133010118004",
        "lokasi_alamat": "JL. PEMUDA KAVLING DEPAN GOR BALAP SEPEDA RAWA MANGUN",
        "lintang": "-6.3019775",
        "bujur": "106.8680686"
      }
    },
    {
      "type": "Feature",
      "geometry": {
        "type": "Point",
        "coordinates": [
          106.8108115,
          -6.2167012
        ]
      },
      "properties": {
        "periode_data": "2024",
        "wilayah": "KOTA ADM. JAKARTA TIMUR",
        "no_registrasi": "HLT202400605",
        "jenis_halte": "TRANSJAKARTA",
        "kode_barang": "133010135001",
        "lokasi_alamat": "JL. HAJI DARIP RT 9 RW 9 PISANGAN TIM KEC PULO GADUNG KOTA KOTA ADM. JAKARTA TIMUR DAERAH KHUSUS IBUKOTA JAKARTA 13230 HALTE BUSWAY IMIGRASI KOTA ADM. JAKARTA TIMUR",
        "lintang": "-6.2167012",
        "bujur": "106.8108115"
      }
    },
    {
      "type": "Feature",
      "geometry": {
        "type": "Point",
        "coordinates": [
          106.8721727,
          -6.2942432
        ]
      },
      "properties": {
        "periode_data": "2024",
        "wilayah": "KOTA ADM. JAKARTA TIMUR",
        "no_registrasi": "HLT202400606",
        "jenis_halte": "REGULER",
        "kode_barang": "133010135001",
        "lokasi_alamat": "JL. PRAMUKA DEPAN TAMAN GENJING HALTE BUSWAY PASAR GENJING",
        "lintang": "-6.2942432",
        "bujur": "106.8721727"
      }
    },
    {
      "type": "Feature",
      "geometry": {
        "type": "Point",
        "coordinates": [
          106.8666746,
          -6.2687058
        ]
      },
      "properties": {
        "periode_data": "2024",
        "wilayah": "KOTA ADM. JAKARTA TIMUR",
        "no_registrasi": "HLT202400607",
        "jenis_halte": "TRANSJAKARTA",
        "kode_barang": "133010118004",
        "lokasi_alamat": "JL. HAJI DARIP RT 8 RW 9 PISANGAN TIM KEC PULO GADUNG KOTA KOTA ADM. JAKARTA TIMUR DAERAH KHUSUS IBUKOTA JAKARTA 13410 HALTE BUSWAY PASAR ENJO",
        "lintang": "-6.2687058",
        "bujur": "106.8666746"
      }
    },
    {
      "type": "Feature",
      "geometry": {
        "type": "Point",
        "coordinates": [
          106.8228385,
          -6.1878207
        ]
      },
      "properties": {
        "periode_data": "2024",
        "wilayah": "KOTA ADM. JAKARTA SELATAN",
        "no_registrasi": "HLT202400608",
        "jenis_halte": "TRANSJAKARTA",
        "kode_barang": "133010118004",
        "lokasi_alamat": "UNDERPASS KARTINI",
        "lintang": "-6.1878207",
        "bujur": "106.8228385"
      }
    },
    {
      "type": "Feature",
      "geometry": {
        "type": "Point",
        "coordinates": [
          106.793895,
          -6.1453717
        ]
      },
      "properties": {
        "periode_data": "2024",
        "wilayah": "KOTA ADM. JAKARTA SELATAN",
        "no_registrasi": "HLT202400609",
        "jenis_halte": "REGULER",
        "kode_barang": "133010118004",
        "lokasi_alamat": "UNDERPASS MAMPANG KUNINGAN",
        "lintang": "-6.1453717",
        "bujur": "106.793895"
      }
    },
    {
      "type": "Feature",
      "geometry": {
        "type": "Point",
        "coordinates": [
          106.7832167,
          -6.2213933
        ]
      },
      "properties": {
        "periode_data": "2024",
        "wilayah": "KOTA ADM. JAKARTA TIMUR",
        "no_registrasi": "HLT202400610",
        "jenis_halte": "TRANSJAKARTA",
        "kode_barang": "133010118004",
        "lokasi_alamat": "JL. JENDRAL AHMAD YANI RT 4 RW 3 RW BUNGA KECAMATAN JATINEGARA KOTA KOTA ADM. JAKARTA TIMUR DAERAH KHUSUS IBUKOTA JAKARTA 13410 HALTE BUSWAY FLYOVER JATINEGARA",
        "lintang": "-6.2213933",
        "bujur": "106.7832167"
      }
    },
    {
      "type": "Feature",
      "geometry": {
        "type": "Point",
        "coordinates": [
          106.7774308,
          -6.2184317
        ]
      },
      "properties": {
        "periode_data": "2024",
        "wilayah": "KOTA ADM. JAKARTA TIMUR",
        "no_registrasi": "HLT202400611",
        "jenis_halte": "TRANSJAKARTA",
        "kode_barang": "133010118004",
        "lokasi_alamat": "JALAN JATINEGARA TIMUR II NO 9 RT 12 RW 2 RAWA BUNGA JATINEGARA KOTA KOTA ADM. JAKARTA TIMUR 13310 HALTE JATINEGARA RS PREMIER",
        "lintang": "-6.2184317",
        "bujur": "106.7774308"
      }
    },
    {
      "type": "Feature",
      "geometry": {
        "type": "Point",
        "coordinates": [
          106.7874933,
          -6.1436762
        ]
      },
      "properties": {
        "periode_data": "2024",
        "wilayah": "KOTA ADM. JAKARTA TIMUR",
        "no_registrasi": "HLT202400612",
        "jenis_halte": "TRANSJAKARTA",
        "kode_barang": "133010118004",
        "lokasi_alamat": "JL. JATINEGARA TIMUR NO 105 BALI MESTER KECAMATAN JATINEGARA KOTA KOTA ADM. JAKARTA TIMUR DAERAH KHUSUS IBUKOTA JAKARTA 13310 HALTE KAMPUNG MELAYU",
        "lintang": "-6.1436762",
        "bujur": "106.7874933"
      }
    },
    {
      "type": "Feature",
      "geometry": {
        "type": "Point",
        "coordinates": [
          106.8330073,
          -6.1871437
        ]
      },
      "properties": {
        "periode_data": "2024",
        "wilayah": "KOTA ADM. JAKARTA TIMUR",
        "no_registrasi": "HLT202400613",
        "jenis_halte": "REGULER",
        "kode_barang": "133010118004",
        "lokasi_alamat": "JL. RAYA BEKASI 33 50 RT 12 RW 3 JATINEGARA KEC CAKUNG KOTA KOTA ADM. JAKARTA TIMUR DAERAH KHUSUS IBUKOTA JAKARTA 13250 HALTE POOL MAYASARI",
        "lintang": "-6.1871437",
        "bujur": "106.8330073"
      }
    },
    {
      "type": "Feature",
      "geometry": {
        "type": "Point",
        "coordinates": [
          106.8328337,
          -6.1871404
        ]
      },
      "properties": {
        "periode_data": "2024",
        "wilayah": "KOTA ADM. JAKARTA SELATAN",
        "no_registrasi": "HLT202400614",
        "jenis_halte": "REGULER",
        "kode_barang": "133010118004",
        "lokasi_alamat": "JL. TB SIMATUPANG 39 RT 3 RW 11 GEDONG KEC PS REBO KOTA KOTA ADM. JAKARTA TIMUR DAERAH KHUSUS IBUKOTA JAKARTA 13760 SEBRANG RS PASAR REBO",
        "lintang": "-6.1871404",
        "bujur": "106.8328337"
      }
    },
    {
      "type": "Feature",
      "geometry": {
        "type": "Point",
        "coordinates": [
          106.8326188,
          -6.1849418
        ]
      },
      "properties": {
        "periode_data": "2024",
        "wilayah": "KOTA ADM. JAKARTA TIMUR",
        "no_registrasi": "HLT202400615",
        "jenis_halte": "TRANSJAKARTA",
        "kode_barang": "133010118004",
        "lokasi_alamat": "BLOK SADAR 2 JALAN DOKTOR SUMARNO BLOK SADAR 2 NO 1 PENGGILINGAN CAKUNG KOTA KOTA ADM. JAKARTA TIMUR 13940 HALTE BUSWAY WALIKOTA KOTA ADM. JAKARTA TIMUR",
        "lintang": "-6.1849418",
        "bujur": "106.8326188"
      }
    },
    {
      "type": "Feature",
      "geometry": {
        "type": "Point",
        "coordinates": [
          106.8319658,
          -6.1851517
        ]
      },
      "properties": {
        "periode_data": "2024",
        "wilayah": "KOTA ADM. JAKARTA UTARA",
        "no_registrasi": "HLT202400616",
        "jenis_halte": "REGULER",
        "kode_barang": "133010135001",
        "lokasi_alamat": "JL. JAMPEA RT 11 RW 1 KOJA KEC KOJA KOTA JKT UTARA DAERAH KHUSUS IBUKOTA JAKARTA 14220 HALTE RS KOJA",
        "lintang": "-6.1851517",
        "bujur": "106.8319658"
      }
    },
    {
      "type": "Feature",
      "geometry": {
        "type": "Point",
        "coordinates": [
          106.8326689,
          -6.1850765
        ]
      },
      "properties": {
        "periode_data": "2024",
        "wilayah": "KOTA ADM. JAKARTA TIMUR",
        "no_registrasi": "HLT202400617",
        "jenis_halte": "TRANSJAKARTA",
        "kode_barang": "133010135001",
        "lokasi_alamat": "JL. RAYA PENGGILINGAN NO 2 RW 4 PENGGILINGAN KEC CAKUNG KOTA KOTA ADM. JAKARTA TIMUR DAERAH KHUSUS IBUKOTA JAKARTA 13940 HALTE BUSWAY PENGGILINGAN",
        "lintang": "-6.1850765",
        "bujur": "106.8326689"
      }
    },
    {
      "type": "Feature",
      "geometry": {
        "type": "Point",
        "coordinates": [
          106.8320887,
          -6.1846241
        ]
      },
      "properties": {
        "periode_data": "2024",
        "wilayah": "KOTA ADM. JAKARTA UTARA",
        "no_registrasi": "HLT202400618",
        "jenis_halte": "REGULER",
        "kode_barang": "133010118004",
        "lokasi_alamat": "JL. JAMPEA UTARA JAKARTA RW 1 KOJA NORTH JAKARTA CITY JAKARTA 14220 HALTE PERTAMINA",
        "lintang": "-6.1846241",
        "bujur": "106.8320887"
      }
    },
    {
      "type": "Feature",
      "geometry": {
        "type": "Point",
        "coordinates": [
          106.8580027,
          -6.2257685
        ]
      },
      "properties": {
        "periode_data": "2024",
        "wilayah": "KOTA ADM. JAKARTA TIMUR",
        "no_registrasi": "HLT202400619",
        "jenis_halte": "TRANSJAKARTA",
        "kode_barang": "133010118004",
        "lokasi_alamat": "JL. PENGGILINGAN PENGGILINGAN KEC CAKUNG KOTA KOTA ADM. JAKARTA TIMUR DAERAH KHUSUS IBUKOTA JAKARTA 13940 HALTE BUSWAY PERUMNAS KLENDER",
        "lintang": "-6.2257685",
        "bujur": "106.8580027"
      }
    },
    {
      "type": "Feature",
      "geometry": {
        "type": "Point",
        "coordinates": [
          106.8931112,
          -6.1142824
        ]
      },
      "properties": {
        "periode_data": "2024",
        "wilayah": "KOTA ADM. JAKARTA UTARA",
        "no_registrasi": "HLT202400620",
        "jenis_halte": "REGULER",
        "kode_barang": "133010118004",
        "lokasi_alamat": "JL. JAMPEA RW 1 KOJA KEC KOJA KOTA JKT UTARA DAERAH KHUSUS IBUKOTA JAKARTA 14220 HALTE MARINE",
        "lintang": "-6.1142824",
        "bujur": "106.8931112"
      }
    },
    {
      "type": "Feature",
      "geometry": {
        "type": "Point",
        "coordinates": [
          106.7274681,
          -6.1638367
        ]
      },
      "properties": {
        "periode_data": "2024",
        "wilayah": "KOTA ADM. JAKARTA TIMUR",
        "no_registrasi": "HLT202400621",
        "jenis_halte": "TRANSJAKARTA",
        "kode_barang": "133010135001",
        "lokasi_alamat": "JL. RADEN INTAN RAYA KLENDER KEC DUREN SAWIT KOTA KOTA ADM. JAKARTA TIMUR DAERAH KHUSUS IBUKOTA JAKARTA 13470 HALTE BUSWAY FLYOVER RADEN INTEN",
        "lintang": "-6.1638367",
        "bujur": "106.7274681"
      }
    },
    {
      "type": "Feature",
      "geometry": {
        "type": "Point",
        "coordinates": [
          106.8915847,
          -6.2563902
        ]
      },
      "properties": {
        "periode_data": "2024",
        "wilayah": "KOTA ADM. JAKARTA UTARA",
        "no_registrasi": "HLT202400622",
        "jenis_halte": "REGULER",
        "kode_barang": "133010118004",
        "lokasi_alamat": "JL. JAMPEA RT 12 RW 5 KOJA NORTH JAKARTA CITY JAKARTA HALTE LORONG 5",
        "lintang": "-6.2563902",
        "bujur": "106.8915847"
      }
    },
    {
      "type": "Feature",
      "geometry": {
        "type": "Point",
        "coordinates": [
          106.7739864,
          -6.2158513
        ]
      },
      "properties": {
        "periode_data": "2024",
        "wilayah": "KOTA ADM. JAKARTA TIMUR",
        "no_registrasi": "HLT202400623",
        "jenis_halte": "REGULER",
        "kode_barang": "133010118004",
        "lokasi_alamat": "JL. LENTENG AGUNG RAYA 40 4 RT 4 RW 1 LENTENG AGUNG KEC JAGAKARSA KOTA KOTA ADM. JAKARTA SELATAN DAERAH KHUSUS IBUKOTA JAKARTA 12530 SEBRANG STASIUN TANJUNG BARAT",
        "lintang": "-6.2158513",
        "bujur": "106.7739864"
      }
    },
    {
      "type": "Feature",
      "geometry": {
        "type": "Point",
        "coordinates": [
          106.8100692,
          -6.1712402
        ]
      },
      "properties": {
        "periode_data": "2024",
        "wilayah": "KOTA ADM. JAKARTA PUSAT",
        "no_registrasi": "HLT202400746",
        "jenis_halte": "TRANSJAKARTA",
        "kode_barang": "133010118004",
        "lokasi_alamat": "JL. KYAI CARINGIN RT 11 RW 4 CIDENG GAMBIR KOTA KOTA ADM. JAKARTA PUSAT 10150 HALTE BUSWAY RS TARAKAN",
        "lintang": "-6.1712402",
        "bujur": "106.8100692"
      }
    },
    {
      "type": "Feature",
      "geometry": {
        "type": "Point",
        "coordinates": [
          106.756382,
          -6.1834396
        ]
      },
      "properties": {
        "periode_data": "2024",
        "wilayah": "KOTA ADM. JAKARTA TIMUR",
        "no_registrasi": "HLT202400747",
        "jenis_halte": "REGULER",
        "kode_barang": "133010118004",
        "lokasi_alamat": "JL. PURI KEMBANGAN 103 49 RT 8 RW 3 KEMBANGAN SEL KEC KB JERUK KOTA KOTA ADM. JAKARTA BARAT DAERAH KHUSUS IBUKOTA JAKARTA 11610 SDN KEMBANGAN SELATAN",
        "lintang": "-6.1834396",
        "bujur": "106.756382"
      }
    },
    {
      "type": "Feature",
      "geometry": {
        "type": "Point",
        "coordinates": [
          106.8172026,
          -6.1700018
        ]
      },
      "properties": {
        "periode_data": "2024",
        "wilayah": "KOTA ADM. JAKARTA PUSAT",
        "no_registrasi": "HLT202400748",
        "jenis_halte": "TRANSJAKARTA",
        "kode_barang": "133010118004",
        "lokasi_alamat": "JL. SURYOPRANOTO RT 7 RW 7 PETOJO SEL KECAMATAN GAMBIR KOTA KOTA ADM. JAKARTA PUSAT DAERAH KHUSUS IBUKOTA JAKARTA 10160 HALTE BUSWAY PETOJO",
        "lintang": "-6.1700018",
        "bujur": "106.8172026"
      }
    },
    {
      "type": "Feature",
      "geometry": {
        "type": "Point",
        "coordinates": [
          106.8924173,
          -6.1101373
        ]
      },
      "properties": {
        "periode_data": "2024",
        "wilayah": "KOTA ADM. JAKARTA UTARA",
        "no_registrasi": "HLT202400749",
        "jenis_halte": "TRANSJAKARTA",
        "kode_barang": "133010118004",
        "lokasi_alamat": "JALAN RAYA PELABUHAN NO TANJUNG PRIOK TANJUNG PRIOK KOTA JKT UTARA 14310 HALTE BUSWAY ENGGANO",
        "lintang": "-6.1101373",
        "bujur": "106.8924173"
      }
    },
    {
      "type": "Feature",
      "geometry": {
        "type": "Point",
        "coordinates": [
          106.876161,
          -6.1767568
        ]
      },
      "properties": {
        "periode_data": "2024",
        "wilayah": "KOTA ADM. JAKARTA SELATAN",
        "no_registrasi": "HLT202400750",
        "jenis_halte": "TRANSJAKARTA",
        "kode_barang": "133010118004",
        "lokasi_alamat": "KOTA ADM. JAKARTA PUSAT RT 1 RW 2 CEMP PUTIH TIM KEC CEMP PUTIH KOTA KOTA ADM. JAKARTA PUSAT DAERAH KHUSUS IBUKOTA JAKARTA 10510 SAMPING PINTU TOL",
        "lintang": "-6.1767568",
        "bujur": "106.876161"
      }
    },
    {
      "type": "Feature",
      "geometry": {
        "type": "Point",
        "coordinates": [
          106.8252783,
          -6.187595
        ]
      },
      "properties": {
        "periode_data": "2024",
        "wilayah": "KOTA ADM. JAKARTA PUSAT",
        "no_registrasi": "HLT202400751",
        "jenis_halte": "TRANSJAKARTA",
        "kode_barang": "133010118004",
        "lokasi_alamat": "JL. AGUS SALIM DEPAN BPN HALTE BPN",
        "lintang": "-6.187595",
        "bujur": "106.8252783"
      }
    },
    {
      "type": "Feature",
      "geometry": {
        "type": "Point",
        "coordinates": [
          106.8855207,
          -6.2019556
        ]
      },
      "properties": {
        "periode_data": "2024",
        "wilayah": "KOTA ADM. JAKARTA TIMUR",
        "no_registrasi": "HLT202400752",
        "jenis_halte": "REGULER",
        "kode_barang": "133010118004",
        "lokasi_alamat": "JL. PERSAHABATAN UTARA",
        "lintang": "-6.2019556",
        "bujur": "106.8855207"
      }
    },
    {
      "type": "Feature",
      "geometry": {
        "type": "Point",
        "coordinates": [
          106.7734147,
          -6.2891824
        ]
      },
      "properties": {
        "periode_data": "2024",
        "wilayah": "KOTA ADM. JAKARTA SELATAN",
        "no_registrasi": "HLT202400753",
        "jenis_halte": "TRANSJAKARTA",
        "kode_barang": "133010118004",
        "lokasi_alamat": "JL. SAPTA TARUNA BARU NO 10 RW 7 PD PINANG KEC KBY LAMA KOTA KOTA ADM. JAKARTA SELATAN DAERAH KHUSUS IBUKOTA JAKARTA 12310 HALTE BUSWAY TERMINAL LEBAK BULUS",
        "lintang": "-6.2891824",
        "bujur": "106.7734147"
      }
    },
    {
      "type": "Feature",
      "geometry": {
        "type": "Point",
        "coordinates": [
          106.8871123,
          -6.2144774
        ]
      },
      "properties": {
        "periode_data": "2024",
        "wilayah": "KOTA ADM. JAKARTA TIMUR",
        "no_registrasi": "HLT202400754",
        "jenis_halte": "REGULER",
        "kode_barang": "133010118004",
        "lokasi_alamat": "JL. BEKASI TIM RAYA RT 1 RW 9 PISANGAN TIM KEC PULO GADUNG KOTA KOTA ADM. JAKARTA TIMUR DAERAH KHUSUS IBUKOTA JAKARTA 13230 BAWAH FLYOVER CIPINANG PENJARA",
        "lintang": "-6.2144774",
        "bujur": "106.8871123"
      }
    },
    {
      "type": "Feature",
      "geometry": {
        "type": "Point",
        "coordinates": [
          106.7720304,
          -6.2822235
        ]
      },
      "properties": {
        "periode_data": "2024",
        "wilayah": "KOTA ADM. JAKARTA SELATAN",
        "no_registrasi": "HLT202400755",
        "jenis_halte": "TRANSJAKARTA",
        "kode_barang": "133010118004",
        "lokasi_alamat": "JL. CIIPUTAT RAYA PD PINANG KEC KBY LAMA KOTA KOTA ADM. JAKARTA SELATAN DAERAH KHUSUS IBUKOTA JAKARTA 12310 HALTE BUSWAY PONDOK PINANG",
        "lintang": "-6.2822235",
        "bujur": "106.7720304"
      }
    },
    {
      "type": "Feature",
      "geometry": {
        "type": "Point",
        "coordinates": [
          106.9229201,
          -6.1830032
        ]
      },
      "properties": {
        "periode_data": "2024",
        "wilayah": "KOTA ADM. JAKARTA TIMUR",
        "no_registrasi": "HLT202400756",
        "jenis_halte": "REGULER",
        "kode_barang": "133010118004",
        "lokasi_alamat": "JL. RAYA BEKASI NO 63 RT 1 RW 4 RW TERATE KEC CAKUNG KOTA KOTA ADM. JAKARTA TIMUR DAERAH KHUSUS IBUKOTA JAKARTA 13920 HALTE PUPAR",
        "lintang": "-6.1830032",
        "bujur": "106.9229201"
      }
    },
    {
      "type": "Feature",
      "geometry": {
        "type": "Point",
        "coordinates": [
          106.783656093789,
          -6.26723114394588
        ]
      },
      "properties": {
        "periode_data": "2024",
        "wilayah": "KOTA ADM. JAKARTA SELATAN",
        "no_registrasi": "HLT202400757",
        "jenis_halte": "TRANSJAKARTA",
        "kode_barang": "133010135001",
        "lokasi_alamat": "JL. METRO PONDOK INDAH NO 6 RW 16 PD PINANG KEC KBY LAMA KOTA KOTA ADM. JAKARTA SELATAN DAERAH KHUSUS IBUKOTA JAKARTA 12310 HALTE BUSWAY PONDOK INDAH 2",
        "lintang": "-6.26723114394588",
        "bujur": "106.783656093789"
      }
    },
    {
      "type": "Feature",
      "geometry": {
        "type": "Point",
        "coordinates": [
          106.8146496,
          -6.1605089
        ]
      },
      "properties": {
        "periode_data": "2024",
        "wilayah": "KOTA ADM. JAKARTA TIMUR",
        "no_registrasi": "HLT202400758",
        "jenis_halte": "REGULER",
        "kode_barang": "133010135001",
        "lokasi_alamat": "JL. KYAI H ZAINUL ARIFIN RT 1 RW 1 KRUKUT KECAMATAN GAMBIR KOTA KOTA ADM. JAKARTA PUSAT DAERAH KHUSUS IBUKOTA JAKARTA 10130 DEPAN ALFAMART KETAPANG RAYA",
        "lintang": "-6.1605089",
        "bujur": "106.8146496"
      }
    },
    {
      "type": "Feature",
      "geometry": {
        "type": "Point",
        "coordinates": [
          106.7818225,
          -6.2571531
        ]
      },
      "properties": {
        "periode_data": "2024",
        "wilayah": "KOTA ADM. JAKARTA SELATAN",
        "no_registrasi": "HLT202400759",
        "jenis_halte": "TRANSJAKARTA",
        "kode_barang": "133010135001",
        "lokasi_alamat": "JL. SULTAN ISKANDAR MUDA RT 1 RW 8 KBY LAMA SEL KEC KBY LAMA KOTA KOTA ADM. JAKARTA SELATAN DAERAH KHUSUS IBUKOTA JAKARTA 12240 HALTE BUSWAY TANAH KUSIR",
        "lintang": "-6.2571531",
        "bujur": "106.7818225"
      }
    },
    {
      "type": "Feature",
      "geometry": {
        "type": "Point",
        "coordinates": [
          106.9102633,
          -6.2141383
        ]
      },
      "properties": {
        "periode_data": "2024",
        "wilayah": "KOTA ADM. JAKARTA TIMUR",
        "no_registrasi": "HLT202400760",
        "jenis_halte": "REGULER",
        "kode_barang": "133010135001",
        "lokasi_alamat": "JL. I GUSTI NGURAH RAI 26 46 RT 7 RW 12 KLENDER KEC CAKUNG KOTA KOTA ADM. JAKARTA TIMUR DAERAH KHUSUS IBUKOTA JAKARTA 13470 SEBRANG FAJAR UTAMA MOTOR",
        "lintang": "-6.2141383",
        "bujur": "106.9102633"
      }
    },
    {
      "type": "Feature",
      "geometry": {
        "type": "Point",
        "coordinates": [
          106.7830855,
          -6.2386671
        ]
      },
      "properties": {
        "periode_data": "2024",
        "wilayah": "KOTA ADM. JAKARTA SELATAN",
        "no_registrasi": "HLT202400761",
        "jenis_halte": "TRANSJAKARTA",
        "kode_barang": "133010135001",
        "lokasi_alamat": "JL. SULTAN ISKANDAR MUDA RT 9 RW 1 KBY LAMA SEL KEC KBY LAMA KOTA KOTA ADM. JAKARTA SELATAN DAERAH KHUSUS IBUKOTA JAKARTA 12240 HALTE BUSWAY KEBAYORAN LAMA BUNGUR",
        "lintang": "-6.2386671",
        "bujur": "106.7830855"
      }
    },
    {
      "type": "Feature",
      "geometry": {
        "type": "Point",
        "coordinates": [
          106.8682018,
          -6.2205269
        ]
      },
      "properties": {
        "periode_data": "2024",
        "wilayah": "KOTA ADM. JAKARTA TIMUR",
        "no_registrasi": "HLT202400762",
        "jenis_halte": "REGULER",
        "kode_barang": "133010118004",
        "lokasi_alamat": "JL. JATINEGARA TIMUR 64 RT 11 RW 3 BALI MESTER KECAMATAN JATINEGARA KOTA KOTA ADM. JAKARTA TIMUR DAERAH KHUSUS IBUKOTA JAKARTA 13310 HALTE JATINEGARA TIMUR",
        "lintang": "-6.2205269",
        "bujur": "106.8682018"
      }
    },
    {
      "type": "Feature",
      "geometry": {
        "type": "Point",
        "coordinates": [
          106.7902761,
          -6.1610091
        ]
      },
      "properties": {
        "periode_data": "2024",
        "wilayah": "KOTA ADM. JAKARTA BARAT",
        "no_registrasi": "HLT202400763",
        "jenis_halte": "TRANSJAKARTA",
        "kode_barang": "133010118004",
        "lokasi_alamat": "JL. JELEMBAR TIMUR RT 8 RW 5 JELAMBAR KEC GROGOL PETAMBURAN KOTA KOTA ADM. JAKARTA BARAT DAERAH KHUSUS IBUKOTA JAKARTA HALTE BUSWAY ST KA LATUMENTEN",
        "lintang": "-6.1610091",
        "bujur": "106.7902761"
      }
    },
    {
      "type": "Feature",
      "geometry": {
        "type": "Point",
        "coordinates": [
          106.886907,
          -6.1513071
        ]
      },
      "properties": {
        "periode_data": "2024",
        "wilayah": "KOTA ADM. JAKARTA TIMUR",
        "no_registrasi": "HLT202400764",
        "jenis_halte": "TRANSJAKARTA",
        "kode_barang": "133010118004",
        "lokasi_alamat": "JL. YOS SUDARSO KOTA ADM. JAKARTA UTARA RT 10 RW 11 KLP GADING BAR KEC KLP GADING KOTA JKT UTARA DAERAH KHUSUS IBUKOTA JAKARTA 14240 HALTE SUNTER KELAPA GADING",
        "lintang": "-6.1513071",
        "bujur": "106.886907"
      }
    },
    {
      "type": "Feature",
      "geometry": {
        "type": "Point",
        "coordinates": [
          106.7949264,
          -6.1520742
        ]
      },
      "properties": {
        "periode_data": "2024",
        "wilayah": "KOTA ADM. JAKARTA BARAT",
        "no_registrasi": "HLT202400765",
        "jenis_halte": "TRANSJAKARTA",
        "kode_barang": "133010118004",
        "lokasi_alamat": "JL. PROF DR LATUMENTEN RT 10 RW 1 JEMB BESI KEC TAMBORA KOTA KOTA ADM. JAKARTA BARAT DAERAH KHUSUS IBUKOTA JAKARTA 11320 HALTE BUSWAY JEMBATAN BESI",
        "lintang": "-6.1520742",
        "bujur": "106.7949264"
      }
    },
    {
      "type": "Feature",
      "geometry": {
        "type": "Point",
        "coordinates": [
          106.876333,
          -6.2429234
        ]
      },
      "properties": {
        "periode_data": "2024",
        "wilayah": "KOTA ADM. JAKARTA TIMUR",
        "no_registrasi": "HLT202400766",
        "jenis_halte": "TRANSJAKARTA",
        "kode_barang": "133010118004",
        "lokasi_alamat": "JL. DI PANJAITAN PEDATI TUNEL 5 RW 9 RW BUNGA KECAMATAN JATINEGARA KOTA KOTA ADM. JAKARTA TIMUR DAERAH KHUSUS IBUKOTA JAKARTA 13350 HALTE PEDATI",
        "lintang": "-6.2429234",
        "bujur": "106.876333"
      }
    },
    {
      "type": "Feature",
      "geometry": {
        "type": "Point",
        "coordinates": [
          106.7935822,
          -6.143119
        ]
      },
      "properties": {
        "periode_data": "2024",
        "wilayah": "KOTA ADM. JAKARTA UTARA",
        "no_registrasi": "HLT202400767",
        "jenis_halte": "TRANSJAKARTA",
        "kode_barang": "133010118004",
        "lokasi_alamat": "JL. JEMBATAN DUA RAYA ANGKE KEC TAMBORA KOTA KOTA ADM. JAKARTA BARAT DAERAH KHUSUS IBUKOTA JAKARTA 11330 HALTE BUSWAY JEMBATAN DUA",
        "lintang": "-6.143119",
        "bujur": "106.7935822"
      }
    },
    {
      "type": "Feature",
      "geometry": {
        "type": "Point",
        "coordinates": [
          106.9246091,
          -6.2477361
        ]
      },
      "properties": {
        "periode_data": "2024",
        "wilayah": "KOTA ADM. JAKARTA TIMUR",
        "no_registrasi": "HLT202400745",
        "jenis_halte": "REGULER",
        "kode_barang": "133010118004",
        "lokasi_alamat": "JL. KALIMALANG CURUG",
        "lintang": "-6.2477361",
        "bujur": "106.9246091"
      }
    },
    {
      "type": "Feature",
      "geometry": {
        "type": "Point",
        "coordinates": [
          106.8214948,
          -6.2326072
        ]
      },
      "properties": {
        "periode_data": "2024",
        "wilayah": "KOTA ADM. JAKARTA SELATAN",
        "no_registrasi": "HLT202400790",
        "jenis_halte": "TRANSJAKARTA",
        "kode_barang": "133010135001",
        "lokasi_alamat": "JL. GATOT SUBROTO RT 6 RW 3 KUNINGAN KUNINGAN TIM KECAMATAN SETIABUDI KOTA KOTA ADM. JAKARTA SELATAN DAERAH KHUSUS IBUKOTA JAKARTA 12950 HALTE BUSWAY JAMSOSTEK GATOT SUBROTO",
        "lintang": "-6.2326072",
        "bujur": "106.8214948"
      }
    },
    {
      "type": "Feature",
      "geometry": {
        "type": "Point",
        "coordinates": [
          106.8179848,
          -6.2266628
        ]
      },
      "properties": {
        "periode_data": "2024",
        "wilayah": "KOTA ADM. JAKARTA SELATAN",
        "no_registrasi": "HLT202400791",
        "jenis_halte": "TRANSJAKARTA",
        "kode_barang": "133010118004",
        "lokasi_alamat": "JL. GATOT SUBROTO RT 7 RW 1 SENAYAN KEC KBY BARU KOTA KOTA ADM. JAKARTA SELATAN DAERAH KHUSUS IBUKOTA JAKARTA 12190 HALTE GATOT SUBROTO LIPI",
        "lintang": "-6.2266628",
        "bujur": "106.8179848"
      }
    },
    {
      "type": "Feature",
      "geometry": {
        "type": "Point",
        "coordinates": [
          106.8419523,
          -6.1579265
        ]
      },
      "properties": {
        "periode_data": "2024",
        "wilayah": "KOTA ADM. JAKARTA BARAT",
        "no_registrasi": "HLT202400792",
        "jenis_halte": "REGULER",
        "kode_barang": "133010118004",
        "lokasi_alamat": "JL. ANGKASA 20 RT 5 RW 2 GN SAHARI SEL KEC KEMAYORAN KOTA KOTA ADM. JAKARTA PUSAT DAERAH KHUSUS IBUKOTA JAKARTA 10610 HALTE PELNI",
        "lintang": "-6.1579265",
        "bujur": "106.8419523"
      }
    },
    {
      "type": "Feature",
      "geometry": {
        "type": "Point",
        "coordinates": [
          106.8754939,
          -6.2452282
        ]
      },
      "properties": {
        "periode_data": "2024",
        "wilayah": "KOTA ADM. JAKARTA UTARA",
        "no_registrasi": "HLT202400793",
        "jenis_halte": "TRANSJAKARTA",
        "kode_barang": "133010135001",
        "lokasi_alamat": "JL. DI PANJAITAN RT 7 RW 11 CIPINANG CEMPEDAK KECAMATAN JATINEGARA KOTA KOTA ADM. JAKARTA TIMUR DAERAH KHUSUS IBUKOTA JAKARTA 13340 HALTE BUSWAY CAWANG SUTOYO",
        "lintang": "-6.2452282",
        "bujur": "106.8754939"
      }
    },
    {
      "type": "Feature",
      "geometry": {
        "type": "Point",
        "coordinates": [
          106.8731892,
          -6.2500808
        ]
      },
      "properties": {
        "periode_data": "2024",
        "wilayah": "KOTA ADM. JAKARTA TIMUR",
        "no_registrasi": "HLT202400794",
        "jenis_halte": "TRANSJAKARTA",
        "kode_barang": "133010135001",
        "lokasi_alamat": "JL. MAYJEN SUTOYO RT 9 RW 6 CAWANG KEC KRAMAT JATI KOTA KOTA ADM. JAKARTA TIMUR DAERAH KHUSUS IBUKOTA JAKARTA 13630 BAWAH SUTET",
        "lintang": "-6.2500808",
        "bujur": "106.8731892"
      }
    },
    {
      "type": "Feature",
      "geometry": {
        "type": "Point",
        "coordinates": [
          106.8043196,
          -6.208046
        ]
      },
      "properties": {
        "periode_data": "2024",
        "wilayah": "KOTA ADM. JAKARTA SELATAN",
        "no_registrasi": "HLT202400795",
        "jenis_halte": "TRANSJAKARTA",
        "kode_barang": "133010135001",
        "lokasi_alamat": "JL. GATOT SUBROTO RT 1 RW 4 KARET SEMANGGI SETIA BUDI KOTA KOTA ADM. JAKARTA SELATAN DAERAH KHUSUS IBUKOTA JAKARTA 12930 HALTE BUSWAY SEMANGGI",
        "lintang": "-6.208046",
        "bujur": "106.8043196"
      }
    },
    {
      "type": "Feature",
      "geometry": {
        "type": "Point",
        "coordinates": [
          106.8502108,
          -6.1561695
        ]
      },
      "properties": {
        "periode_data": "2024",
        "wilayah": "KOTA ADM. JAKARTA TIMUR",
        "no_registrasi": "HLT202400796",
        "jenis_halte": "REGULER",
        "kode_barang": "133010135001",
        "lokasi_alamat": "JL. ANGKASA RW 10 GN SAHARI SEL KEC KEMAYORAN KOTA KOTA ADM. JAKARTA PUSAT DAERAH KHUSUS IBUKOTA JAKARTA 10610 DEPAN PULAU INTAN",
        "lintang": "-6.1561695",
        "bujur": "106.8502108"
      }
    },
    {
      "type": "Feature",
      "geometry": {
        "type": "Point",
        "coordinates": [
          106.8089887,
          -6.2139487
        ]
      },
      "properties": {
        "periode_data": "2024",
        "wilayah": "KOTA ADM. JAKARTA PUSAT",
        "no_registrasi": "HLT202400797",
        "jenis_halte": "TRANSJAKARTA",
        "kode_barang": "133010118004",
        "lokasi_alamat": "JALAN JENDRAL GATOT SUBROTO RT 9 RW 2 BENDUNGAN HILIR TANAH ABANG KOTA KOTA ADM. JAKARTA PUSAT 10210 HALTE BUSWAY JCC SENAYAN",
        "lintang": "-6.2139487",
        "bujur": "106.8089887"
      }
    },
    {
      "type": "Feature",
      "geometry": {
        "type": "Point",
        "coordinates": [
          106.8453597,
          -6.1568435
        ]
      },
      "properties": {
        "periode_data": "2024",
        "wilayah": "KOTA ADM. JAKARTA UTARA",
        "no_registrasi": "HLT202400798",
        "jenis_halte": "REGULER",
        "kode_barang": "133010118004",
        "lokasi_alamat": "JL. ANGKASA RW 10 GN SAHARI SEL KEC KEMAYORAN KOTA KOTA ADM. JAKARTA PUSAT DAERAH KHUSUS IBUKOTA JAKARTA 10610 HALTE ANGKASA",
        "lintang": "-6.1568435",
        "bujur": "106.8453597"
      }
    },
    {
      "type": "Feature",
      "geometry": {
        "type": "Point",
        "coordinates": [
          106.8438178,
          -6.1521667
        ]
      },
      "properties": {
        "periode_data": "2024",
        "wilayah": "KOTA ADM. JAKARTA UTARA",
        "no_registrasi": "HLT202400799",
        "jenis_halte": "REGULER",
        "kode_barang": "133010118004",
        "lokasi_alamat": "JL. INDUSTRI RAYA KOTA ADM. JAKARTA PUSAT RT 2 GN SAHARI SEL KEC KEMAYORAN KOTA KOTA ADM. JAKARTA PUSAT DAERAH KHUSUS IBUKOTA JAKARTA 10610 HALTE DEPAN TANAH KOSONG",
        "lintang": "-6.1521667",
        "bujur": "106.8438178"
      }
    },
    {
      "type": "Feature",
      "geometry": {
        "type": "Point",
        "coordinates": [
          106.7971859,
          -6.2078088
        ]
      },
      "properties": {
        "periode_data": "2024",
        "wilayah": "KOTA ADM. JAKARTA BARAT",
        "no_registrasi": "HLT202400800",
        "jenis_halte": "TRANSJAKARTA",
        "kode_barang": "133010135001",
        "lokasi_alamat": "JL. TENTARA PELAJAR KOTA ADM. JAKARTA PUSAT PETAMBURAN TANAHABANG KOTA KOTA ADM. JAKARTA PUSAT DAERAH KHUSUS IBUKOTA JAKARTA HALTE BUSWAY SLIPI PETAMBURAN",
        "lintang": "-6.2078088",
        "bujur": "106.7971859"
      }
    },
    {
      "type": "Feature",
      "geometry": {
        "type": "Point",
        "coordinates": [
          106.7928221,
          -6.1764402
        ]
      },
      "properties": {
        "periode_data": "2024",
        "wilayah": "KOTA ADM. JAKARTA PUSAT",
        "no_registrasi": "HLT202400801",
        "jenis_halte": "REGULER",
        "kode_barang": "133010118004",
        "lokasi_alamat": "JL. LETJEN S PARMAN RT 12 RW 1 TOMANG KEC GROGOL PETAMBURAN KOTA KOTA ADM. JAKARTA BARAT DAERAH KHUSUS IBUKOTA JAKARTA 11440 DEPAN TRANSMART HALTE 3",
        "lintang": "-6.1764402",
        "bujur": "106.7928221"
      }
    },
    {
      "type": "Feature",
      "geometry": {
        "type": "Point",
        "coordinates": [
          106.7973183,
          -6.190315
        ]
      },
      "properties": {
        "periode_data": "2024",
        "wilayah": "KOTA ADM. JAKARTA BARAT",
        "no_registrasi": "HLT202400802",
        "jenis_halte": "TRANSJAKARTA",
        "kode_barang": "133010118004",
        "lokasi_alamat": "NO KAV 78 JALAN LETJEN S PARMAN PALMERAH DAERAH KHUSUS IBUKOTA JAKARTA 11410 INDONESIA DAERAH KHUSUS IBUKOTA JAKARTA HALTE BUSWAY SLIPI KEMANGGISAN",
        "lintang": "-6.190315",
        "bujur": "106.7973183"
      }
    },
    {
      "type": "Feature",
      "geometry": {
        "type": "Point",
        "coordinates": [
          106.7419502,
          -6.128658
        ]
      },
      "properties": {
        "periode_data": "2024",
        "wilayah": "KOTA ADM. JAKARTA UTARA",
        "no_registrasi": "HLT202400803",
        "jenis_halte": "REGULER",
        "kode_barang": "133010118004",
        "lokasi_alamat": "JL. KAPUK RAYA 9 30 RT 6 RW 11 KAMAL MUARA KEC PENJARINGAN KOTA JKT UTARA DAERAH KHUSUS IBUKOTA JAKARTA 11720 DEPAN RUMAH SENG",
        "lintang": "-6.128658",
        "bujur": "106.7419502"
      }
    },
    {
      "type": "Feature",
      "geometry": {
        "type": "Point",
        "coordinates": [
          106.797089,
          -6.1847834
        ]
      },
      "properties": {
        "periode_data": "2024",
        "wilayah": "KOTA ADM. JAKARTA BARAT",
        "no_registrasi": "HLT202400804",
        "jenis_halte": "TRANSJAKARTA",
        "kode_barang": "133010135001",
        "lokasi_alamat": "JL. LETJEND S PARMAN KOTA BAMBU UTARA KEC PALMERAH KOTA KOTA ADM. JAKARTA BARAT DAERAH KHUSUS IBUKOTA JAKARTA HALTE BUSWAY RS HARAPAN KITA",
        "lintang": "-6.1847834",
        "bujur": "106.797089"
      }
    },
    {
      "type": "Feature",
      "geometry": {
        "type": "Point",
        "coordinates": [
          106.7921909,
          -6.1757375
        ]
      },
      "properties": {
        "periode_data": "2024",
        "wilayah": "KOTA ADM. JAKARTA BARAT",
        "no_registrasi": "HLT202400805",
        "jenis_halte": "TRANSJAKARTA",
        "kode_barang": "133010135001",
        "lokasi_alamat": "JL. LETJEND S PARMAN RT 12 RW 1 TOMANG KEC GROGOL PETAMBURAN KOTA KOTA ADM. JAKARTA BARAT DAERAH KHUSUS IBUKOTA JAKARTA 11470 HALTE BUSWAY S PARMAN PODOMORO CITY",
        "lintang": "-6.1757375",
        "bujur": "106.7921909"
      }
    },
    {
      "type": "Feature",
      "geometry": {
        "type": "Point",
        "coordinates": [
          106.7374905,
          -6.1260451
        ]
      },
      "properties": {
        "periode_data": "2024",
        "wilayah": "KOTA ADM. JAKARTA UTARA",
        "no_registrasi": "HLT202400806",
        "jenis_halte": "REGULER",
        "kode_barang": "133010135001",
        "lokasi_alamat": "JL. KAPUK KAYU BESAR 81 208 RT 3 RW 3 KAMAL MUARA KEC PENJARINGAN KOTA JKT UTARA DAERAH KHUSUS IBUKOTA JAKARTA 11730 SEBRANG WARTEG",
        "lintang": "-6.1260451",
        "bujur": "106.7374905"
      }
    },
    {
      "type": "Feature",
      "geometry": {
        "type": "Point",
        "coordinates": [
          106.8664854,
          -6.2624633
        ]
      },
      "properties": {
        "periode_data": "2024",
        "wilayah": "KOTA ADM. JAKARTA TIMUR",
        "no_registrasi": "HLT202400807",
        "jenis_halte": "TRANSJAKARTA",
        "kode_barang": "133010135001",
        "lokasi_alamat": "JL. MAYJEND SUTOYO CILILITAN KEC KRAMAT JATI KOTA KOTA ADM. JAKARTA TIMUR DAERAH KHUSUS IBUKOTA JAKARTA 13510 HALTE BUSWAY PGC1",
        "lintang": "-6.2624633",
        "bujur": "106.8664854"
      }
    },
    {
      "type": "Feature",
      "geometry": {
        "type": "Point",
        "coordinates": [
          106.7347662,
          -6.1239471
        ]
      },
      "properties": {
        "periode_data": "2024",
        "wilayah": "KOTA ADM. JAKARTA UTARA",
        "no_registrasi": "HLT202400808",
        "jenis_halte": "REGULER",
        "kode_barang": "133010135001",
        "lokasi_alamat": "JL. KAPUK KAYU BESAR 44 RT 3 RW 3 KAMAL MUARA KEC PENJARINGAN KOTA JKT UTARA DAERAH KHUSUS IBUKOTA JAKARTA 11730 SAMPING GEDUNG BIRU",
        "lintang": "-6.1239471",
        "bujur": "106.7347662"
      }
    },
    {
      "type": "Feature",
      "geometry": {
        "type": "Point",
        "coordinates": [
          106.8227817,
          -6.1855835
        ]
      },
      "properties": {
        "periode_data": "2024",
        "wilayah": "KOTA ADM. JAKARTA PUSAT",
        "no_registrasi": "HLT202400809",
        "jenis_halte": "REGULER",
        "kode_barang": "133010118004",
        "lokasi_alamat": "JL. MH THAMRIN HALTE TERPADU",
        "lintang": "-6.1855835",
        "bujur": "106.8227817"
      }
    },
    {
      "type": "Feature",
      "geometry": {
        "type": "Point",
        "coordinates": [
          106.8680686,
          -6.3019775
        ]
      },
      "properties": {
        "periode_data": "2024",
        "wilayah": "KOTA ADM. JAKARTA TIMUR",
        "no_registrasi": "HLT202400810",
        "jenis_halte": "TRANSJAKARTA",
        "kode_barang": "133010118004",
        "lokasi_alamat": "JALAN RAYA BOGOR RAMBUTAN CIRACAS KOTA KOTA ADM. JAKARTA TIMUR 13830 HALTE BUSWAY HARAPAN BUNDA",
        "lintang": "-6.3019775",
        "bujur": "106.8680686"
      }
    },
    {
      "type": "Feature",
      "geometry": {
        "type": "Point",
        "coordinates": [
          106.8108115,
          -6.2167012
        ]
      },
      "properties": {
        "periode_data": "2024",
        "wilayah": "KOTA ADM. JAKARTA BARAT",
        "no_registrasi": "HLT202400811",
        "jenis_halte": "REGULER",
        "kode_barang": "133010118004",
        "lokasi_alamat": "JL. GATOT SUBROTO RT 12 RW 2 BEND HILIR TANAHABANG KOTA KOTA ADM. JAKARTA PUSAT DAERAH KHUSUS IBUKOTA JAKARTA 10210 SAMPING BALIHO",
        "lintang": "-6.2167012",
        "bujur": "106.8108115"
      }
    },
    {
      "type": "Feature",
      "geometry": {
        "type": "Point",
        "coordinates": [
          106.8721727,
          -6.2942432
        ]
      },
      "properties": {
        "periode_data": "2024",
        "wilayah": "KOTA ADM. JAKARTA TIMUR",
        "no_registrasi": "HLT202400812",
        "jenis_halte": "TRANSJAKARTA",
        "kode_barang": "133010118004",
        "lokasi_alamat": "JL. RAYA BOGOR RW 7 RAMBUTAN KEC CIRACAS KOTA KOTA ADM. JAKARTA TIMUR DAERAH KHUSUS IBUKOTA JAKARTA 13540 HALTE BUSWAY PASAR INDUK",
        "lintang": "-6.2942432",
        "bujur": "106.8721727"
      }
    },
    {
      "type": "Feature",
      "geometry": {
        "type": "Point",
        "coordinates": [
          106.8666746,
          -6.2687058
        ]
      },
      "properties": {
        "periode_data": "2024",
        "wilayah": "KOTA ADM. JAKARTA PUSAT",
        "no_registrasi": "HLT202400813",
        "jenis_halte": "TRANSJAKARTA",
        "kode_barang": "133010118004",
        "lokasi_alamat": "JL. RAYA BOGOR RW 7 RAMBUTAN KEC CIRACAS KOTA KOTA ADM. JAKARTA TIMUR DAERAH KHUSUS IBUKOTA JAKARTA 13540 HALTE BUSWAY PASAR KRAMAT JATI",
        "lintang": "-6.2687058",
        "bujur": "106.8666746"
      }
    },
    {
      "type": "Feature",
      "geometry": {
        "type": "Point",
        "coordinates": [
          106.8228385,
          -6.1878207
        ]
      },
      "properties": {
        "periode_data": "2024",
        "wilayah": "KOTA ADM. JAKARTA PUSAT",
        "no_registrasi": "HLT202400814",
        "jenis_halte": "REGULER",
        "kode_barang": "133010135001",
        "lokasi_alamat": "JL. M H THAMRIN 11 RT 8 RW 4 GONDANGDIA KEC MENTENG KOTA KOTA ADM. JAKARTA PUSAT DAERAH KHUSUS IBUKOTA JAKARTA 10350 DEPAN KFC SARINAH",
        "lintang": "-6.1878207",
        "bujur": "106.8228385"
      }
    },
    {
      "type": "Feature",
      "geometry": {
        "type": "Point",
        "coordinates": [
          106.793895,
          -6.1453717
        ]
      },
      "properties": {
        "periode_data": "2024",
        "wilayah": "KOTA ADM. JAKARTA SELATAN",
        "no_registrasi": "HLT202400710",
        "jenis_halte": "REGULER",
        "kode_barang": "133010135001",
        "lokasi_alamat": "JL. PROF DR LATUMENTEN RT 2 RW 1 JEMB BESI KEC TAMBORA KOTA KOTA ADM. JAKARTA BARAT DAERAH KHUSUS IBUKOTA JAKARTA DEKAT JPO SEBRANG KODAK",
        "lintang": "-6.1453717",
        "bujur": "106.793895"
      }
    },
    {
      "type": "Feature",
      "geometry": {
        "type": "Point",
        "coordinates": [
          106.7832167,
          -6.2213933
        ]
      },
      "properties": {
        "periode_data": "2024",
        "wilayah": "KOTA ADM. JAKARTA SELATAN",
        "no_registrasi": "HLT202400711",
        "jenis_halte": "TRANSJAKARTA",
        "kode_barang": "133010118004",
        "lokasi_alamat": "JL. ARTERI PERMATA HIJAU RT 4 RW 2 GROGOL UTARA KEC KBY LAMA KOTA KOTA ADM. JAKARTA SELATAN DAERAH KHUSUS IBUKOTA JAKARTA 12210 HALTE BUSWAY PERMATA HIJAU",
        "lintang": "-6.2213933",
        "bujur": "106.7832167"
      }
    },
    {
      "type": "Feature",
      "geometry": {
        "type": "Point",
        "coordinates": [
          106.7774308,
          -6.2184317
        ]
      },
      "properties": {
        "periode_data": "2024",
        "wilayah": "KOTA ADM. JAKARTA BARAT",
        "no_registrasi": "HLT202400712",
        "jenis_halte": "TRANSJAKARTA",
        "kode_barang": "133010118004",
        "lokasi_alamat": "JL. ARTERI PERMATA HIJAU RT 7 RW 8 SUKABUMI SEL KEC KB JERUK KOTA KOTA ADM. JAKARTA BARAT DAERAH KHUSUS IBUKOTA JAKARTA 11560 HALTE BUSWAY PERMATA HIJAU RS MEDIKA",
        "lintang": "-6.2184317",
        "bujur": "106.7774308"
      }
    },
    {
      "type": "Feature",
      "geometry": {
        "type": "Point",
        "coordinates": [
          106.7874933,
          -6.1436762
        ]
      },
      "properties": {
        "periode_data": "2024",
        "wilayah": "KOTA ADM. JAKARTA SELATAN",
        "no_registrasi": "HLT202400713",
        "jenis_halte": "TRANSJAKARTA",
        "kode_barang": "133010118004",
        "lokasi_alamat": "JL. PANGERAN TUBAGUS ANGKE 8 RT 13 RW 7 JELAMBAR BARU KEC GROGOL PETAMBURAN KOTA KOTA ADM. JAKARTA BARAT DAERAH KHUSUS IBUKOTA JAKARTA 14450 DEPAN BNI",
        "lintang": "-6.1436762",
        "bujur": "106.7874933"
      }
    },
    {
      "type": "Feature",
      "geometry": {
        "type": "Point",
        "coordinates": [
          106.8320887,
          -6.1846241
        ]
      },
      "properties": {
        "periode_data": "2024",
        "wilayah": "KOTA ADM. JAKARTA PUSAT",
        "no_registrasi": "HLT202400714",
        "jenis_halte": "REGULER",
        "kode_barang": "133010135001",
        "lokasi_alamat": "SRIKAYA KEBON SIRIH MENTENG KOTA ADM. JAKARTA PUSAT",
        "lintang": "-6.1846241",
        "bujur": "106.8320887"
      }
    },
    {
      "type": "Feature",
      "geometry": {
        "type": "Point",
        "coordinates": [
          106.8326689,
          -6.1850765
        ]
      },
      "properties": {
        "periode_data": "2024",
        "wilayah": "KOTA ADM. JAKARTA PUSAT",
        "no_registrasi": "HLT202400715",
        "jenis_halte": "REGULER",
        "kode_barang": "133010135001",
        "lokasi_alamat": "SRIKAYA KEBON SIRIH MENTENG KOTA ADM. JAKARTA PUSAT",
        "lintang": "-6.1850765",
        "bujur": "106.8326689"
      }
    },
    {
      "type": "Feature",
      "geometry": {
        "type": "Point",
        "coordinates": [
          106.8319658,
          -6.1851517
        ]
      },
      "properties": {
        "periode_data": "2024",
        "wilayah": "KOTA ADM. JAKARTA PUSAT",
        "no_registrasi": "HLT202400716",
        "jenis_halte": "REGULER",
        "kode_barang": "133010118004",
        "lokasi_alamat": "SRIKAYA KEBON SIRIH MENTENG KOTA ADM. JAKARTA PUSAT",
        "lintang": "-6.1851517",
        "bujur": "106.8319658"
      }
    },
    {
      "type": "Feature",
      "geometry": {
        "type": "Point",
        "coordinates": [
          106.8330073,
          -6.1871437
        ]
      },
      "properties": {
        "periode_data": "2024",
        "wilayah": "KOTA ADM. JAKARTA PUSAT",
        "no_registrasi": "HLT202400717",
        "jenis_halte": "REGULER",
        "kode_barang": "133010118004",
        "lokasi_alamat": "SRIKAYA KEBON SIRIH MENTENG KOTA ADM. JAKARTA PUSAT",
        "lintang": "-6.1871437",
        "bujur": "106.8330073"
      }
    },
    {
      "type": "Feature",
      "geometry": {
        "type": "Point",
        "coordinates": [
          106.8326689,
          -6.1850765
        ]
      },
      "properties": {
        "periode_data": "2024",
        "wilayah": "KOTA ADM. JAKARTA PUSAT",
        "no_registrasi": "HLT202400718",
        "jenis_halte": "REGULER",
        "kode_barang": "133010135001",
        "lokasi_alamat": "SRIKAYA 2 KEBON SIRIH MENTENG KOTA ADM. JAKARTA PUSAT",
        "lintang": "-6.1850765",
        "bujur": "106.8326689"
      }
    },
    {
      "type": "Feature",
      "geometry": {
        "type": "Point",
        "coordinates": [
          106.8320887,
          -6.1846241
        ]
      },
      "properties": {
        "periode_data": "2024",
        "wilayah": "KOTA ADM. JAKARTA PUSAT",
        "no_registrasi": "HLT202400719",
        "jenis_halte": "REGULER",
        "kode_barang": "133010135001",
        "lokasi_alamat": "SRIKAYA KEBON SIRIH MENTENG KOTA ADM. JAKARTA PUSAT",
        "lintang": "-6.1846241",
        "bujur": "106.8320887"
      }
    },
    {
      "type": "Feature",
      "geometry": {
        "type": "Point",
        "coordinates": [
          106.8580027,
          -6.2257685
        ]
      },
      "properties": {
        "periode_data": "2024",
        "wilayah": "KOTA ADM. JAKARTA SELATAN",
        "no_registrasi": "HLT202400720",
        "jenis_halte": "REGULER",
        "kode_barang": "133010135001",
        "lokasi_alamat": "JALAN TEBET RAYA TBUKIT DURI DAN TEBET TIMUR TTEBET TKOTA ADM. JAKARTA SELATAN",
        "lintang": "-6.2257685",
        "bujur": "106.8580027"
      }
    },
    {
      "type": "Feature",
      "geometry": {
        "type": "Point",
        "coordinates": [
          106.8931112,
          -6.1142824
        ]
      },
      "properties": {
        "periode_data": "2024",
        "wilayah": "KOTA ADM. JAKARTA UTARA",
        "no_registrasi": "HLT202400721",
        "jenis_halte": "REGULER",
        "kode_barang": "133010118004",
        "lokasi_alamat": "JL. YOS SUDARSO 750 3 RT 4 RW 12 RAWABADAK UTARA KEC KOJA KOTA JKT UTARA DAERAH KHUSUS IBUKOTA JAKARTA 14320 HALTE BUSWAY PERMAI KOJA",
        "lintang": "-6.1142824",
        "bujur": "106.8931112"
      }
    },
    {
      "type": "Feature",
      "geometry": {
        "type": "Point",
        "coordinates": [
          106.7274681,
          -6.1638367
        ]
      },
      "properties": {
        "periode_data": "2024",
        "wilayah": "KOTA ADM. JAKARTA PUSAT",
        "no_registrasi": "HLT202400722",
        "jenis_halte": "REGULER",
        "kode_barang": "133010118004",
        "lokasi_alamat": "JL. LKR LUAR BARAT RW 3 RW BUAYA KECAMATAN CENGKARENG KOTA KOTA ADM. JAKARTA BARAT DAERAH KHUSUS IBUKOTA JAKARTA 11740 SAMPING TOKO BAN",
        "lintang": "-6.1638367",
        "bujur": "106.7274681"
      }
    },
    {
      "type": "Feature",
      "geometry": {
        "type": "Point",
        "coordinates": [
          106.8915847,
          -6.2563902
        ]
      },
      "properties": {
        "periode_data": "2024",
        "wilayah": "KOTA ADM. JAKARTA TIMUR",
        "no_registrasi": "HLT202400723",
        "jenis_halte": "REGULER",
        "kode_barang": "133010118004",
        "lokasi_alamat": "JL. RAJAWALI DEPAN RS ANGKATAN UDARA KEC MAKASAR",
        "lintang": "-6.2563902",
        "bujur": "106.8915847"
      }
    },
    {
      "type": "Feature",
      "geometry": {
        "type": "Point",
        "coordinates": [
          106.7739864,
          -6.2158513
        ]
      },
      "properties": {
        "periode_data": "2024",
        "wilayah": "KOTA ADM. JAKARTA BARAT",
        "no_registrasi": "HLT202400724",
        "jenis_halte": "REGULER",
        "kode_barang": "133010118004",
        "lokasi_alamat": "JL. PANJANG ARTERI KLP DUA RAYA NO 69 SUKABUMI UTARA KEC KB JERUK KOTA KOTA ADM. JAKARTA BARAT DAERAH KHUSUS IBUKOTA JAKARTA 11550 HALTE BUSWAY POS PENGUMBEN",
        "lintang": "-6.2158513",
        "bujur": "106.7739864"
      }
    },
    {
      "type": "Feature",
      "geometry": {
        "type": "Point",
        "coordinates": [
          106.7779074,
          -6.1443715
        ]
      },
      "properties": {
        "periode_data": "2024",
        "wilayah": "KOTA ADM. JAKARTA SELATAN",
        "no_registrasi": "HLT202400725",
        "jenis_halte": "REGULER",
        "kode_barang": "133010135001",
        "lokasi_alamat": "JL. PANGERAN TUBAGUS ANGKE WIJAYA KUSUMA KEC GROGOL PETAMBURAN KOTA KOTA ADM. JAKARTA BARAT DAERAH KHUSUS IBUKOTA JAKARTA 14450 DEPAN BRI",
        "lintang": "-6.1443715",
        "bujur": "106.7779074"
      }
    },
    {
      "type": "Feature",
      "geometry": {
        "type": "Point",
        "coordinates": [
          106.8579558,
          -6.2253064
        ]
      },
      "properties": {
        "periode_data": "2024",
        "wilayah": "KOTA ADM. JAKARTA SELATAN",
        "no_registrasi": "HLT202400726",
        "jenis_halte": "REGULER",
        "kode_barang": "133010118004",
        "lokasi_alamat": "JALAN TEBET RAYA TBUKIT DURI DAN TEBET TIMUR TTEBET TKOTA ADM. JAKARTA SELATAN",
        "lintang": "-6.2253064",
        "bujur": "106.8579558"
      }
    },
    {
      "type": "Feature",
      "geometry": {
        "type": "Point",
        "coordinates": [
          106.8592254,
          -6.2252082
        ]
      },
      "properties": {
        "periode_data": "2024",
        "wilayah": "KOTA ADM. JAKARTA SELATAN",
        "no_registrasi": "HLT202400727",
        "jenis_halte": "REGULER",
        "kode_barang": "133010118004",
        "lokasi_alamat": "JALAN TEBET RAYA TBUKIT DURI DAN TEBET TIMUR TTEBET TKOTA ADM. JAKARTA SELATAN",
        "lintang": "-6.2252082",
        "bujur": "106.8592254"
      }
    },
    {
      "type": "Feature",
      "geometry": {
        "type": "Point",
        "coordinates": [
          106.85881,
          -6.2257567
        ]
      },
      "properties": {
        "periode_data": "2024",
        "wilayah": "KOTA ADM. JAKARTA SELATAN",
        "no_registrasi": "HLT202400728",
        "jenis_halte": "REGULER",
        "kode_barang": "133010135001",
        "lokasi_alamat": "JALAN TEBET RAYA TBUKIT DURI DAN TEBET TIMUR TTEBET TKOTA ADM. JAKARTA SELATAN",
        "lintang": "-6.2257567",
        "bujur": "106.85881"
      }
    },
    {
      "type": "Feature",
      "geometry": {
        "type": "Point",
        "coordinates": [
          106.8588837,
          -6.2256817
        ]
      },
      "properties": {
        "periode_data": "2024",
        "wilayah": "KOTA ADM. JAKARTA SELATAN",
        "no_registrasi": "HLT202400729",
        "jenis_halte": "REGULER",
        "kode_barang": "133010135001",
        "lokasi_alamat": "JALAN TEBET RAYA TBUKIT DURI DAN TEBET TIMUR TTEBET TKOTA ADM. JAKARTA SELATAN",
        "lintang": "-6.2256817",
        "bujur": "106.8588837"
      }
    },
    {
      "type": "Feature",
      "geometry": {
        "type": "Point",
        "coordinates": [
          106.841265,
          -6.2249913
        ]
      },
      "properties": {
        "periode_data": "2024",
        "wilayah": "KOTA ADM. JAKARTA SELATAN",
        "no_registrasi": "HLT202400730",
        "jenis_halte": "REGULER",
        "kode_barang": "133010118004",
        "lokasi_alamat": "JALAN CASSABLANCA KOTA ADM. JAKARTA SELATAN",
        "lintang": "-6.2249913",
        "bujur": "106.841265"
      }
    },
    {
      "type": "Feature",
      "geometry": {
        "type": "Point",
        "coordinates": [
          106.8412527,
          -6.2250352
        ]
      },
      "properties": {
        "periode_data": "2024",
        "wilayah": "KOTA ADM. JAKARTA SELATAN",
        "no_registrasi": "HLT202400731",
        "jenis_halte": "REGULER",
        "kode_barang": "133010118004",
        "lokasi_alamat": "JALAN CASSABLANCA KOTA ADM. JAKARTA SELATAN",
        "lintang": "-6.2250352",
        "bujur": "106.8412527"
      }
    },
    {
      "type": "Feature",
      "geometry": {
        "type": "Point",
        "coordinates": [
          106.7695708,
          -6.2056258
        ]
      },
      "properties": {
        "periode_data": "2024",
        "wilayah": "KOTA ADM. JAKARTA BARAT",
        "no_registrasi": "HLT202400732",
        "jenis_halte": "TRANSJAKARTA",
        "kode_barang": "133010118004",
        "lokasi_alamat": "JL. RAYA KELAPA DUA RT 2 RW 2 KLP DUA KEC KB JERUK KOTA KOTA ADM. JAKARTA BARAT DAERAH KHUSUS IBUKOTA JAKARTA 11550 HALTE BUSWAY KELAPA DUA SASAK",
        "lintang": "-6.2056258",
        "bujur": "106.7695708"
      }
    },
    {
      "type": "Feature",
      "geometry": {
        "type": "Point",
        "coordinates": [
          106.7853779,
          -6.1437986
        ]
      },
      "properties": {
        "periode_data": "2024",
        "wilayah": "KOTA ADM. JAKARTA SELATAN",
        "no_registrasi": "HLT202400733",
        "jenis_halte": "REGULER",
        "kode_barang": "133010118004",
        "lokasi_alamat": "JL. PANGERAN TUBAGUS ANGKE RT 14 RW 11 JELAMBAR BARU KEC GROGOL PETAMBURAN KOTA KOTA ADM. JAKARTA BARAT DAERAH KHUSUS IBUKOTA JAKARTA 14450 BAWAH JPO DEPAN GEREJA BALA KESELAMATAN",
        "lintang": "-6.1437986",
        "bujur": "106.7853779"
      }
    },
    {
      "type": "Feature",
      "geometry": {
        "type": "Point",
        "coordinates": [
          106.7687955,
          -6.1943347
        ]
      },
      "properties": {
        "periode_data": "2024",
        "wilayah": "KOTA ADM. JAKARTA BARAT",
        "no_registrasi": "HLT202400734",
        "jenis_halte": "TRANSJAKARTA",
        "kode_barang": "133010135001",
        "lokasi_alamat": "JL. PANJANG NO 8 KB JERUK KEC KB JERUK KOTA KOTA ADM. JAKARTA BARAT DAERAH KHUSUS IBUKOTA JAKARTA 11530 HALTE BUSWAY KEBON JERUK",
        "lintang": "-6.1943347",
        "bujur": "106.7687955"
      }
    },
    {
      "type": "Feature",
      "geometry": {
        "type": "Point",
        "coordinates": [
          106.7814629,
          -6.144174
        ]
      },
      "properties": {
        "periode_data": "2024",
        "wilayah": "KOTA ADM. JAKARTA SELATAN",
        "no_registrasi": "HLT202400735",
        "jenis_halte": "REGULER",
        "kode_barang": "133010135001",
        "lokasi_alamat": "JL. PANGERAN TUBAGUS ANGKE RT 1 RW 6 JELAMBAR BARU KEC GROGOL PETAMBURAN KOTA KOTA ADM. JAKARTA BARAT DAERAH KHUSUS IBUKOTA JAKARTA 14450 SAMPING JEMBATAN TAMAN PERMATA INDAH",
        "lintang": "-6.144174",
        "bujur": "106.7814629"
      }
    },
    {
      "type": "Feature",
      "geometry": {
        "type": "Point",
        "coordinates": [
          106.8673862,
          -6.232052
        ]
      },
      "properties": {
        "periode_data": "2024",
        "wilayah": "KOTA ADM. JAKARTA TIMUR",
        "no_registrasi": "HLT202400768",
        "jenis_halte": "REGULER",
        "kode_barang": "133010118004",
        "lokasi_alamat": "BIDARACINA JATINEGARA JL. OTTO ISKANDARDINATA NO 59 A RT 1 RW 4 KP MELAYU KECAMATAN JATINEGARA KOTA KOTA ADM. JAKARTA TIMUR DAERAH KHUSUS IBUKOTA JAKARTA 13340 HALTE BPS",
        "lintang": "-6.232052",
        "bujur": "106.8673862"
      }
    },
    {
      "type": "Feature",
      "geometry": {
        "type": "Point",
        "coordinates": [
          106.7928633,
          -6.133305
        ]
      },
      "properties": {
        "periode_data": "2024",
        "wilayah": "KOTA ADM. JAKARTA UTARA",
        "no_registrasi": "HLT202400769",
        "jenis_halte": "TRANSJAKARTA",
        "kode_barang": "133010135001",
        "lokasi_alamat": "JL. JEMBATAN TIGA RAYA RT 2 RW 16 PENJARINGAN KEC PENJARINGAN KOTA JKT UTARA DAERAH KHUSUS IBUKOTA JAKARTA 14450 HALTE BUSWAY JEMBATAN TIGA",
        "lintang": "-6.133305",
        "bujur": "106.7928633"
      }
    },
    {
      "type": "Feature",
      "geometry": {
        "type": "Point",
        "coordinates": [
          106.8679905,
          -6.2350398
        ]
      },
      "properties": {
        "periode_data": "2024",
        "wilayah": "KOTA ADM. JAKARTA BARAT",
        "no_registrasi": "HLT202400770",
        "jenis_halte": "REGULER",
        "kode_barang": "133010135001",
        "lokasi_alamat": "JL. OTISTA RAYA RW 5 KP MELAYU KECAMATAN JATINEGARA KOTA KOTA ADM. JAKARTA TIMUR DAERAH KHUSUS IBUKOTA JAKARTA 13330 HALTE BRI",
        "lintang": "-6.2350398",
        "bujur": "106.8679905"
      }
    },
    {
      "type": "Feature",
      "geometry": {
        "type": "Point",
        "coordinates": [
          106.7910331,
          -6.115686
        ]
      },
      "properties": {
        "periode_data": "2024",
        "wilayah": "KOTA ADM. JAKARTA UTARA",
        "no_registrasi": "HLT202400771",
        "jenis_halte": "TRANSJAKARTA",
        "kode_barang": "133010118004",
        "lokasi_alamat": "JL. PLUIT PERMAI RT 15 RW 4 PLUIT KEC PENJARINGAN KOTA JKT UTARA DAERAH KHUSUS IBUKOTA JAKARTA 14450 HALTE BUSWAY PLUIT",
        "lintang": "-6.115686",
        "bujur": "106.7910331"
      }
    },
    {
      "type": "Feature",
      "geometry": {
        "type": "Point",
        "coordinates": [
          106.8670932,
          -6.2265933
        ]
      },
      "properties": {
        "periode_data": "2024",
        "wilayah": "KOTA ADM. JAKARTA PUSAT",
        "no_registrasi": "HLT202400772",
        "jenis_halte": "REGULER",
        "kode_barang": "133010118004",
        "lokasi_alamat": "JL. OTISTA RAYA RW 13 KP MELAYU KECAMATAN JATINEGARA KOTA KOTA ADM. JAKARTA TIMUR DAERAH KHUSUS IBUKOTA JAKARTA 13330 SEBRANG BRIDESTONE",
        "lintang": "-6.2265933",
        "bujur": "106.8670932"
      }
    },
    {
      "type": "Feature",
      "geometry": {
        "type": "Point",
        "coordinates": [
          106.8822867,
          -6.109465
        ]
      },
      "properties": {
        "periode_data": "2024",
        "wilayah": "KOTA ADM. JAKARTA UTARA",
        "no_registrasi": "HLT202400773",
        "jenis_halte": "TRANSJAKARTA",
        "kode_barang": "133010118004",
        "lokasi_alamat": "STASIUN TJ PRIOK KOTA JKT UTARA DAERAH KHUSUS IBUKOTA JAKARTA 14310 HALTE BUSWAY TERMINAL TANJUNG PRIUK",
        "lintang": "-6.109465",
        "bujur": "106.8822867"
      }
    },
    {
      "type": "Feature",
      "geometry": {
        "type": "Point",
        "coordinates": [
          106.7917118,
          -6.1262928
        ]
      },
      "properties": {
        "periode_data": "2024",
        "wilayah": "KOTA ADM. JAKARTA UTARA",
        "no_registrasi": "HLT202400774",
        "jenis_halte": "TRANSJAKARTA",
        "kode_barang": "133010118004",
        "lokasi_alamat": "JL. PLUIT PUTRA NO 1 RT 17 RW 6 PLUIT KEC PENJARINGAN KOTA JKT UTARA DAERAH KHUSUS IBUKOTA JAKARTA 14450 HALTE BUSWAY PENJARINGAN",
        "lintang": "-6.1262928",
        "bujur": "106.7917118"
      }
    },
    {
      "type": "Feature",
      "geometry": {
        "type": "Point",
        "coordinates": [
          106.8686315,
          -6.2376767
        ]
      },
      "properties": {
        "periode_data": "2024",
        "wilayah": "KOTA ADM. JAKARTA PUSAT",
        "no_registrasi": "HLT202400775",
        "jenis_halte": "REGULER",
        "kode_barang": "133010118004",
        "lokasi_alamat": "JL. OTISTA RAYA 80 RT 2 RW 5 KP MELAYU KECAMATAN JATINEGARA KOTA KOTA ADM. JAKARTA TIMUR DAERAH KHUSUS IBUKOTA JAKARTA 13330 HALTE ASRAMA UI",
        "lintang": "-6.2376767",
        "bujur": "106.8686315"
      }
    },
    {
      "type": "Feature",
      "geometry": {
        "type": "Point",
        "coordinates": [
          106.8635098,
          -6.2429461
        ]
      },
      "properties": {
        "periode_data": "2024",
        "wilayah": "KOTA ADM. JAKARTA TIMUR",
        "no_registrasi": "HLT202400776",
        "jenis_halte": "TRANSJAKARTA",
        "kode_barang": "133010118004",
        "lokasi_alamat": "KP MELAYU RW 6 CAWANG KEC KRAMAT JATI KOTA KOTA ADM. JAKARTA TIMUR DAERAH KHUSUS IBUKOTA JAKARTA 13630 HALTE BUSWAY CAWANG CILIWUNG",
        "lintang": "-6.2429461",
        "bujur": "106.8635098"
      }
    },
    {
      "type": "Feature",
      "geometry": {
        "type": "Point",
        "coordinates": [
          106.8779006,
          -6.2391173
        ]
      },
      "properties": {
        "periode_data": "2024",
        "wilayah": "KOTA ADM. JAKARTA PUSAT",
        "no_registrasi": "HLT202400777",
        "jenis_halte": "REGULER",
        "kode_barang": "133010118004",
        "lokasi_alamat": "JL. DI PANJAITAN TIMUR JAKARTA RT 12 RW 1 SELATAN CIPINANG BESAR JATINEGARA TIMUR JAKARTA CITY JAKARTA 13410 HALTE SEKOLAHAN",
        "lintang": "-6.2391173",
        "bujur": "106.8779006"
      }
    },
    {
      "type": "Feature",
      "geometry": {
        "type": "Point",
        "coordinates": [
          106.8583233,
          -6.2429502
        ]
      },
      "properties": {
        "periode_data": "2024",
        "wilayah": "KOTA ADM. JAKARTA TIMUR",
        "no_registrasi": "HLT202400778",
        "jenis_halte": "TRANSJAKARTA",
        "kode_barang": "133010118004",
        "lokasi_alamat": "MT HARYONO RT 8 RW 9 TEBET TIM KEC TEBET KOTA KOTA ADM. JAKARTA SELATAN DAERAH KHUSUS IBUKOTA JAKARTA 12820 HALTE BUSWAY CIKOKO STASIUN CAWANG",
        "lintang": "-6.2429502",
        "bujur": "106.8583233"
      }
    },
    {
      "type": "Feature",
      "geometry": {
        "type": "Point",
        "coordinates": [
          106.8097182,
          -6.2145825
        ]
      },
      "properties": {
        "periode_data": "2024",
        "wilayah": "KOTA ADM. JAKARTA TIMUR",
        "no_registrasi": "HLT202400779",
        "jenis_halte": "REGULER",
        "kode_barang": "133010118004",
        "lokasi_alamat": "JL. GATOT SUBROTO RT 9 RW 2 BEND HILIR KECAMATAN TANAH ABANG KOTA KOTA ADM. JAKARTA PUSAT DAERAH KHUSUS IBUKOTA JAKARTA 10210 DEKAT PARK ROYALE",
        "lintang": "-6.2145825",
        "bujur": "106.8097182"
      }
    },
    {
      "type": "Feature",
      "geometry": {
        "type": "Point",
        "coordinates": [
          106.8584467,
          -6.2428573
        ]
      },
      "properties": {
        "periode_data": "2024",
        "wilayah": "KOTA ADM. JAKARTA SELATAN",
        "no_registrasi": "HLT202400780",
        "jenis_halte": "TRANSJAKARTA",
        "kode_barang": "133010118004",
        "lokasi_alamat": "JL. LETJEN MT HARYONO NO 4B RT 10 RW 2 CIKOKO KEC TEBET KOTA KOTA ADM. JAKARTA TIMUR DAERAH KHUSUS IBUKOTA JAKARTA 13630 HALTE BUSWAY TEBET BKPM",
        "lintang": "-6.2428573",
        "bujur": "106.8584467"
      }
    },
    {
      "type": "Feature",
      "geometry": {
        "type": "Point",
        "coordinates": [
          106.7920628,
          -6.1761934
        ]
      },
      "properties": {
        "periode_data": "2024",
        "wilayah": "KOTA ADM. JAKARTA BARAT",
        "no_registrasi": "HLT202400781",
        "jenis_halte": "REGULER",
        "kode_barang": "133010118004",
        "lokasi_alamat": "JL. LETJEN S PARMAN RT 12 RW 1 TOMANG KEC GROGOL PETAMBURAN KOTA KOTA ADM. JAKARTA BARAT DAERAH KHUSUS IBUKOTA JAKARTA 11440 DEPAN TRANSMART HALTE 2",
        "lintang": "-6.1761934",
        "bujur": "106.7920628"
      }
    },
    {
      "type": "Feature",
      "geometry": {
        "type": "Point",
        "coordinates": [
          106.8032898,
          -6.206361
        ]
      },
      "properties": {
        "periode_data": "2024",
        "wilayah": "KOTA ADM. JAKARTA BARAT",
        "no_registrasi": "HLT202400782",
        "jenis_halte": "REGULER",
        "kode_barang": "133010118004",
        "lokasi_alamat": "JL. GATOT SUBROTO GELORA TANAHABANG KOTA KOTA ADM. JAKARTA PUSAT DAERAH KHUSUS IBUKOTA JAKARTA SAMPING MPR DPR",
        "lintang": "-6.206361",
        "bujur": "106.8032898"
      }
    },
    {
      "type": "Feature",
      "geometry": {
        "type": "Point",
        "coordinates": [
          106.8439088,
          -6.2430067
        ]
      },
      "properties": {
        "periode_data": "2024",
        "wilayah": "KOTA ADM. JAKARTA SELATAN",
        "no_registrasi": "HLT202400783",
        "jenis_halte": "TRANSJAKARTA",
        "kode_barang": "133010118004",
        "lokasi_alamat": "JL. MT HARYONO RT 2 RW 2 TEBET BAR KEC TEBET KOTA KOTA ADM. JAKARTA SELATAN DAERAH KHUSUS IBUKOTA JAKARTA 12780 HALTE BUSWAY PANCORAN TUGU",
        "lintang": "-6.2430067",
        "bujur": "106.8439088"
      }
    },
    {
      "type": "Feature",
      "geometry": {
        "type": "Point",
        "coordinates": [
          106.8230487,
          -6.2335967
        ]
      },
      "properties": {
        "periode_data": "2024",
        "wilayah": "KOTA ADM. JAKARTA BARAT",
        "no_registrasi": "HLT202400784",
        "jenis_halte": "REGULER",
        "kode_barang": "133010118004",
        "lokasi_alamat": "JL. GATOT SUBROTO RT 5 RW 3 SENAYAN KEC KBY BARU KOTA KOTA ADM. JAKARTA SELATAN DAERAH KHUSUS IBUKOTA JAKARTA 12190 BAWAH JPO BUSWAY LIPI SISI BPJS",
        "lintang": "-6.2335967",
        "bujur": "106.8230487"
      }
    },
    {
      "type": "Feature",
      "geometry": {
        "type": "Point",
        "coordinates": [
          106.8094082,
          -6.2182117
        ]
      },
      "properties": {
        "periode_data": "2024",
        "wilayah": "KOTA ADM. JAKARTA BARAT",
        "no_registrasi": "HLT202400785",
        "jenis_halte": "REGULER",
        "kode_barang": "133010135001",
        "lokasi_alamat": "JL. GATOT SUBROTO RT 1 RW 3 GELORA KECAMATAN TANAH ABANG KOTA KOTA ADM. JAKARTA PUSAT DAERAH KHUSUS IBUKOTA JAKARTA 10270 DEKAT HOTEL SULTAN",
        "lintang": "-6.2182117",
        "bujur": "106.8094082"
      }
    },
    {
      "type": "Feature",
      "geometry": {
        "type": "Point",
        "coordinates": [
          106.8420789,
          -6.2250095
        ]
      },
      "properties": {
        "periode_data": "2024",
        "wilayah": "KOTA ADM. JAKARTA SELATAN",
        "no_registrasi": "HLT202400786",
        "jenis_halte": "TRANSJAKARTA",
        "kode_barang": "133010135001",
        "lokasi_alamat": "JL. JEND GATOT SUBROTO NO KAV 53 KUNINGAN TIM RT 1 RW 4 KUNINGAN TIM KECAMATAN SETIABUDI KOTA KOTA ADM. JAKARTA SELATAN DAERAH KHUSUS IBUKOTA JAKARTA 12950 HALTE BUSWAY TEGAL PARANG",
        "lintang": "-6.2250095",
        "bujur": "106.8420789"
      }
    },
    {
      "type": "Feature",
      "geometry": {
        "type": "Point",
        "coordinates": [
          106.7418733,
          -6.1286233
        ]
      },
      "properties": {
        "periode_data": "2024",
        "wilayah": "KOTA ADM. JAKARTA BARAT",
        "no_registrasi": "HLT202400787",
        "jenis_halte": "REGULER",
        "kode_barang": "133010118004",
        "lokasi_alamat": "JL. KAPUK RAYA 69 74 RT 3 RW 3 KAMAL MUARA KEC PENJARINGAN KOTA JKT UTARA DAERAH KHUSUS IBUKOTA JAKARTA 11720 DEPAN ALFAMIDI KAPUK RAYA",
        "lintang": "-6.1286233",
        "bujur": "106.7418733"
      }
    },
    {
      "type": "Feature",
      "geometry": {
        "type": "Point",
        "coordinates": [
          106.8278257,
          -6.2376441
        ]
      },
      "properties": {
        "periode_data": "2024",
        "wilayah": "KOTA ADM. JAKARTA SELATAN",
        "no_registrasi": "HLT202400788",
        "jenis_halte": "TRANSJAKARTA",
        "kode_barang": "133010135001",
        "lokasi_alamat": "AH2 RT 5 RW 4 KUNINGAN TIM KECAMATAN SETIABUDI KOTA KOTA ADM. JAKARTA SELATAN DAERAH KHUSUS IBUKOTA JAKARTA 12710 HALTE BUSWAY KUNINGAN BARAT",
        "lintang": "-6.2376441",
        "bujur": "106.8278257"
      }
    },
    {
      "type": "Feature",
      "geometry": {
        "type": "Point",
        "coordinates": [
          106.8446058,
          -6.1522449
        ]
      },
      "properties": {
        "periode_data": "2024",
        "wilayah": "KOTA ADM. JAKARTA SELATAN",
        "no_registrasi": "HLT202400789",
        "jenis_halte": "REGULER",
        "kode_barang": "133010118004",
        "lokasi_alamat": "JL. INDUSTRI RAYA RT 15 RW 1 GN SAHARI UTARA KECAMATAN SAWAH BESAR KOTA KOTA ADM. JAKARTA PUSAT DAERAH KHUSUS IBUKOTA JAKARTA HALTE INDUSTRI",
        "lintang": "-6.1522449",
        "bujur": "106.8446058"
      }
    },
    {
      "type": "Feature",
      "geometry": {
        "type": "Point",
        "coordinates": [
          106.7779074,
          -6.1443715
        ]
      },
      "properties": {
        "periode_data": "2024",
        "wilayah": "KOTA ADM. JAKARTA TIMUR",
        "no_registrasi": "HLT202400624",
        "jenis_halte": "TRANSJAKARTA",
        "kode_barang": "133010118004",
        "lokasi_alamat": "JL. I GUSTI NGURAH RAI RW 9 JATINEGARA KEC CAKUNG KOTA KOTA ADM. JAKARTA TIMUR DAERAH KHUSUS IBUKOTA JAKARTA 13470 HALTE BUSWAY BUARAN",
        "lintang": "-6.1443715",
        "bujur": "106.7779074"
      }
    },
    {
      "type": "Feature",
      "geometry": {
        "type": "Point",
        "coordinates": [
          106.8579558,
          -6.2253064
        ]
      },
      "properties": {
        "periode_data": "2024",
        "wilayah": "KOTA ADM. JAKARTA TIMUR",
        "no_registrasi": "HLT202400625",
        "jenis_halte": "TRANSJAKARTA",
        "kode_barang": "133010118004",
        "lokasi_alamat": "JL. I GUSTI NGURAH RAI RT 14 RW 17 KLENDER DUREN SAWIT KOTA KOTA ADM. JAKARTA TIMUR 13470 HALTE BUSWAY KAMPUNG SUMUR",
        "lintang": "-6.2253064",
        "bujur": "106.8579558"
      }
    },
    {
      "type": "Feature",
      "geometry": {
        "type": "Point",
        "coordinates": [
          106.8592254,
          -6.2252082
        ]
      },
      "properties": {
        "periode_data": "2024",
        "wilayah": "KOTA ADM. JAKARTA TIMUR",
        "no_registrasi": "HLT202400626",
        "jenis_halte": "REGULER",
        "kode_barang": "133010118004",
        "lokasi_alamat": "JL. KOL SUGIONO JPO SUGIONO",
        "lintang": "-6.2252082",
        "bujur": "106.8592254"
      }
    },
    {
      "type": "Feature",
      "geometry": {
        "type": "Point",
        "coordinates": [
          106.85881,
          -6.2257567
        ]
      },
      "properties": {
        "periode_data": "2024",
        "wilayah": "KOTA ADM. JAKARTA SELATAN",
        "no_registrasi": "HLT202400627",
        "jenis_halte": "REGULER",
        "kode_barang": "133010118004",
        "lokasi_alamat": "JL. MANGGARAI UTARA RW 1 TMANGGARAI TTEBET TKOTA ADM. JAKARTA SELATAN",
        "lintang": "-6.2257567",
        "bujur": "106.85881"
      }
    },
    {
      "type": "Feature",
      "geometry": {
        "type": "Point",
        "coordinates": [
          106.8588837,
          -6.2256817
        ]
      },
      "properties": {
        "periode_data": "2024",
        "wilayah": "KOTA ADM. JAKARTA TIMUR",
        "no_registrasi": "HLT202400628",
        "jenis_halte": "TRANSJAKARTA",
        "kode_barang": "133010118004",
        "lokasi_alamat": "JL. I GUSTI NGURAH RAI RT 2 RW 1 KLENDER KEC DUREN SAWIT KOTA KOTA ADM. JAKARTA TIMUR DAERAH KHUSUS IBUKOTA JAKARTA 13470 HALTE BUSWAY FLYOVER KLENDER",
        "lintang": "-6.2256817",
        "bujur": "106.8588837"
      }
    },
    {
      "type": "Feature",
      "geometry": {
        "type": "Point",
        "coordinates": [
          106.841265,
          -6.2249913
        ]
      },
      "properties": {
        "periode_data": "2024",
        "wilayah": "KOTA ADM. JAKARTA TIMUR",
        "no_registrasi": "HLT202400629",
        "jenis_halte": "REGULER",
        "kode_barang": "133010118004",
        "lokasi_alamat": "JL. PERINTIS KEMERDEKAAN JPO PEDONGKELAN DEKAT SMK BAHARIWAN",
        "lintang": "-6.2249913",
        "bujur": "106.841265"
      }
    },
    {
      "type": "Feature",
      "geometry": {
        "type": "Point",
        "coordinates": [
          106.8412527,
          -6.2250352
        ]
      },
      "properties": {
        "periode_data": "2024",
        "wilayah": "KOTA ADM. JAKARTA SELATAN",
        "no_registrasi": "HLT202400630",
        "jenis_halte": "REGULER",
        "kode_barang": "133010118004",
        "lokasi_alamat": "JL. MANGGARAI UTARA RW 1 TMANGGARAI TTEBET TKOTA ADM. JAKARTA SELATAN",
        "lintang": "-6.2250352",
        "bujur": "106.8412527"
      }
    },
    {
      "type": "Feature",
      "geometry": {
        "type": "Point",
        "coordinates": [
          106.7695708,
          -6.2056258
        ]
      },
      "properties": {
        "periode_data": "2024",
        "wilayah": "KOTA ADM. JAKARTA PUSAT",
        "no_registrasi": "HLT202400631",
        "jenis_halte": "REGULER",
        "kode_barang": "133010118004",
        "lokasi_alamat": "JALAN PALMERAH TIMUR TGLORA TTANAH ABANG TKOTA ADM. JAKARTA PUSAT",
        "lintang": "-6.2056258",
        "bujur": "106.7695708"
      }
    },
    {
      "type": "Feature",
      "geometry": {
        "type": "Point",
        "coordinates": [
          106.7853779,
          -6.1437986
        ]
      },
      "properties": {
        "periode_data": "2024",
        "wilayah": "KOTA ADM. JAKARTA UTARA",
        "no_registrasi": "HLT202400632",
        "jenis_halte": "TRANSJAKARTA",
        "kode_barang": "133010118004",
        "lokasi_alamat": "JL. DANAU SUNTER BARAT RW 10 SUNTER AGUNG TJ PRIOK KOTA JKT UTARA DAERAH KHUSUS IBUKOTA JAKARTA 14350 HALTE BUSWAY DANAU SUNTER",
        "lintang": "-6.1437986",
        "bujur": "106.7853779"
      }
    },
    {
      "type": "Feature",
      "geometry": {
        "type": "Point",
        "coordinates": [
          106.7687955,
          -6.1943347
        ]
      },
      "properties": {
        "periode_data": "2024",
        "wilayah": "KOTA ADM. JAKARTA PUSAT",
        "no_registrasi": "HLT202400633",
        "jenis_halte": "REGULER",
        "kode_barang": "133010118004",
        "lokasi_alamat": "JALAN PALMERAH TIMUR TGLORA TTANAH ABANG TKOTA ADM. JAKARTA PUSAT",
        "lintang": "-6.1943347",
        "bujur": "106.7687955"
      }
    },
    {
      "type": "Feature",
      "geometry": {
        "type": "Point",
        "coordinates": [
          106.7814629,
          -6.144174
        ]
      },
      "properties": {
        "periode_data": "2024",
        "wilayah": "KOTA ADM. JAKARTA UTARA",
        "no_registrasi": "HLT202400634",
        "jenis_halte": "TRANSJAKARTA",
        "kode_barang": "133010118004",
        "lokasi_alamat": "JL. DANAU SUNTER UTARA SUNTER AGUNG TJ PRIOK KOTA JKT UTARA DAERAH KHUSUS IBUKOTA JAKARTA HALTE BUSWAY SMP 140",
        "lintang": "-6.144174",
        "bujur": "106.7814629"
      }
    },
    {
      "type": "Feature",
      "geometry": {
        "type": "Point",
        "coordinates": [
          106.894027,
          -6.1285084
        ]
      },
      "properties": {
        "periode_data": "2024",
        "wilayah": "KOTA ADM. JAKARTA UTARA",
        "no_registrasi": "HLT202400635",
        "jenis_halte": "TRANSJAKARTA",
        "kode_barang": "133010118004",
        "lokasi_alamat": "LAKS 14 JL. YOS SUDARSO NO 160 KOJA TJ PRIOK KOTA JKT UTARA DAERAH KHUSUS IBUKOTA JAKARTA 14320 HALTE TAMAN KOTA PLUMPANG",
        "lintang": "-6.1285084",
        "bujur": "106.894027"
      }
    },
    {
      "type": "Feature",
      "geometry": {
        "type": "Point",
        "coordinates": [
          106.8295762,
          -6.1912343
        ]
      },
      "properties": {
        "periode_data": "2024",
        "wilayah": "KOTA ADM. JAKARTA BARAT",
        "no_registrasi": "HLT202400636",
        "jenis_halte": "REGULER",
        "kode_barang": "133010118004",
        "lokasi_alamat": "CEMARA RT 2 RW 3 GONDANGDIA KEC MENTENG KOTA KOTA ADM. JAKARTA PUSAT DAERAH KHUSUS IBUKOTA JAKARTA 10350 HALTE SPBU",
        "lintang": "-6.1912343",
        "bujur": "106.8295762"
      }
    },
    {
      "type": "Feature",
      "geometry": {
        "type": "Point",
        "coordinates": [
          106.782036,
          -6.1920761
        ]
      },
      "properties": {
        "periode_data": "2024",
        "wilayah": "KOTA ADM. JAKARTA BARAT",
        "no_registrasi": "HLT202400637",
        "jenis_halte": "REGULER",
        "kode_barang": "133010118004",
        "lokasi_alamat": "JL. BUDI RAYA SEBERANG SMUN 78",
        "lintang": "-6.1920761",
        "bujur": "106.782036"
      }
    },
    {
      "type": "Feature",
      "geometry": {
        "type": "Point",
        "coordinates": [
          106.8226646,
          -6.1882977
        ]
      },
      "properties": {
        "periode_data": "2024",
        "wilayah": "KOTA ADM. JAKARTA SELATAN",
        "no_registrasi": "HLT202400638",
        "jenis_halte": "REGULER",
        "kode_barang": "133010118004",
        "lokasi_alamat": "JL. M H THAMRIN 12 RT 8 RW 4 GONDANGDIA KEC MENTENG KOTA KOTA ADM. JAKARTA PUSAT DAERAH KHUSUS IBUKOTA JAKARTA 10350 DEPAN MENARA TOPAS",
        "lintang": "-6.1882977",
        "bujur": "106.8226646"
      }
    },
    {
      "type": "Feature",
      "geometry": {
        "type": "Point",
        "coordinates": [
          106.9421719,
          -6.2486861
        ]
      },
      "properties": {
        "periode_data": "2024",
        "wilayah": "KOTA ADM. JAKARTA TIMUR",
        "no_registrasi": "HLT202400639",
        "jenis_halte": "REGULER",
        "kode_barang": "133010118004",
        "lokasi_alamat": "JL. H NAMAN RT 17 RW 2 PD KLP KEC DUREN SAWIT KOTA KOTA ADM. JAKARTA TIMUR DAERAH KHUSUS IBUKOTA JAKARTA 13450 HALTE DEPAN SDN PONDOK KELAPA",
        "lintang": "-6.2486861",
        "bujur": "106.9421719"
      }
    },
    {
      "type": "Feature",
      "geometry": {
        "type": "Point",
        "coordinates": [
          106.8709355,
          -6.1376894
        ]
      },
      "properties": {
        "periode_data": "2024",
        "wilayah": "KOTA ADM. JAKARTA UTARA",
        "no_registrasi": "HLT202400640",
        "jenis_halte": "TRANSJAKARTA",
        "kode_barang": "133010118004",
        "lokasi_alamat": "JALAN DANAU SUNTER UTARA RT 8 RW 15 SUNTER AGUNG TANJUNG PRIOK KOTA JKT UTARA 14350 HALTE BUSWAY SUNTER KARYA",
        "lintang": "-6.1376894",
        "bujur": "106.8709355"
      }
    },
    {
      "type": "Feature",
      "geometry": {
        "type": "Point",
        "coordinates": [
          106.81216,
          -6.131551
        ]
      },
      "properties": {
        "periode_data": "2024",
        "wilayah": "KOTA ADM. JAKARTA BARAT",
        "no_registrasi": "HLT202400641",
        "jenis_halte": "REGULER",
        "kode_barang": "133010118004",
        "lokasi_alamat": "JALAN CENGKEH TAMANSARI KOTA ADM. JAKARTA BARAT",
        "lintang": "-6.131551",
        "bujur": "106.81216"
      }
    },
    {
      "type": "Feature",
      "geometry": {
        "type": "Point",
        "coordinates": [
          106.888986,
          -6.1496471
        ]
      },
      "properties": {
        "periode_data": "2024",
        "wilayah": "KOTA ADM. JAKARTA UTARA",
        "no_registrasi": "HLT202400642",
        "jenis_halte": "TRANSJAKARTA",
        "kode_barang": "133010118004",
        "lokasi_alamat": "JL. YOS SUDARSO RT 10 RW 11 SUNTER JAYA TJ PRIOK KOTA JKT UTARA DAERAH KHUSUS IBUKOTA JAKARTA 14360 HALTE BUSWAY SUNTER BOULEVARD BARAT",
        "lintang": "-6.1496471",
        "bujur": "106.888986"
      }
    },
    {
      "type": "Feature",
      "geometry": {
        "type": "Point",
        "coordinates": [
          106.8326989,
          -6.1872038
        ]
      },
      "properties": {
        "periode_data": "2024",
        "wilayah": "KOTA ADM. JAKARTA PUSAT",
        "no_registrasi": "HLT202400643",
        "jenis_halte": "REGULER",
        "kode_barang": "133010118004",
        "lokasi_alamat": "SRIKAYA TKEBON SIRIH TMENTENG TKOTA ADM. JAKARTA PUSAT",
        "lintang": "-6.1872038",
        "bujur": "106.8326989"
      }
    },
    {
      "type": "Feature",
      "geometry": {
        "type": "Point",
        "coordinates": [
          106.7994427,
          -6.1251518
        ]
      },
      "properties": {
        "periode_data": "2024",
        "wilayah": "KOTA ADM. JAKARTA UTARA",
        "no_registrasi": "HLT202400644",
        "jenis_halte": "TRANSJAKARTA",
        "kode_barang": "133010118004",
        "lokasi_alamat": "JALAN PLUIT SELATAN RAYA NO 2 RW 8 PENJARINGAN RT 3 RW 10 PENJARINGAN KEC PENJARINGAN KOTA JKT UTARA DAERAH KHUSUS IBUKOTA JAKARTA 14440 HALTE BUSWAY PLUIT LANDMARK",
        "lintang": "-6.1251518",
        "bujur": "106.7994427"
      }
    },
    {
      "type": "Feature",
      "geometry": {
        "type": "Point",
        "coordinates": [
          106.8046886,
          -6.1272951
        ]
      },
      "properties": {
        "periode_data": "2024",
        "wilayah": "KOTA ADM. JAKARTA UTARA",
        "no_registrasi": "HLT202400645",
        "jenis_halte": "TRANSJAKARTA",
        "kode_barang": "133010118004",
        "lokasi_alamat": "JL. GEDONG PANJANG RT 2 RW 4 PENJARINGAN KEC PENJARINGAN KOTA JKT UTARA DAERAH KHUSUS IBUKOTA JAKARTA 14440 HALTE BUSWAY PAKIN",
        "lintang": "-6.1272951",
        "bujur": "106.8046886"
      }
    },
    {
      "type": "Feature",
      "geometry": {
        "type": "Point",
        "coordinates": [
          106.8062953,
          -6.1325679
        ]
      },
      "properties": {
        "periode_data": "2024",
        "wilayah": "KOTA ADM. JAKARTA UTARA",
        "no_registrasi": "HLT202400646",
        "jenis_halte": "TRANSJAKARTA",
        "kode_barang": "133010118004",
        "lokasi_alamat": "JL. GEDONG PANJANG RT 10 RW 10 PEKOJAN KEC TAMBORA KOTA KOTA ADM. JAKARTA BARAT DAERAH KHUSUS IBUKOTA JAKARTA 11240 HALTE GEDONG PANJANG",
        "lintang": "-6.1325679",
        "bujur": "106.8062953"
      }
    },
    {
      "type": "Feature",
      "geometry": {
        "type": "Point",
        "coordinates": [
          106.8034537,
          -6.1363973
        ]
      },
      "properties": {
        "periode_data": "2024",
        "wilayah": "KOTA ADM. JAKARTA BARAT",
        "no_registrasi": "HLT202400647",
        "jenis_halte": "TRANSJAKARTA",
        "kode_barang": "133010118004",
        "lokasi_alamat": "JL. BANDENGAN SELATAN PEKOJAN KEC TAMBORA KOTA KOTA ADM. JAKARTA BARAT DAERAH KHUSUS IBUKOTA JAKARTA HALTE BUSWAY BANDENGAN SELATAN",
        "lintang": "-6.1363973",
        "bujur": "106.8034537"
      }
    },
    {
      "type": "Feature",
      "geometry": {
        "type": "Point",
        "coordinates": [
          106.8122101,
          -6.1339493
        ]
      },
      "properties": {
        "periode_data": "2024",
        "wilayah": "KOTA ADM. JAKARTA BARAT",
        "no_registrasi": "HLT202400648",
        "jenis_halte": "TRANSJAKARTA",
        "kode_barang": "133010118004",
        "lokasi_alamat": "JL. KUNIR RT 7 RW 7 PINANGSIA KEC TAMAN SARI KOTA KOTA ADM. JAKARTA BARAT DAERAH KHUSUS IBUKOTA JAKARTA 11110 HALTE BUSWAY FATAHILAH",
        "lintang": "-6.1339493",
        "bujur": "106.8122101"
      }
    },
    {
      "type": "Feature",
      "geometry": {
        "type": "Point",
        "coordinates": [
          106.8179752,
          -6.1375106
        ]
      },
      "properties": {
        "periode_data": "2024",
        "wilayah": "KOTA ADM. JAKARTA BARAT",
        "no_registrasi": "HLT202400649",
        "jenis_halte": "TRANSJAKARTA",
        "kode_barang": "133010118004",
        "lokasi_alamat": "JL. MANGGA DUA RAYA RT 3 RW 4 PINANGSIA KEC TAMAN SARI KOTA JKT UTARA DAERAH KHUSUS IBUKOTA JAKARTA 11110 HALTE BUSWAY PANGERAN JAYAKARTA",
        "lintang": "-6.1375106",
        "bujur": "106.8179752"
      }
    },
    {
      "type": "Feature",
      "geometry": {
        "type": "Point",
        "coordinates": [
          106.8260091,
          -6.1361712
        ]
      },
      "properties": {
        "periode_data": "2024",
        "wilayah": "KOTA ADM. JAKARTA BARAT",
        "no_registrasi": "HLT202400650",
        "jenis_halte": "TRANSJAKARTA",
        "kode_barang": "133010118004",
        "lokasi_alamat": "JL. RAYA PANTURA RT 11 RW 5 ANCOL KEC PADEMANGAN KOTA JKT UTARA DAERAH KHUSUS IBUKOTA JAKARTA 14430 HALTE BUSWAY MANGGA DUA",
        "lintang": "-6.1361712",
        "bujur": "106.8260091"
      }
    },
    {
      "type": "Feature",
      "geometry": {
        "type": "Point",
        "coordinates": [
          106.8148457,
          -6.1365378
        ]
      },
      "properties": {
        "periode_data": "2024",
        "wilayah": "KOTA ADM. JAKARTA BARAT",
        "no_registrasi": "HLT202400651",
        "jenis_halte": "TRANSJAKARTA",
        "kode_barang": "133010118004",
        "lokasi_alamat": "JL. LADA RT 8 RW 6 PINANGSIA KEC TAMAN SARI KOTA KOTA ADM. JAKARTA BARAT DAERAH KHUSUS IBUKOTA JAKARTA 11110 HALTE BUSWAY STASIUN KOTA",
        "lintang": "-6.1365378",
        "bujur": "106.8148457"
      }
    },
    {
      "type": "Feature",
      "geometry": {
        "type": "Point",
        "coordinates": [
          106.8927793,
          -6.2293679
        ]
      },
      "properties": {
        "periode_data": "2024",
        "wilayah": "KOTA ADM. JAKARTA TIMUR",
        "no_registrasi": "HLT202400652",
        "jenis_halte": "REGULER",
        "kode_barang": "133010118004",
        "lokasi_alamat": "JL. BASUKI RAHMAD NO 43 RT 2 RW 3 PD BAMBU KEC DUREN SAWIT KOTA KOTA ADM. JAKARTA TIMUR DAERAH KHUSUS IBUKOTA JAKARTA 13430 HALTE CIPINANG",
        "lintang": "-6.2293679",
        "bujur": "106.8927793"
      }
    },
    {
      "type": "Feature",
      "geometry": {
        "type": "Point",
        "coordinates": [
          106.822746,
          -6.1878257
        ]
      },
      "properties": {
        "periode_data": "2024",
        "wilayah": "KOTA ADM. JAKARTA SELATAN",
        "no_registrasi": "HLT202400653",
        "jenis_halte": "REGULER",
        "kode_barang": "133010118004",
        "lokasi_alamat": "JL. M H THAMRIN 12 RT 8 RW 4 GONDANGDIA KEC MENTENG KOTA KOTA ADM. JAKARTA PUSAT DAERAH KHUSUS IBUKOTA JAKARTA 10350 DEPAN MENARA TOPAS",
        "lintang": "-6.1878257",
        "bujur": "106.822746"
      }
    },
    {
      "type": "Feature",
      "geometry": {
        "type": "Point",
        "coordinates": [
          106.8543543,
          -6.1520552
        ]
      },
      "properties": {
        "periode_data": "2024",
        "wilayah": "KOTA ADM. JAKARTA UTARA",
        "no_registrasi": "HLT202400654",
        "jenis_halte": "TRANSJAKARTA",
        "kode_barang": "133010118004",
        "lokasi_alamat": "NO JALAN HBR MOTIK NO 101 KEMAYORAN KOTA KOTA ADM. JAKARTA PUSAT 10630 HALTE BUSWAY KEMAYORAN LANDASAN PACU",
        "lintang": "-6.1520552",
        "bujur": "106.8543543"
      }
    },
    {
      "type": "Feature",
      "geometry": {
        "type": "Point",
        "coordinates": [
          106.8112915,
          -6.1350845
        ]
      },
      "properties": {
        "periode_data": "2024",
        "wilayah": "KOTA ADM. JAKARTA BARAT",
        "no_registrasi": "HLT202400655",
        "jenis_halte": "TRANSJAKARTA",
        "kode_barang": "133010118004",
        "lokasi_alamat": "RT 3 RW 6 ROA MALAKA KEC TAMBORA KOTA KOTA ADM. JAKARTA BARAT DAERAH KHUSUS IBUKOTA JAKARTA 11230 HALTE BUSWAY KALI BESAR",
        "lintang": "-6.1350845",
        "bujur": "106.8112915"
      }
    },
    {
      "type": "Feature",
      "geometry": {
        "type": "Point",
        "coordinates": [
          106.9545682,
          -6.2068747
        ]
      },
      "properties": {
        "periode_data": "2024",
        "wilayah": "KOTA ADM. JAKARTA TIMUR",
        "no_registrasi": "HLT202400656",
        "jenis_halte": "REGULER",
        "kode_barang": "133010118004",
        "lokasi_alamat": "2 JL. SENTRA PRIMER TIMUR UJUNG U S DEPAN PERUMAHAN MAS N",
        "lintang": "-6.2068747",
        "bujur": "106.9545682"
      }
    },
    {
      "type": "Feature",
      "geometry": {
        "type": "Point",
        "coordinates": [
          106.9248972,
          -6.183283
        ]
      },
      "properties": {
        "periode_data": "2024",
        "wilayah": "KOTA ADM. JAKARTA TIMUR",
        "no_registrasi": "HLT202400657",
        "jenis_halte": "TRANSJAKARTA",
        "kode_barang": "133010118004",
        "lokasi_alamat": "JL. RAYA PANTURA RW 3 RAWA TERATE CAKUNG TIMUR JAKARTA CITY JAKARTA 13920 HALTE BUSWAY PTC PULOGADUNG",
        "lintang": "-6.183283",
        "bujur": "106.9248972"
      }
    },
    {
      "type": "Feature",
      "geometry": {
        "type": "Point",
        "coordinates": [
          106.9602969,
          -6.1880153
        ]
      },
      "properties": {
        "periode_data": "2024",
        "wilayah": "KOTA ADM. JAKARTA TIMUR",
        "no_registrasi": "HLT202400658",
        "jenis_halte": "TRANSJAKARTA",
        "kode_barang": "133010118004",
        "lokasi_alamat": "JL. RAYA BEKASI RW 1 UJUNG MENTENG KEC CAKUNG KOTA KOTA ADM. JAKARTA TIMUR DAERAH KHUSUS IBUKOTA JAKARTA 13960 HALTE BUSWAY PULOGEBANG",
        "lintang": "-6.1880153",
        "bujur": "106.9602969"
      }
    },
    {
      "type": "Feature",
      "geometry": {
        "type": "Point",
        "coordinates": [
          106.96527,
          -6.189295
        ]
      },
      "properties": {
        "periode_data": "2024",
        "wilayah": "KOTA ADM. JAKARTA TIMUR",
        "no_registrasi": "HLT202400659",
        "jenis_halte": "TRANSJAKARTA",
        "kode_barang": "133010118004",
        "lokasi_alamat": "JL. SRI SULTAN HAMENGKUBUWONO IX RT 1 RW 2 UJUNG MENTENG KEC CAKUNG KOTA KOTA ADM. JAKARTA TIMUR DAERAH KHUSUS IBUKOTA JAKARTA 13960 HALTE BUSWAY UJUNG MENTENG",
        "lintang": "-6.189295",
        "bujur": "106.96527"
      }
    },
    {
      "type": "Feature",
      "geometry": {
        "type": "Point",
        "coordinates": [
          106.8262538,
          -6.2858481
        ]
      },
      "properties": {
        "periode_data": "2024",
        "wilayah": "KOTA ADM. JAKARTA SELATAN",
        "no_registrasi": "HLT202400660",
        "jenis_halte": "TRANSJAKARTA",
        "kode_barang": "133010118004",
        "lokasi_alamat": "JL. WARUNG JATI BARAT NO 37 JATI PADANG KEC PS MINGGU KOTA KOTA ADM. JAKARTA SELATAN DAERAH KHUSUS IBUKOTA JAKARTA 12540 HALTE BUSWAY SMK 57",
        "lintang": "-6.2858481",
        "bujur": "106.8262538"
      }
    },
    {
      "type": "Feature",
      "geometry": {
        "type": "Point",
        "coordinates": [
          106.9051853,
          -6.1928189
        ]
      },
      "properties": {
        "periode_data": "2024",
        "wilayah": "KOTA ADM. JAKARTA TIMUR",
        "no_registrasi": "HLT202400661",
        "jenis_halte": "TRANSJAKARTA",
        "kode_barang": "133010118004",
        "lokasi_alamat": "JL. PEMUDA NO 2 JATINEGARA KAUM KEC PULO GADUNG KOTA KOTA ADM. JAKARTA TIMUR DAERAH KHUSUS IBUKOTA JAKARTA 13250 HALTE TU GAS",
        "lintang": "-6.1928189",
        "bujur": "106.9051853"
      }
    },
    {
      "type": "Feature",
      "geometry": {
        "type": "Point",
        "coordinates": [
          106.9168534,
          -6.1234019
        ]
      },
      "properties": {
        "periode_data": "2024",
        "wilayah": "KOTA ADM. JAKARTA UTARA",
        "no_registrasi": "HLT202400662",
        "jenis_halte": "REGULER",
        "kode_barang": "133010118004",
        "lokasi_alamat": "GANG VC CILINGCING JL. KRAMAT JAYA RAYA RW 1 TUGU UTARA KEC KOJA DKI JAKARTA DAERAH KHUSUS IBUKOTA JAKARTA 14260 DEPAN JIC",
        "lintang": "-6.1234019",
        "bujur": "106.9168534"
      }
    },
    {
      "type": "Feature",
      "geometry": {
        "type": "Point",
        "coordinates": [
          106.7823951,
          -6.1996507
        ]
      },
      "properties": {
        "periode_data": "2024",
        "wilayah": "KOTA ADM. JAKARTA PUSAT",
        "no_registrasi": "HLT202400663",
        "jenis_halte": "REGULER",
        "kode_barang": "133010118004",
        "lokasi_alamat": "JL. BATUSARI RAYA RT 1 RW 9 KB JERUK KEC KB JERUK KOTA KOTA ADM. JAKARTA BARAT DAERAH KHUSUS IBUKOTA JAKARTA 11530 DEPAN SD SMP TARSISIUS",
        "lintang": "-6.1996507",
        "bujur": "106.7823951"
      }
    },
    {
      "type": "Feature",
      "geometry": {
        "type": "Point",
        "coordinates": [
          106.8304329,
          -6.2742413
        ]
      },
      "properties": {
        "periode_data": "2024",
        "wilayah": "KOTA ADM. JAKARTA SELATAN",
        "no_registrasi": "HLT202400664",
        "jenis_halte": "TRANSJAKARTA",
        "kode_barang": "133010118004",
        "lokasi_alamat": "JL. WARUNG JATI BARAT RT 3 RW 5 JATI PADANG KEC PS MINGGU KOTA KOTA ADM. JAKARTA SELATAN DAERAH KHUSUS IBUKOTA JAKARTA 12540 HALTE BUSWAY JATIPADANG",
        "lintang": "-6.2742413",
        "bujur": "106.8304329"
      }
    },
    {
      "type": "Feature",
      "geometry": {
        "type": "Point",
        "coordinates": [
          106.8410372,
          -6.176965
        ]
      },
      "properties": {
        "periode_data": "2024",
        "wilayah": "KOTA ADM. JAKARTA TIMUR",
        "no_registrasi": "HLT202400665",
        "jenis_halte": "REGULER",
        "kode_barang": "133010118004",
        "lokasi_alamat": "JL. SENIN RAYA SEBERANG ATRIUM SENEN DEPAN EKX DJAKARTA LIO",
        "lintang": "-6.176965",
        "bujur": "106.8410372"
      }
    },
    {
      "type": "Feature",
      "geometry": {
        "type": "Point",
        "coordinates": [
          106.8700964,
          -6.2578037
        ]
      },
      "properties": {
        "periode_data": "2024",
        "wilayah": "KOTA ADM. JAKARTA TIMUR",
        "no_registrasi": "HLT202400666",
        "jenis_halte": "TRANSJAKARTA",
        "kode_barang": "133010118004",
        "lokasi_alamat": "JL. MAYJEND SUTOYO CILILITAN KRAMAT JATI EAST JAKARTA CITY JAKARTA HALTE BUSWAY BKN",
        "lintang": "-6.2578037",
        "bujur": "106.8700964"
      }
    },
    {
      "type": "Feature",
      "geometry": {
        "type": "Point",
        "coordinates": [
          106.880185,
          -6.1929379
        ]
      },
      "properties": {
        "periode_data": "2024",
        "wilayah": "KOTA ADM. JAKARTA TIMUR",
        "no_registrasi": "HLT202400667",
        "jenis_halte": "TRANSJAKARTA",
        "kode_barang": "133010118004",
        "lokasi_alamat": "JL. PEMUDA RT 12 RW 4 JATI KEC PULO GADUNG KOTA KOTA ADM. JAKARTA TIMUR DAERAH KHUSUS IBUKOTA JAKARTA 13220 HALTE BUSWAY LAYUR",
        "lintang": "-6.1929379",
        "bujur": "106.880185"
      }
    },
    {
      "type": "Feature",
      "geometry": {
        "type": "Point",
        "coordinates": [
          106.8472462,
          -6.2088412
        ]
      },
      "properties": {
        "periode_data": "2024",
        "wilayah": "KOTA ADM. JAKARTA SELATAN",
        "no_registrasi": "HLT202400668",
        "jenis_halte": "TRANSJAKARTA",
        "kode_barang": "133010118004",
        "lokasi_alamat": "JALAN TAMBAK INDONESIA JL. SULTAN AGUNG MANGGARAI TEBET KOTA ADM. JAKARTA SELATAN DKI JAKARTA INDONESIA DAERAH KHUSUS IBUKOTA JAKARTA HALTE BUSWAY MANGGARAI",
        "lintang": "-6.2088412",
        "bujur": "106.8472462"
      }
    },
    {
      "type": "Feature",
      "geometry": {
        "type": "Point",
        "coordinates": [
          106.8488617,
          -6.1935314
        ]
      },
      "properties": {
        "periode_data": "2024",
        "wilayah": "KOTA ADM. JAKARTA PUSAT",
        "no_registrasi": "HLT202400669",
        "jenis_halte": "TRANSJAKARTA",
        "kode_barang": "133010118004",
        "lokasi_alamat": "JL. SALEMBA RAYA RT 1 RW 3 PASEBAN KEC SENEN KOTA KOTA ADM. JAKARTA PUSAT DAERAH KHUSUS IBUKOTA JAKARTA 10430 HALTE BUSWAY SALEMBA UI",
        "lintang": "-6.1935314",
        "bujur": "106.8488617"
      }
    },
    {
      "type": "Feature",
      "geometry": {
        "type": "Point",
        "coordinates": [
          106.8509962,
          -6.1965808
        ]
      },
      "properties": {
        "periode_data": "2024",
        "wilayah": "KOTA ADM. JAKARTA PUSAT",
        "no_registrasi": "HLT202400670",
        "jenis_halte": "TRANSJAKARTA",
        "kode_barang": "133010118004",
        "lokasi_alamat": "JL. SALEMBA RAYA RT 4 RW 5 PASEBAN SENEN KOTA KOTA ADM. JAKARTA PUSAT DAERAH KHUSUS IBUKOTA JAKARTA 10430 HALTE BUSWAY SALEMBA CAPITOL PARK CAROLUS",
        "lintang": "-6.1965808",
        "bujur": "106.8509962"
      }
    },
    {
      "type": "Feature",
      "geometry": {
        "type": "Point",
        "coordinates": [
          106.8460864,
          -6.1881403
        ]
      },
      "properties": {
        "periode_data": "2024",
        "wilayah": "KOTA ADM. JAKARTA PUSAT",
        "no_registrasi": "HLT202400671",
        "jenis_halte": "TRANSJAKARTA",
        "kode_barang": "133010118004",
        "lokasi_alamat": "JL. KRAMAT RAYA RT 1 RW 8 KRAMAT SENEN KOTA KOTA ADM. JAKARTA PUSAT DAERAH KHUSUS IBUKOTA JAKARTA 10430 HALTE BUSWAY KRAMAT SENTIONG",
        "lintang": "-6.1881403",
        "bujur": "106.8460864"
      }
    },
    {
      "type": "Feature",
      "geometry": {
        "type": "Point",
        "coordinates": [
          106.8570642,
          -6.2032819
        ]
      },
      "properties": {
        "periode_data": "2024",
        "wilayah": "KOTA ADM. JAKARTA TIMUR",
        "no_registrasi": "HLT202400672",
        "jenis_halte": "TRANSJAKARTA",
        "kode_barang": "133010118004",
        "lokasi_alamat": "JL. MATRAMAN RAYA RT 5 RW 4 PALMERIAM KEC MATRAMAN KOTA KOTA ADM. JAKARTA TIMUR DAERAH KHUSUS IBUKOTA JAKARTA 13150 HALTE BUSWAY TEGALAN",
        "lintang": "-6.2032819",
        "bujur": "106.8570642"
      }
    },
    {
      "type": "Feature",
      "geometry": {
        "type": "Point",
        "coordinates": [
          106.8162839,
          -6.1487189
        ]
      },
      "properties": {
        "periode_data": "2024",
        "wilayah": "KOTA ADM. JAKARTA PUSAT",
        "no_registrasi": "HLT202400673",
        "jenis_halte": "REGULER",
        "kode_barang": "133010118004",
        "lokasi_alamat": "KOTA ADM. JAKARTA BARAT JL. GAJAH MADA RT 4 RW 6 MANGGA BESAR KEC TAMAN SARI KOTA KOTA ADM. JAKARTA BARAT DAERAH KHUSUS IBUKOTA JAKARTA 11130 BAWAH JPO BUSWAY MANGGA BESAR",
        "lintang": "-6.1487189",
        "bujur": "106.8162839"
      }
    },
    {
      "type": "Feature",
      "geometry": {
        "type": "Point",
        "coordinates": [
          106.888145,
          -6.1934152
        ]
      },
      "properties": {
        "periode_data": "2024",
        "wilayah": "KOTA ADM. JAKARTA TIMUR",
        "no_registrasi": "HLT202400674",
        "jenis_halte": "TRANSJAKARTA",
        "kode_barang": "133010118004",
        "lokasi_alamat": "JL. PEMUDA RT 8 RW 5 RAWAMANGUN KEC PULO GADUNG KOTA KOTA ADM. JAKARTA TIMUR DAERAH KHUSUS IBUKOTA JAKARTA 13220 HALTE BUSWAY VELODROME",
        "lintang": "-6.1934152",
        "bujur": "106.888145"
      }
    },
    {
      "type": "Feature",
      "geometry": {
        "type": "Point",
        "coordinates": [
          106.8834333,
          -6.1933233
        ]
      },
      "properties": {
        "periode_data": "2024",
        "wilayah": "KOTA ADM. JAKARTA TIMUR",
        "no_registrasi": "HLT202400675",
        "jenis_halte": "TRANSJAKARTA",
        "kode_barang": "133010118004",
        "lokasi_alamat": "JL. PEMUDA RT 13 RW 2 RAWAMANGUN KEC PULO GADUNG KOTA KOTA ADM. JAKARTA TIMUR DAERAH KHUSUS IBUKOTA JAKARTA 13220 HALTE BUSWAY UNJ",
        "lintang": "-6.1933233",
        "bujur": "106.8834333"
      }
    },
    {
      "type": "Feature",
      "geometry": {
        "type": "Point",
        "coordinates": [
          106.8422467,
          -6.1781583
        ]
      },
      "properties": {
        "periode_data": "2024",
        "wilayah": "KOTA ADM. JAKARTA PUSAT",
        "no_registrasi": "HLT202400676",
        "jenis_halte": "TRANSJAKARTA",
        "kode_barang": "133010118004",
        "lokasi_alamat": "JL. ST SENEN RW 2 SENEN KEC SENEN KOTA KOTA ADM. JAKARTA PUSAT DAERAH KHUSUS IBUKOTA JAKARTA 10410 HALTE BUSWAY SENTRAL SENEN",
        "lintang": "-6.1781583",
        "bujur": "106.8422467"
      }
    },
    {
      "type": "Feature",
      "geometry": {
        "type": "Point",
        "coordinates": [
          106.83078,
          -6.2388506
        ]
      },
      "properties": {
        "periode_data": "2024",
        "wilayah": "KOTA ADM. JAKARTA SELATAN",
        "no_registrasi": "HLT202400677",
        "jenis_halte": "TRANSJAKARTA",
        "kode_barang": "133010118004",
        "lokasi_alamat": "JL. MAMPANG PRPT RAYA RT 1 RW 6 TEGAL PARANG KEC MAMPANG PRPT KOTA KOTA ADM. JAKARTA SELATAN DAERAH KHUSUS IBUKOTA JAKARTA 12790 HALTE BUSWAY DUREN TIGA",
        "lintang": "-6.2388506",
        "bujur": "106.83078"
      }
    },
    {
      "type": "Feature",
      "geometry": {
        "type": "Point",
        "coordinates": [
          106.8424451,
          -6.1774647
        ]
      },
      "properties": {
        "periode_data": "2024",
        "wilayah": "KOTA ADM. JAKARTA PUSAT",
        "no_registrasi": "HLT202400678",
        "jenis_halte": "REGULER",
        "kode_barang": "133010118004",
        "lokasi_alamat": "HALTE TRANS JAKARTA PASAR SENEN",
        "lintang": "-6.1774647",
        "bujur": "106.8424451"
      }
    },
    {
      "type": "Feature",
      "geometry": {
        "type": "Point",
        "coordinates": [
          106.8423558,
          -6.1782384
        ]
      },
      "properties": {
        "periode_data": "2024",
        "wilayah": "KOTA ADM. JAKARTA PUSAT",
        "no_registrasi": "HLT202400679",
        "jenis_halte": "TRANSJAKARTA",
        "kode_barang": "133010118004",
        "lokasi_alamat": "HALTE TRANS JAKARTA ATRIUM",
        "lintang": "-6.1782384",
        "bujur": "106.8423558"
      }
    },
    {
      "type": "Feature",
      "geometry": {
        "type": "Point",
        "coordinates": [
          106.8414302,
          -6.1771906
        ]
      },
      "properties": {
        "periode_data": "2024",
        "wilayah": "KOTA ADM. JAKARTA PUSAT",
        "no_registrasi": "HLT202400680",
        "jenis_halte": "REGULER",
        "kode_barang": "133010118004",
        "lokasi_alamat": "HALTE GOR KENANGA AMP BKN",
        "lintang": "-6.1771906",
        "bujur": "106.8414302"
      }
    },
    {
      "type": "Feature",
      "geometry": {
        "type": "Point",
        "coordinates": [
          106.8814261,
          -6.2268115
        ]
      },
      "properties": {
        "periode_data": "2024",
        "wilayah": "KOTA ADM. JAKARTA TIMUR",
        "no_registrasi": "HLT202400681",
        "jenis_halte": "REGULER",
        "kode_barang": "133010118004",
        "lokasi_alamat": "JL. JEND BASUKI RACHMAT 1 RT 4 RW 6 CIPINANG BESAR SEL KECAMATAN JATINEGARA KOTA KOTA ADM. JAKARTA TIMUR DAERAH KHUSUS IBUKOTA JAKARTA 13410 HALTE HERO BASUKI",
        "lintang": "-6.2268115",
        "bujur": "106.8814261"
      }
    },
    {
      "type": "Feature",
      "geometry": {
        "type": "Point",
        "coordinates": [
          106.8126846,
          -6.1832774
        ]
      },
      "properties": {
        "periode_data": "2024",
        "wilayah": "KOTA ADM. JAKARTA PUSAT",
        "no_registrasi": "HLT202400682",
        "jenis_halte": "REGULER",
        "kode_barang": "133010118004",
        "lokasi_alamat": "JL. JATIBARU RAYA RT 4 RW 3 KP BALI KECAMATAN TANAH ABANG KOTA KOTA ADM. JAKARTA PUSAT DAERAH KHUSUS IBUKOTA JAKARTA HALTE FLY OVER",
        "lintang": "-6.1832774",
        "bujur": "106.8126846"
      }
    },
    {
      "type": "Feature",
      "geometry": {
        "type": "Point",
        "coordinates": [
          106.9234331,
          -6.2193412
        ]
      },
      "properties": {
        "periode_data": "2024",
        "wilayah": "KOTA ADM. JAKARTA TIMUR",
        "no_registrasi": "HLT202400683",
        "jenis_halte": "TRANSJAKARTA",
        "kode_barang": "133010118004",
        "lokasi_alamat": "JL. RADEN INTEN II NO 3 RT 8 RW 14 KLENDER KEC DUREN SAWIT KOTA KOTA ADM. JAKARTA TIMUR DAERAH KHUSUS IBUKOTA JAKARTA 13470 HALTE SMKN 48",
        "lintang": "-6.2193412",
        "bujur": "106.9234331"
      }
    },
    {
      "type": "Feature",
      "geometry": {
        "type": "Point",
        "coordinates": [
          106.8449949,
          -6.1573172
        ]
      },
      "properties": {
        "periode_data": "2024",
        "wilayah": "KOTA ADM. JAKARTA PUSAT",
        "no_registrasi": "HLT202400684",
        "jenis_halte": "REGULER",
        "kode_barang": "133010118004",
        "lokasi_alamat": "JL. INDUSTRI RAYA RT 10 RW 3 GN SAHARI SEL KEC KEMAYORAN KOTA KOTA ADM. JAKARTA PUSAT DAERAH KHUSUS IBUKOTA JAKARTA HALTE KRAN",
        "lintang": "-6.1573172",
        "bujur": "106.8449949"
      }
    },
    {
      "type": "Feature",
      "geometry": {
        "type": "Point",
        "coordinates": [
          106.9267017,
          -6.1523883
        ]
      },
      "properties": {
        "periode_data": "2024",
        "wilayah": "KOTA ADM. JAKARTA UTARA",
        "no_registrasi": "HLT202400685",
        "jenis_halte": "REGULER",
        "kode_barang": "133010118004",
        "lokasi_alamat": "JL. TIPAR CAKUNG 30 RT 1 RW 4 SUKAPURA KEC CILINCING KOTA JKT UTARA DAERAH KHUSUS IBUKOTA JAKARTA 14140 DEPAN GRAMEDIA DC",
        "lintang": "-6.1523883",
        "bujur": "106.9267017"
      }
    },
    {
      "type": "Feature",
      "geometry": {
        "type": "Point",
        "coordinates": [
          106.794276,
          -6.1190254
        ]
      },
      "properties": {
        "periode_data": "2024",
        "wilayah": "KOTA ADM. JAKARTA UTARA",
        "no_registrasi": "HLT202400686",
        "jenis_halte": "REGULER",
        "kode_barang": "133010118004",
        "lokasi_alamat": "JL. PLUIT TIM RAYA RT 10 RW 9 PLUIT KEC PENJARINGAN KOTA JKT UTARA DAERAH KHUSUS IBUKOTA JAKARTA 14450 DEPAN SMKN 56",
        "lintang": "-6.1190254",
        "bujur": "106.794276"
      }
    },
    {
      "type": "Feature",
      "geometry": {
        "type": "Point",
        "coordinates": [
          106.7628822,
          -6.1644911
        ]
      },
      "properties": {
        "periode_data": "2024",
        "wilayah": "KOTA ADM. JAKARTA BARAT",
        "no_registrasi": "HLT202400736",
        "jenis_halte": "TRANSJAKARTA",
        "kode_barang": "133010118004",
        "lokasi_alamat": "JL. PANJANG RT 6 RW 1 KEDOYA SEL KEC KB JERUK KOTA KOTA ADM. JAKARTA BARAT DAERAH KHUSUS IBUKOTA JAKARTA 11520 HALTE BUSWAY DURI KEPA",
        "lintang": "-6.1644911",
        "bujur": "106.7628822"
      }
    },
    {
      "type": "Feature",
      "geometry": {
        "type": "Point",
        "coordinates": [
          106.7963983,
          -6.1659833
        ]
      },
      "properties": {
        "periode_data": "2024",
        "wilayah": "KOTA ADM. JAKARTA SELATAN",
        "no_registrasi": "HLT202400737",
        "jenis_halte": "REGULER",
        "kode_barang": "133010118004",
        "lokasi_alamat": "JL. KYAI TAPA RT 1 RW 2 GROGOL KEC GROGOL PETAMBURAN KOTA KOTA ADM. JAKARTA BARAT DAERAH KHUSUS IBUKOTA JAKARTA 11450 SEBRANG HOTEL AMARIS",
        "lintang": "-6.1659833",
        "bujur": "106.7963983"
      }
    },
    {
      "type": "Feature",
      "geometry": {
        "type": "Point",
        "coordinates": [
          106.7660013,
          -6.1751348
        ]
      },
      "properties": {
        "periode_data": "2024",
        "wilayah": "KOTA ADM. JAKARTA BARAT",
        "no_registrasi": "HLT202400738",
        "jenis_halte": "TRANSJAKARTA",
        "kode_barang": "133010118004",
        "lokasi_alamat": "JL. PANJANG RT 5 RW 11 KEDOYA UTARA KEBON JERUK KOTA KOTA ADM. JAKARTA BARAT 11520 HALTE BUSWAY KEDOYA ASSIDDIQIAH",
        "lintang": "-6.1751348",
        "bujur": "106.7660013"
      }
    },
    {
      "type": "Feature",
      "geometry": {
        "type": "Point",
        "coordinates": [
          106.7920138,
          -6.1373723
        ]
      },
      "properties": {
        "periode_data": "2024",
        "wilayah": "KOTA ADM. JAKARTA SELATAN",
        "no_registrasi": "HLT202400739",
        "jenis_halte": "TRANSJAKARTA",
        "kode_barang": "133010118004",
        "lokasi_alamat": "JL. TERUSAN BANDENGAN RW 11 PEJAGALAN KEC PENJARINGAN KOTA JKT UTARA DAERAH KHUSUS IBUKOTA JAKARTA 14450 DEPAN GEREJA TUHAN",
        "lintang": "-6.1373723",
        "bujur": "106.7920138"
      }
    },
    {
      "type": "Feature",
      "geometry": {
        "type": "Point",
        "coordinates": [
          106.7628079,
          -6.1644124
        ]
      },
      "properties": {
        "periode_data": "2024",
        "wilayah": "KOTA ADM. JAKARTA BARAT",
        "no_registrasi": "HLT202400740",
        "jenis_halte": "TRANSJAKARTA",
        "kode_barang": "133010118004",
        "lokasi_alamat": "JALAN PANJANG KEDOYA UTARA KEBON JERUK KOTA KOTA ADM. JAKARTA BARAT DAERAH KHUSUS IBUKOTA JAKARTA 11520 DAERAH KHUSUS IBUKOTA JAKARTA HALTE BUSWAY KEDOYA GREEN GARDEN",
        "lintang": "-6.1644124",
        "bujur": "106.7628079"
      }
    },
    {
      "type": "Feature",
      "geometry": {
        "type": "Point",
        "coordinates": [
          106.8891033,
          -6.1719898
        ]
      },
      "properties": {
        "periode_data": "2024",
        "wilayah": "KOTA ADM. JAKARTA SELATAN",
        "no_registrasi": "HLT202400741",
        "jenis_halte": "TRANSJAKARTA",
        "kode_barang": "133010118004",
        "lokasi_alamat": "JL. PERINTIS KEMERDEKAAN NO 31 RW 5 KLP GADING BAR KEC KLP GADING KOTA JKT UTARA DAERAH KHUSUS IBUKOTA JAKARTA 14240 HALTE ASMI",
        "lintang": "-6.1719898",
        "bujur": "106.8891033"
      }
    },
    {
      "type": "Feature",
      "geometry": {
        "type": "Point",
        "coordinates": [
          106.7984117,
          -6.1656933
        ]
      },
      "properties": {
        "periode_data": "2024",
        "wilayah": "KOTA ADM. JAKARTA TIMUR",
        "no_registrasi": "HLT202400742",
        "jenis_halte": "TRANSJAKARTA",
        "kode_barang": "133010118004",
        "lokasi_alamat": "JL. KYAI TAPA GROGOL KEC GROGOL PETAMBURAN KOTA KOTA ADM. JAKARTA BARAT DAERAH KHUSUS IBUKOTA JAKARTA DEKAT JPO SEBRANG RS SUMBER WARAS",
        "lintang": "-6.1656933",
        "bujur": "106.7984117"
      }
    },
    {
      "type": "Feature",
      "geometry": {
        "type": "Point",
        "coordinates": [
          106.8001458,
          -6.1770807
        ]
      },
      "properties": {
        "periode_data": "2024",
        "wilayah": "KOTA ADM. JAKARTA BARAT",
        "no_registrasi": "HLT202400743",
        "jenis_halte": "TRANSJAKARTA",
        "kode_barang": "133010118004",
        "lokasi_alamat": "JL. TOMANG RAYA RT 5 RW 1 JATIPULO KEC PALMERAH KOTA KOTA ADM. JAKARTA BARAT DAERAH KHUSUS IBUKOTA JAKARTA 11430 HALTE BUSWAY TOMANG MANDALA",
        "lintang": "-6.1770807",
        "bujur": "106.8001458"
      }
    },
    {
      "type": "Feature",
      "geometry": {
        "type": "Point",
        "coordinates": [
          106.7938067,
          -6.1436083
        ]
      },
      "properties": {
        "periode_data": "2024",
        "wilayah": "KOTA ADM. JAKARTA BARAT",
        "no_registrasi": "HLT202400744",
        "jenis_halte": "REGULER",
        "kode_barang": "133010118004",
        "lokasi_alamat": "JL. PROF DR LATUMETEN 109 ANGKE KEC TAMBORA KOTA KOTA ADM. JAKARTA BARAT DAERAH KHUSUS IBUKOTA JAKARTA 11330 DEPAN JNE",
        "lintang": "-6.1436083",
        "bujur": "106.7938067"
      }
    },
    {
      "type": "Feature",
      "geometry": {
        "type": "Point",
        "coordinates": [
          106.8584467,
          -6.2428573
        ]
      },
      "properties": {
        "periode_data": "2024",
        "wilayah": "KOTA ADM. JAKARTA SELATAN",
        "no_registrasi": "HLT202400574",
        "jenis_halte": "REGULER",
        "kode_barang": "133010135001",
        "lokasi_alamat": "1 JL. TB SIMATUPANG RANCO T B SEBERANG GEDUNG STIAMI JAK",
        "lintang": "-6.2428573",
        "bujur": "106.8584467"
      }
    },
    {
      "type": "Feature",
      "geometry": {
        "type": "Point",
        "coordinates": [
          106.7920628,
          -6.1761934
        ]
      },
      "properties": {
        "periode_data": "2024",
        "wilayah": "KOTA ADM. JAKARTA UTARA",
        "no_registrasi": "HLT202400575",
        "jenis_halte": "REGULER",
        "kode_barang": "133010135001",
        "lokasi_alamat": "JL. RAYA CILINCING RT 1 RW 11 KALI BARU KEC CILINCING KOTA JKT UTARA DAERAH KHUSUS IBUKOTA JAKARTA 14110 HALTE TANAH MERDEKA",
        "lintang": "-6.1761934",
        "bujur": "106.7920628"
      }
    },
    {
      "type": "Feature",
      "geometry": {
        "type": "Point",
        "coordinates": [
          106.8032898,
          -6.206361
        ]
      },
      "properties": {
        "periode_data": "2024",
        "wilayah": "KOTA ADM. JAKARTA SELATAN",
        "no_registrasi": "HLT202400576",
        "jenis_halte": "REGULER",
        "kode_barang": "133010135001",
        "lokasi_alamat": "2 JL. TB SIMATUPANG RANCO B T DEPAN YAYASAN SEKOLAH KHAR",
        "lintang": "-6.206361",
        "bujur": "106.8032898"
      }
    },
    {
      "type": "Feature",
      "geometry": {
        "type": "Point",
        "coordinates": [
          106.8439088,
          -6.2430067
        ]
      },
      "properties": {
        "periode_data": "2024",
        "wilayah": "KOTA ADM. JAKARTA UTARA",
        "no_registrasi": "HLT202400577",
        "jenis_halte": "REGULER",
        "kode_barang": "133010135001",
        "lokasi_alamat": "JL. RAYA CILINCING RT 1 RW 11 SEMPER BAR KEC CILINCING KOTA JKT UTARA DAERAH KHUSUS IBUKOTA JAKARTA 14130 HALTE PURE DALAM",
        "lintang": "-6.2430067",
        "bujur": "106.8439088"
      }
    },
    {
      "type": "Feature",
      "geometry": {
        "type": "Point",
        "coordinates": [
          106.8230487,
          -6.2335967
        ]
      },
      "properties": {
        "periode_data": "2024",
        "wilayah": "KOTA ADM. JAKARTA TIMUR",
        "no_registrasi": "HLT202400578",
        "jenis_halte": "REGULER",
        "kode_barang": "133010135001",
        "lokasi_alamat": "3 JL. RAYA BOGOR U S DEPAN JEMBATAN TIMBANG CIBUBUR DISH",
        "lintang": "-6.2335967",
        "bujur": "106.8230487"
      }
    },
    {
      "type": "Feature",
      "geometry": {
        "type": "Point",
        "coordinates": [
          106.8094082,
          -6.2182117
        ]
      },
      "properties": {
        "periode_data": "2024",
        "wilayah": "KOTA ADM. JAKARTA UTARA",
        "no_registrasi": "HLT202400579",
        "jenis_halte": "REGULER",
        "kode_barang": "133010135001",
        "lokasi_alamat": "JL. RAYA CILINCING JAKARTA OUTER RING RD E RT 1 RW 1 LAGOA KOJA NORTH JAKARTA CITY JAKARTA 14270 HALTE PASAR WARU",
        "lintang": "-6.2182117",
        "bujur": "106.8094082"
      }
    },
    {
      "type": "Feature",
      "geometry": {
        "type": "Point",
        "coordinates": [
          106.8420789,
          -6.2250095
        ]
      },
      "properties": {
        "periode_data": "2024",
        "wilayah": "KOTA ADM. JAKARTA BARAT",
        "no_registrasi": "HLT202400580",
        "jenis_halte": "REGULER",
        "kode_barang": "133010118004",
        "lokasi_alamat": "1 JL. DAAN MOGOT T B DEKAT JEMBATAN HALTE BUSWAY SUMUR BO",
        "lintang": "-6.2250095",
        "bujur": "106.8420789"
      }
    },
    {
      "type": "Feature",
      "geometry": {
        "type": "Point",
        "coordinates": [
          106.7418733,
          -6.1286233
        ]
      },
      "properties": {
        "periode_data": "2024",
        "wilayah": "KOTA ADM. JAKARTA BARAT",
        "no_registrasi": "HLT202400581",
        "jenis_halte": "REGULER",
        "kode_barang": "133010118004",
        "lokasi_alamat": "2 JL. DAAN MOGOT B T DEKAT SUPREME CABLE KALIDERES JAKBAR",
        "lintang": "-6.1286233",
        "bujur": "106.7418733"
      }
    },
    {
      "type": "Feature",
      "geometry": {
        "type": "Point",
        "coordinates": [
          106.8278257,
          -6.2376441
        ]
      },
      "properties": {
        "periode_data": "2024",
        "wilayah": "KOTA ADM. JAKARTA UTARA",
        "no_registrasi": "HLT202400582",
        "jenis_halte": "REGULER",
        "kode_barang": "133010118004",
        "lokasi_alamat": "JL. RAYA CILINCING 15 5 RT 1 RW 2 LAGOA KEC KOJA KOTA JKT UTARA DAERAH KHUSUS IBUKOTA JAKARTA 14270 HALTE LAGOA",
        "lintang": "-6.2376441",
        "bujur": "106.8278257"
      }
    },
    {
      "type": "Feature",
      "geometry": {
        "type": "Point",
        "coordinates": [
          106.8446058,
          -6.1522449
        ]
      },
      "properties": {
        "periode_data": "2024",
        "wilayah": "KOTA ADM. JAKARTA PUSAT",
        "no_registrasi": "HLT202400583",
        "jenis_halte": "REGULER",
        "kode_barang": "133010135001",
        "lokasi_alamat": "JL. IR H JUANDA 22 RT 1 RW 3 KB KLP KECAMATAN GAMBIR KOTA KOTA ADM. JAKARTA PUSAT DAERAH KHUSUS IBUKOTA JAKARTA 10120 HALTE ANZ BANK",
        "lintang": "-6.1522449",
        "bujur": "106.8446058"
      }
    },
    {
      "type": "Feature",
      "geometry": {
        "type": "Point",
        "coordinates": [
          106.8214948,
          -6.2326072
        ]
      },
      "properties": {
        "periode_data": "2024",
        "wilayah": "KOTA ADM. JAKARTA BARAT",
        "no_registrasi": "HLT202400584",
        "jenis_halte": "REGULER",
        "kode_barang": "133010118004",
        "lokasi_alamat": "3 JL. SATU MARET T B DEPAN SMA NEGERI 95 KALIDERES JAKBAR",
        "lintang": "-6.2326072",
        "bujur": "106.8214948"
      }
    },
    {
      "type": "Feature",
      "geometry": {
        "type": "Point",
        "coordinates": [
          106.8179848,
          -6.2266628
        ]
      },
      "properties": {
        "periode_data": "2024",
        "wilayah": "KOTA ADM. JAKARTA PUSAT",
        "no_registrasi": "HLT202400585",
        "jenis_halte": "REGULER",
        "kode_barang": "133010118004",
        "lokasi_alamat": "JL. IR H JUANDA 23 29 RW 3 KB KLP KECAMATAN GAMBIR KOTA KOTA ADM. JAKARTA PUSAT DAERAH KHUSUS IBUKOTA JAKARTA 10120 HALTE SANTA MARIA",
        "lintang": "-6.2266628",
        "bujur": "106.8179848"
      }
    },
    {
      "type": "Feature",
      "geometry": {
        "type": "Point",
        "coordinates": [
          106.8419523,
          -6.1579265
        ]
      },
      "properties": {
        "periode_data": "2024",
        "wilayah": "KOTA ADM. JAKARTA SELATAN",
        "no_registrasi": "HLT202400586",
        "jenis_halte": "REGULER",
        "kode_barang": "133010118004",
        "lokasi_alamat": "4 JL. TB SIMATUPANG T B DEPAN GEDUNG ACC FINANCE JAKSEL",
        "lintang": "-6.1579265",
        "bujur": "106.8419523"
      }
    },
    {
      "type": "Feature",
      "geometry": {
        "type": "Point",
        "coordinates": [
          106.8754939,
          -6.2452282
        ]
      },
      "properties": {
        "periode_data": "2024",
        "wilayah": "KOTA ADM. JAKARTA TIMUR",
        "no_registrasi": "HLT202400587",
        "jenis_halte": "REGULER",
        "kode_barang": "133010118004",
        "lokasi_alamat": "2 JL. PERSAHABATAN UTARA T B DEPAN RSU PERSAHABATAN JAKTI",
        "lintang": "-6.2452282",
        "bujur": "106.8754939"
      }
    },
    {
      "type": "Feature",
      "geometry": {
        "type": "Point",
        "coordinates": [
          106.8731892,
          -6.2500808
        ]
      },
      "properties": {
        "periode_data": "2024",
        "wilayah": "KOTA ADM. JAKARTA PUSAT",
        "no_registrasi": "HLT202400588",
        "jenis_halte": "REGULER",
        "kode_barang": "133010118004",
        "lokasi_alamat": "JL. IR H JUANDA 11 3 RT 14 RW 4 KB KLP KECAMATAN GAMBIR KOTA KOTA ADM. JAKARTA PUSAT DAERAH KHUSUS IBUKOTA JAKARTA 10120 HALTE PINTU AIR",
        "lintang": "-6.2500808",
        "bujur": "106.8731892"
      }
    },
    {
      "type": "Feature",
      "geometry": {
        "type": "Point",
        "coordinates": [
          106.8043196,
          -6.208046
        ]
      },
      "properties": {
        "periode_data": "2024",
        "wilayah": "KOTA ADM. JAKARTA PUSAT",
        "no_registrasi": "HLT202400589",
        "jenis_halte": "REGULER",
        "kode_barang": "133010118004",
        "lokasi_alamat": "JL. JUANDA KOTA ADM. JAKARTA PUSAT RT 14 RW 4 KB KLP KECAMATAN GAMBIR KOTA KOTA ADM. JAKARTA PUSAT DAERAH KHUSUS IBUKOTA JAKARTA 10120 HALTE GARUDA",
        "lintang": "-6.208046",
        "bujur": "106.8043196"
      }
    },
    {
      "type": "Feature",
      "geometry": {
        "type": "Point",
        "coordinates": [
          106.8502108,
          -6.1561695
        ]
      },
      "properties": {
        "periode_data": "2024",
        "wilayah": "KOTA ADM. JAKARTA TIMUR",
        "no_registrasi": "HLT202400590",
        "jenis_halte": "REGULER",
        "kode_barang": "133010118004",
        "lokasi_alamat": "3 JL. PERINTIS KEMERDEKAAN B T DEPAN HALTE BUSWAY BERNIS",
        "lintang": "-6.1561695",
        "bujur": "106.8502108"
      }
    },
    {
      "type": "Feature",
      "geometry": {
        "type": "Point",
        "coordinates": [
          106.8089887,
          -6.2139487
        ]
      },
      "properties": {
        "periode_data": "2024",
        "wilayah": "KOTA ADM. JAKARTA PUSAT",
        "no_registrasi": "HLT202400591",
        "jenis_halte": "TRANSJAKARTA",
        "kode_barang": "133010135001",
        "lokasi_alamat": "JL. IR H JUANDA PS BARU KECAMATAN SAWAH BESAR KOTA KOTA ADM. JAKARTA PUSAT DAERAH KHUSUS IBUKOTA JAKARTA 10710 HALTE MASJID ISTIQLAL",
        "lintang": "-6.2139487",
        "bujur": "106.8089887"
      }
    },
    {
      "type": "Feature",
      "geometry": {
        "type": "Point",
        "coordinates": [
          106.8453597,
          -6.1568435
        ]
      },
      "properties": {
        "periode_data": "2024",
        "wilayah": "KOTA ADM. JAKARTA UTARA",
        "no_registrasi": "HLT202400592",
        "jenis_halte": "REGULER",
        "kode_barang": "133010118004",
        "lokasi_alamat": "1 JL. SUNTER JAYA SATU U S DEPAN PT JAYA MAKMUR EKA LESTA",
        "lintang": "-6.1568435",
        "bujur": "106.8453597"
      }
    },
    {
      "type": "Feature",
      "geometry": {
        "type": "Point",
        "coordinates": [
          106.8438178,
          -6.1521667
        ]
      },
      "properties": {
        "periode_data": "2024",
        "wilayah": "KOTA ADM. JAKARTA PUSAT",
        "no_registrasi": "HLT202400593",
        "jenis_halte": "REGULER",
        "kode_barang": "133010118004",
        "lokasi_alamat": "JL. KRAMAT BUNDER RW 3 SENEN KEC SENEN KOTA KOTA ADM. JAKARTA PUSAT DAERAH KHUSUS IBUKOTA JAKARTA 10410 HALTE BELAKANG SENEN",
        "lintang": "-6.1521667",
        "bujur": "106.8438178"
      }
    },
    {
      "type": "Feature",
      "geometry": {
        "type": "Point",
        "coordinates": [
          106.7971859,
          -6.2078088
        ]
      },
      "properties": {
        "periode_data": "2024",
        "wilayah": "KOTA ADM. JAKARTA SELATAN",
        "no_registrasi": "HLT202400594",
        "jenis_halte": "REGULER",
        "kode_barang": "133010118004",
        "lokasi_alamat": "JL. TB SIMATUPANG RT 3 RW 11 GEDONG KEC PS REBO KOTA KOTA ADM. JAKARTA TIMUR DAERAH KHUSUS IBUKOTA JAKARTA 13760 SAMPING GUDEG JOGJA IBU SANTI",
        "lintang": "-6.2078088",
        "bujur": "106.7971859"
      }
    },
    {
      "type": "Feature",
      "geometry": {
        "type": "Point",
        "coordinates": [
          106.7928221,
          -6.1764402
        ]
      },
      "properties": {
        "periode_data": "2024",
        "wilayah": "KOTA ADM. JAKARTA PUSAT",
        "no_registrasi": "HLT202400595",
        "jenis_halte": "REGULER",
        "kode_barang": "133010118004",
        "lokasi_alamat": "JL. GN SAHARI PUSAT JAKARTA RT 2 RW 1 SELATAN GUNUNG SAHARI KEMAYORAN PUSAT JAKARTA CITY JAKARTA 10710 HALTE PASAR BARU",
        "lintang": "-6.1764402",
        "bujur": "106.7928221"
      }
    },
    {
      "type": "Feature",
      "geometry": {
        "type": "Point",
        "coordinates": [
          106.7973183,
          -6.190315
        ]
      },
      "properties": {
        "periode_data": "2024",
        "wilayah": "KOTA ADM. JAKARTA UTARA",
        "no_registrasi": "HLT202400596",
        "jenis_halte": "REGULER",
        "kode_barang": "133010118004",
        "lokasi_alamat": "2 JL. SUNTER AGUNG UTARA S U DEKAT JPO HALTE BUSWAY SMPN",
        "lintang": "-6.190315",
        "bujur": "106.7973183"
      }
    },
    {
      "type": "Feature",
      "geometry": {
        "type": "Point",
        "coordinates": [
          106.7419502,
          -6.128658
        ]
      },
      "properties": {
        "periode_data": "2024",
        "wilayah": "KOTA ADM. JAKARTA UTARA",
        "no_registrasi": "HLT202400597",
        "jenis_halte": "REGULER",
        "kode_barang": "133010118004",
        "lokasi_alamat": "3 JL. DANAU SUNTER BARAT S U DEPAN RUKO GRIYA AGUNG APART",
        "lintang": "-6.128658",
        "bujur": "106.7419502"
      }
    },
    {
      "type": "Feature",
      "geometry": {
        "type": "Point",
        "coordinates": [
          106.797089,
          -6.1847834
        ]
      },
      "properties": {
        "periode_data": "2024",
        "wilayah": "KOTA ADM. JAKARTA PUSAT",
        "no_registrasi": "HLT202400598",
        "jenis_halte": "REGULER",
        "kode_barang": "133010118004",
        "lokasi_alamat": "JL. TERMINAL KP RAMBUTAN NO 30 RT 11 RW 6 RAMBUTAN KEC CIRACAS KOTA KOTA ADM. JAKARTA TIMUR DAERAH KHUSUS IBUKOTA JAKARTA 13830 HALTE BUSWAY TERMINAL KAMPUNG RAMBUTAN",
        "lintang": "-6.1847834",
        "bujur": "106.797089"
      }
    },
    {
      "type": "Feature",
      "geometry": {
        "type": "Point",
        "coordinates": [
          106.7921909,
          -6.1757375
        ]
      },
      "properties": {
        "periode_data": "2024",
        "wilayah": "KOTA ADM. JAKARTA UTARA",
        "no_registrasi": "HLT202400599",
        "jenis_halte": "REGULER",
        "kode_barang": "133010118004",
        "lokasi_alamat": "4 JL. YOS SUDARSO U S DEPAN PT PESAKA LOKA KIRANA GUDANG",
        "lintang": "-6.1757375",
        "bujur": "106.7921909"
      }
    },
    {
      "type": "Feature",
      "geometry": {
        "type": "Point",
        "coordinates": [
          106.8862422,
          -6.2910958
        ]
      },
      "properties": {
        "periode_data": "2024",
        "wilayah": "KOTA ADM. JAKARTA SELATAN",
        "no_registrasi": "HLT202400040",
        "jenis_halte": "REGULER",
        "kode_barang": "133010118004",
        "lokasi_alamat": "JL. INDUSTRI RAYA KOTA TUA RW 10 DANAU SUNTER DLL KEC PADEMANGAN KOTA KOTA ADM. JAKARTA PUSAT DAERAH KHUSUS IBUKOTA JAKARTA 14410 SEBRANG HERMINA TOWER",
        "lintang": "-6.2910958",
        "bujur": "106.8862422"
      }
    },
    {
      "type": "Feature",
      "geometry": {
        "type": "Point",
        "coordinates": [
          106.8739765,
          -6.3082831
        ]
      },
      "properties": {
        "periode_data": "2024",
        "wilayah": "KOTA ADM. JAKARTA PUSAT",
        "no_registrasi": "HLT202400041",
        "jenis_halte": "TRANSJAKARTA",
        "kode_barang": "133010118004",
        "lokasi_alamat": "JL. H R RASUNA SAID MENTENG 10310 KOTA ADM. JAKARTA PUSAT INDONESIA JAKARTA HALTE BUSWAY LATUHARHARI",
        "lintang": "-6.3082831",
        "bujur": "106.8739765"
      }
    },
    {
      "type": "Feature",
      "geometry": {
        "type": "Point",
        "coordinates": [
          106.8314108,
          -6.177403
        ]
      },
      "properties": {
        "periode_data": "2024",
        "wilayah": "KOTA ADM. JAKARTA SELATAN",
        "no_registrasi": "HLT202400042",
        "jenis_halte": "REGULER",
        "kode_barang": "133010118004",
        "lokasi_alamat": "JL. RAJAWALI RAYA 2 4 RT 5 RW 11 HALIM PERDANA KUSUMAH KEC MAKASAR KOTA KOTA ADM. JAKARTA TIMUR DAERAH KHUSUS IBUKOTA JAKARTA 13610 DEPAN RS AU",
        "lintang": "-6.177403",
        "bujur": "106.8314108"
      }
    },
    {
      "type": "Feature",
      "geometry": {
        "type": "Point",
        "coordinates": [
          106.831415,
          -6.1773367
        ]
      },
      "properties": {
        "periode_data": "2024",
        "wilayah": "KOTA ADM. JAKARTA TIMUR",
        "no_registrasi": "HLT202400043",
        "jenis_halte": "TRANSJAKARTA",
        "kode_barang": "133010118004",
        "lokasi_alamat": "JL. ISKANDAR MUDA RT 7 RW 8 KELURAHAN KEBAYORAN LAMA SELATAN KECAMATAN KEBAYORAN LAMA HALTE KODAM",
        "lintang": "-6.1773367",
        "bujur": "106.831415"
      }
    },
    {
      "type": "Feature",
      "geometry": {
        "type": "Point",
        "coordinates": [
          106.8658828,
          -6.3064172
        ]
      },
      "properties": {
        "periode_data": "2024",
        "wilayah": "KOTA ADM. JAKARTA TIMUR",
        "no_registrasi": "HLT202400044",
        "jenis_halte": "TRANSJAKARTA",
        "kode_barang": "133010135001",
        "lokasi_alamat": "JL. DI PANJAITAN RT 2 RW 3 CIPINANG BESAR UTARA KECAMATAN JATINEGARA KOTA KOTA ADM. JAKARTA TIMUR DAERAH KHUSUS IBUKOTA JAKARTA 13350 HALTE BUSWAY PEDATI PRUMPUNG",
        "lintang": "-6.3064172",
        "bujur": "106.8658828"
      }
    },
    {
      "type": "Feature",
      "geometry": {
        "type": "Point",
        "coordinates": [
          106.881077,
          -6.2900606
        ]
      },
      "properties": {
        "periode_data": "2024",
        "wilayah": "KOTA ADM. JAKARTA SELATAN",
        "no_registrasi": "HLT202400045",
        "jenis_halte": "REGULER",
        "kode_barang": "133010135001",
        "lokasi_alamat": "JL. BENYAMIN SUAEB RW 5 PADEMANGAN TIM KEC PADEMANGAN KOTA JKT UTARA DAERAH KHUSUS IBUKOTA JAKARTA 14410 HALTE GAMBIR EXPO PINTU 3",
        "lintang": "-6.2900606",
        "bujur": "106.881077"
      }
    },
    {
      "type": "Feature",
      "geometry": {
        "type": "Point",
        "coordinates": [
          106.8342365,
          -6.146566
        ]
      },
      "properties": {
        "periode_data": "2024",
        "wilayah": "KOTA ADM. JAKARTA SELATAN",
        "no_registrasi": "HLT202400046",
        "jenis_halte": "REGULER",
        "kode_barang": "133010135001",
        "lokasi_alamat": "JL. BENYAMIN SUAEB RW 5 PADEMANGAN TIM KEC PADEMANGAN KOTA JKT UTARA DAERAH KHUSUS IBUKOTA JAKARTA 14410 HALTE GAMBIR EXPO PINTU 2",
        "lintang": "-6.146566",
        "bujur": "106.8342365"
      }
    },
    {
      "type": "Feature",
      "geometry": {
        "type": "Point",
        "coordinates": [
          106.822255,
          -6.294605
        ]
      },
      "properties": {
        "periode_data": "2024",
        "wilayah": "KOTA ADM. JAKARTA PUSAT",
        "no_registrasi": "HLT202400047",
        "jenis_halte": "TRANSJAKARTA",
        "kode_barang": "133010135001",
        "lokasi_alamat": "JL. OTTO ISKANDARDINATA RT 5 RW 12 KP MELAYU KECAMATAN JATINEGARA KOTA KOTA ADM. JAKARTA TIMUR DAERAH KHUSUS IBUKOTA JAKARTA 13330 HALTE BUSWAY CAWANG OTISTA",
        "lintang": "-6.294605",
        "bujur": "106.822255"
      }
    },
    {
      "type": "Feature",
      "geometry": {
        "type": "Point",
        "coordinates": [
          106.8352781,
          -6.1509167
        ]
      },
      "properties": {
        "periode_data": "2024",
        "wilayah": "KOTA ADM. JAKARTA TIMUR",
        "no_registrasi": "HLT202400048",
        "jenis_halte": "REGULER",
        "kode_barang": "133010135001",
        "lokasi_alamat": "JL. BENYAMIN SUAEB PADEMANGAN TIM KEC KEMAYORAN KOTA JKT UTARA DAERAH KHUSUS IBUKOTA JAKARTA 14410 HALTE GAMBIR EXPO PARKIR TIMUR",
        "lintang": "-6.1509167",
        "bujur": "106.8352781"
      }
    },
    {
      "type": "Feature",
      "geometry": {
        "type": "Point",
        "coordinates": [
          106.8779121,
          -6.2420813
        ]
      },
      "properties": {
        "periode_data": "2024",
        "wilayah": "KOTA ADM. JAKARTA BARAT",
        "no_registrasi": "HLT202400049",
        "jenis_halte": "TRANSJAKARTA",
        "kode_barang": "133010118004",
        "lokasi_alamat": "JL. ST SENEN RW 3 SENEN KEC SENEN KOTA KOTA ADM. JAKARTA PUSAT DAERAH KHUSUS IBUKOTA JAKARTA 10410 DEPAN PS SENEN",
        "lintang": "-6.2420813",
        "bujur": "106.8779121"
      }
    },
    {
      "type": "Feature",
      "geometry": {
        "type": "Point",
        "coordinates": [
          106.7898618,
          -6.2302784
        ]
      },
      "properties": {
        "periode_data": "2024",
        "wilayah": "KOTA ADM. JAKARTA TIMUR",
        "no_registrasi": "HLT202400050",
        "jenis_halte": "TRANSJAKARTA",
        "kode_barang": "133010118004",
        "lokasi_alamat": "JL. MATRAMAN RAYA RT 1 RW 6 BALI MESTER JATINEGARA KOTA KOTA ADM. JAKARTA TIMUR 13320 HALTE BUSWAY KEBON PALA",
        "lintang": "-6.2302784",
        "bujur": "106.7898618"
      }
    },
    {
      "type": "Feature",
      "geometry": {
        "type": "Point",
        "coordinates": [
          106.8236137,
          -6.291339
        ]
      },
      "properties": {
        "periode_data": "2024",
        "wilayah": "KOTA ADM. JAKARTA TIMUR",
        "no_registrasi": "HLT202400051",
        "jenis_halte": "TRANSJAKARTA",
        "kode_barang": "133010118004",
        "lokasi_alamat": "JL. MATRAMAN RAYA RT 4 RW 3 PALMERIAM KEC MATRAMAN KOTA KOTA ADM. JAKARTA TIMUR DAERAH KHUSUS IBUKOTA JAKARTA 13150 HALTE BUSWAY SLAMET RIYADI",
        "lintang": "-6.291339",
        "bujur": "106.8236137"
      }
    },
    {
      "type": "Feature",
      "geometry": {
        "type": "Point",
        "coordinates": [
          106.8359711,
          -6.152582
        ]
      },
      "properties": {
        "periode_data": "2024",
        "wilayah": "KOTA ADM. JAKARTA SELATAN",
        "no_registrasi": "HLT202400052",
        "jenis_halte": "REGULER",
        "kode_barang": "133010118004",
        "lokasi_alamat": "JL. BUNGUR BESAR RAYA 9 20 RT 19 RW 3 SENEN KEC SENEN KOTA KOTA ADM. JAKARTA PUSAT DAERAH KHUSUS IBUKOTA JAKARTA 10610 HALTE BANGAU",
        "lintang": "-6.152582",
        "bujur": "106.8359711"
      }
    },
    {
      "type": "Feature",
      "geometry": {
        "type": "Point",
        "coordinates": [
          106.705954,
          -6.1550131
        ]
      },
      "properties": {
        "periode_data": "2024",
        "wilayah": "KOTA ADM. JAKARTA TIMUR",
        "no_registrasi": "HLT202400053",
        "jenis_halte": "TRANSJAKARTA",
        "kode_barang": "133010118004",
        "lokasi_alamat": "JL. MATRAMAN RAYA RT 5 RW 4 PALMERIAM KEC MATRAMAN KOTA KOTA ADM. JAKARTA TIMUR DAERAH KHUSUS IBUKOTA JAKARTA 13150 HALTE BUSWAY TEGALAN",
        "lintang": "-6.1550131",
        "bujur": "106.705954"
      }
    },
    {
      "type": "Feature",
      "geometry": {
        "type": "Point",
        "coordinates": [
          106.7785293,
          -6.2197161
        ]
      },
      "properties": {
        "periode_data": "2024",
        "wilayah": "KOTA ADM. JAKARTA SELATAN",
        "no_registrasi": "HLT202400054",
        "jenis_halte": "REGULER",
        "kode_barang": "133010118004",
        "lokasi_alamat": "JL. BUNGUR RAYA 32 RW 1 GN SAHARI SEL KEC KEMAYORAN KOTA KOTA ADM. JAKARTA PUSAT DAERAH KHUSUS IBUKOTA JAKARTA 10610 HALTE RUKO",
        "lintang": "-6.2197161",
        "bujur": "106.7785293"
      }
    },
    {
      "type": "Feature",
      "geometry": {
        "type": "Point",
        "coordinates": [
          106.8982617,
          -6.1781717
        ]
      },
      "properties": {
        "periode_data": "2024",
        "wilayah": "KOTA ADM. JAKARTA PUSAT",
        "no_registrasi": "HLT202400055",
        "jenis_halte": "TRANSJAKARTA",
        "kode_barang": "133010118004",
        "lokasi_alamat": "JL. SALEMBA RAYA RT 4 RW 5 PASEBAN SENEN KOTA KOTA ADM. JAKARTA PUSAT DAERAH KHUSUS IBUKOTA JAKARTA 10430 HALTE BUSWAY SALEMBA CAPITOL PARK CAROLUS",
        "lintang": "-6.1781717",
        "bujur": "106.8982617"
      }
    },
    {
      "type": "Feature",
      "geometry": {
        "type": "Point",
        "coordinates": [
          106.827134,
          -6.2519119
        ]
      },
      "properties": {
        "periode_data": "2024",
        "wilayah": "KOTA ADM. JAKARTA SELATAN",
        "no_registrasi": "HLT202400056",
        "jenis_halte": "REGULER",
        "kode_barang": "133010118004",
        "lokasi_alamat": "JL. BENYAMIN SUAEB RW 5 PADEMANGAN TIM KEC PADEMANGAN KOTA JKT UTARA DAERAH KHUSUS IBUKOTA JAKARTA 14410 HALTE GAMBIR EXPO PINTU 2 SEBRANG HALTE BUSWAY JIEXPO",
        "lintang": "-6.2519119",
        "bujur": "106.827134"
      }
    },
    {
      "type": "Feature",
      "geometry": {
        "type": "Point",
        "coordinates": [
          106.7871187,
          -6.2237207
        ]
      },
      "properties": {
        "periode_data": "2024",
        "wilayah": "KOTA ADM. JAKARTA PUSAT",
        "no_registrasi": "HLT202400057",
        "jenis_halte": "TRANSJAKARTA",
        "kode_barang": "133010118004",
        "lokasi_alamat": "JL. SALEMBA RAYA RT 1 RW 3 PASEBAN KEC SENEN KOTA KOTA ADM. JAKARTA PUSAT DAERAH KHUSUS IBUKOTA JAKARTA 10430 HALTE BUSWAY SALEMBA UI",
        "lintang": "-6.2237207",
        "bujur": "106.7871187"
      }
    },
    {
      "type": "Feature",
      "geometry": {
        "type": "Point",
        "coordinates": [
          106.8889173,
          -6.1719319
        ]
      },
      "properties": {
        "periode_data": "2024",
        "wilayah": "KOTA ADM. JAKARTA SELATAN",
        "no_registrasi": "HLT202400058",
        "jenis_halte": "REGULER",
        "kode_barang": "133010135001",
        "lokasi_alamat": "JL. TOMANG RAYA RT 1 RW 3 JATIPULO KEC PALMERAH KOTA KOTA ADM. JAKARTA BARAT DAERAH KHUSUS IBUKOTA JAKARTA 11440 DEPAN CIMB",
        "lintang": "-6.1719319",
        "bujur": "106.8889173"
      }
    },
    {
      "type": "Feature",
      "geometry": {
        "type": "Point",
        "coordinates": [
          106.7784641,
          -6.2184845
        ]
      },
      "properties": {
        "periode_data": "2024",
        "wilayah": "KOTA ADM. JAKARTA PUSAT",
        "no_registrasi": "HLT202400059",
        "jenis_halte": "TRANSJAKARTA",
        "kode_barang": "133010135001",
        "lokasi_alamat": "JL. KRAMAT RAYA RT 1 RW 8 KRAMAT SENEN KOTA KOTA ADM. JAKARTA PUSAT DAERAH KHUSUS IBUKOTA JAKARTA 10430 HALTE BUSWAY KRAMAT SENTIONG",
        "lintang": "-6.2184845",
        "bujur": "106.7784641"
      }
    },
    {
      "type": "Feature",
      "geometry": {
        "type": "Point",
        "coordinates": [
          106.7663994,
          -6.2634483
        ]
      },
      "properties": {
        "periode_data": "2024",
        "wilayah": "KOTA ADM. JAKARTA SELATAN",
        "no_registrasi": "HLT202400060",
        "jenis_halte": "REGULER",
        "kode_barang": "133010135001",
        "lokasi_alamat": "JL. GARUDA 33 35 RT 9 RW 4 GN SAHARI SEL KEC KEMAYORAN KOTA KOTA ADM. JAKARTA PUSAT DAERAH KHUSUS IBUKOTA JAKARTA 10610 HALTE MUHAMADIYAH",
        "lintang": "-6.2634483",
        "bujur": "106.7663994"
      }
    },
    {
      "type": "Feature",
      "geometry": {
        "type": "Point",
        "coordinates": [
          106.8887665,
          -6.1719312
        ]
      },
      "properties": {
        "periode_data": "2024",
        "wilayah": "KOTA ADM. JAKARTA SELATAN",
        "no_registrasi": "HLT202400061",
        "jenis_halte": "TRANSJAKARTA",
        "kode_barang": "133010118004",
        "lokasi_alamat": "JL. KRAMAT RAYA RT 18 RW 1 PASEBAN KEC SENEN KOTA KOTA ADM. JAKARTA PUSAT DAERAH KHUSUS IBUKOTA JAKARTA BAWAH JPO DEPAN PLAZA KENARI",
        "lintang": "-6.1719312",
        "bujur": "106.8887665"
      }
    },
    {
      "type": "Feature",
      "geometry": {
        "type": "Point",
        "coordinates": [
          106.7712949,
          -6.2530112
        ]
      },
      "properties": {
        "periode_data": "2024",
        "wilayah": "KOTA ADM. JAKARTA PUSAT",
        "no_registrasi": "HLT202400062",
        "jenis_halte": "TRANSJAKARTA",
        "kode_barang": "133010118004",
        "lokasi_alamat": "JL. KRAMAT RAYA RT 3 RW 4 KRAMAT SENEN KOTA KOTA ADM. JAKARTA PUSAT 10420 HALTE BUSWAY PAL PUTIH",
        "lintang": "-6.2530112",
        "bujur": "106.7712949"
      }
    },
    {
      "type": "Feature",
      "geometry": {
        "type": "Point",
        "coordinates": [
          106.7833511,
          -6.2116729
        ]
      },
      "properties": {
        "periode_data": "2024",
        "wilayah": "KOTA ADM. JAKARTA SELATAN",
        "no_registrasi": "HLT202400178",
        "jenis_halte": "REGULER",
        "kode_barang": "133010118004",
        "lokasi_alamat": "JL. ST SENEN RW 3 SENEN KEC SENEN KOTA KOTA ADM. JAKARTA PUSAT DAERAH KHUSUS IBUKOTA JAKARTA 10410 HALTE GELANGGANG",
        "lintang": "-6.2116729",
        "bujur": "106.7833511"
      }
    },
    {
      "type": "Feature",
      "geometry": {
        "type": "Point",
        "coordinates": [
          106.8843536,
          -6.1569662
        ]
      },
      "properties": {
        "periode_data": "2024",
        "wilayah": "KOTA ADM. JAKARTA SELATAN",
        "no_registrasi": "HLT202400179",
        "jenis_halte": "REGULER",
        "kode_barang": "133010118004",
        "lokasi_alamat": "JL. PANGERAN ANTASARI 9 20 RT 13 RW 2 CIPETE SEL KEC CILANDAK KOTA KOTA ADM. JAKARTA SELATAN DAERAH KHUSUS IBUKOTA JAKARTA 12410 HALTE ASEM",
        "lintang": "-6.1569662",
        "bujur": "106.8843536"
      }
    },
    {
      "type": "Feature",
      "geometry": {
        "type": "Point",
        "coordinates": [
          106.7545661,
          -6.13577
        ]
      },
      "properties": {
        "periode_data": "2024",
        "wilayah": "KOTA ADM. JAKARTA SELATAN",
        "no_registrasi": "HLT202400180",
        "jenis_halte": "REGULER",
        "kode_barang": "133010118004",
        "lokasi_alamat": "JL. PROF DR SOEPOMO TEBET BAR KEC TEBET KOTA KOTA ADM. JAKARTA SELATAN DAERAH KHUSUS IBUKOTA JAKARTA 12870 HALTE TAMAN ROSITA",
        "lintang": "-6.13577",
        "bujur": "106.7545661"
      }
    },
    {
      "type": "Feature",
      "geometry": {
        "type": "Point",
        "coordinates": [
          106.8862817,
          -6.1529528
        ]
      },
      "properties": {
        "periode_data": "2024",
        "wilayah": "KOTA ADM. JAKARTA PUSAT",
        "no_registrasi": "HLT202400181",
        "jenis_halte": "TRANSJAKARTA",
        "kode_barang": "133010118004",
        "lokasi_alamat": "JL. HAYAM WURUK RT 4 RW 9 MAPHAR KEC TAMAN SARI KOTA KOTA ADM. JAKARTA BARAT DAERAH KHUSUS IBUKOTA JAKARTA 11130 HALTE BUSWAY MANGGA BESAR",
        "lintang": "-6.1529528",
        "bujur": "106.8862817"
      }
    },
    {
      "type": "Feature",
      "geometry": {
        "type": "Point",
        "coordinates": [
          106.8288905,
          -6.1960703
        ]
      },
      "properties": {
        "periode_data": "2024",
        "wilayah": "KOTA ADM. JAKARTA BARAT",
        "no_registrasi": "HLT202400182",
        "jenis_halte": "TRANSJAKARTA",
        "kode_barang": "133010118004",
        "lokasi_alamat": "JL. GAJAH MADA RT 4 RW 6 MANGGA BESAR KEC TAMAN SARI KOTA KOTA ADM. JAKARTA BARAT DAERAH KHUSUS IBUKOTA JAKARTA 11130 HALTE BUSWAY OLIMO",
        "lintang": "-6.1960703",
        "bujur": "106.8288905"
      }
    },
    {
      "type": "Feature",
      "geometry": {
        "type": "Point",
        "coordinates": [
          106.8941967,
          -6.1292019
        ]
      },
      "properties": {
        "periode_data": "2024",
        "wilayah": "KOTA ADM. JAKARTA SELATAN",
        "no_registrasi": "HLT202400183",
        "jenis_halte": "TRANSJAKARTA",
        "kode_barang": "133010118004",
        "lokasi_alamat": "JL. LAPANGAN BOLA RW 1 KB JERUK KEC KB JERUK KOTA KOTA ADM. JAKARTA BARAT DAERAH KHUSUS IBUKOTA JAKARTA 11530 SEBRANG PRUDENTIAL",
        "lintang": "-6.1292019",
        "bujur": "106.8941967"
      }
    },
    {
      "type": "Feature",
      "geometry": {
        "type": "Point",
        "coordinates": [
          106.8263476,
          -6.2469353
        ]
      },
      "properties": {
        "periode_data": "2024",
        "wilayah": "KOTA ADM. JAKARTA BARAT",
        "no_registrasi": "HLT202400184",
        "jenis_halte": "TRANSJAKARTA",
        "kode_barang": "133010118004",
        "lokasi_alamat": "JL. GAJAH MADA RT 1 RW 6 MANGGA BESAR KEC TAMAN SARI KOTA KOTA ADM. JAKARTA BARAT DAERAH KHUSUS IBUKOTA JAKARTA 11120 HALTE BUSWAY GLODOK",
        "lintang": "-6.2469353",
        "bujur": "106.8263476"
      }
    },
    {
      "type": "Feature",
      "geometry": {
        "type": "Point",
        "coordinates": [
          106.8939691,
          -6.1279946
        ]
      },
      "properties": {
        "periode_data": "2024",
        "wilayah": "KOTA ADM. JAKARTA SELATAN",
        "no_registrasi": "HLT202400185",
        "jenis_halte": "REGULER",
        "kode_barang": "133010118004",
        "lokasi_alamat": "JL. DR SAHARJO 82 80 RT 13 RW 8 PS MANGGIS KEC TEBET KOTA KOTA ADM. JAKARTA SELATAN DAERAH KHUSUS IBUKOTA JAKARTA 12850 HALTE JL. SAHRJO",
        "lintang": "-6.1279946",
        "bujur": "106.8939691"
      }
    },
    {
      "type": "Feature",
      "geometry": {
        "type": "Point",
        "coordinates": [
          106.8295962,
          -6.1912618
        ]
      },
      "properties": {
        "periode_data": "2024",
        "wilayah": "KOTA ADM. JAKARTA SELATAN",
        "no_registrasi": "HLT202400186",
        "jenis_halte": "REGULER",
        "kode_barang": "133010118004",
        "lokasi_alamat": "JL. HOS COKROAMINOTO RT 2 RW 5 MENTENG KEC MENTENG KOTA KOTA ADM. JAKARTA PUSAT DAERAH KHUSUS IBUKOTA JAKARTA 10310 HALTE GEREJA",
        "lintang": "-6.1912618",
        "bujur": "106.8295962"
      }
    },
    {
      "type": "Feature",
      "geometry": {
        "type": "Point",
        "coordinates": [
          106.892671,
          -6.1224075
        ]
      },
      "properties": {
        "periode_data": "2024",
        "wilayah": "KOTA ADM. JAKARTA SELATAN",
        "no_registrasi": "HLT202400187",
        "jenis_halte": "REGULER",
        "kode_barang": "133010118004",
        "lokasi_alamat": "JL. RAYA KBY LAMA RT 3 GROGOL SEL KEC KBY LAMA KOTA KOTA ADM. JAKARTA SELATAN DAERAH KHUSUS IBUKOTA JAKARTA 12220 HALTE CIDODOL",
        "lintang": "-6.1224075",
        "bujur": "106.892671"
      }
    },
    {
      "type": "Feature",
      "geometry": {
        "type": "Point",
        "coordinates": [
          106.8146396,
          -6.1850034
        ]
      },
      "properties": {
        "periode_data": "2024",
        "wilayah": "KOTA ADM. JAKARTA PUSAT",
        "no_registrasi": "HLT202400074",
        "jenis_halte": "TRANSJAKARTA",
        "kode_barang": "133010118004",
        "lokasi_alamat": "JL. GUNUNG SAHARI RT 16 RW 3 GN SAHARI UTARA KECAMATAN SAWAH BESAR KOTA KOTA ADM. JAKARTA PUSAT DAERAH KHUSUS IBUKOTA JAKARTA 10720 HALTE JEMBATAN MERAH",
        "lintang": "-6.1850034",
        "bujur": "106.8146396"
      }
    },
    {
      "type": "Feature",
      "geometry": {
        "type": "Point",
        "coordinates": [
          106.8858365,
          -6.2217319
        ]
      },
      "properties": {
        "periode_data": "2024",
        "wilayah": "KOTA ADM. JAKARTA SELATAN",
        "no_registrasi": "HLT202400075",
        "jenis_halte": "REGULER",
        "kode_barang": "133010118004",
        "lokasi_alamat": "JL. KWINI II KECAMATAN SAWAH BESAR KOTA KOTA ADM. JAKARTA PUSAT DAERAH KHUSUS IBUKOTA JAKARTA 10710 DEPAN RUMAH DUKA SENTOSA",
        "lintang": "-6.2217319",
        "bujur": "106.8858365"
      }
    },
    {
      "type": "Feature",
      "geometry": {
        "type": "Point",
        "coordinates": [
          106.8062231,
          -6.2240993
        ]
      },
      "properties": {
        "periode_data": "2024",
        "wilayah": "KOTA ADM. JAKARTA UTARA",
        "no_registrasi": "HLT202400076",
        "jenis_halte": "TRANSJAKARTA",
        "kode_barang": "133010118004",
        "lokasi_alamat": "PANTAI INDAH RW 10 ANCOL KEC PADEMANGAN KOTA JKT UTARA DAERAH KHUSUS IBUKOTA JAKARTA 14430 HALTE BUSWAY TAMAN IMPIAN JAYA ANCOL",
        "lintang": "-6.2240993",
        "bujur": "106.8062231"
      }
    },
    {
      "type": "Feature",
      "geometry": {
        "type": "Point",
        "coordinates": [
          106.8810959,
          -6.2266174
        ]
      },
      "properties": {
        "periode_data": "2024",
        "wilayah": "KOTA ADM. JAKARTA SELATAN",
        "no_registrasi": "HLT202400077",
        "jenis_halte": "TRANSJAKARTA",
        "kode_barang": "133010135001",
        "lokasi_alamat": "JL. MERDEKA SELATAN KOTA ADM. JAKARTA PUSAT RT 11 RW 2 GAMBIR KECAMATAN GAMBIR KOTA KOTA ADM. JAKARTA PUSAT DAERAH KHUSUS IBUKOTA JAKARTA 10110 DEPAN GTO GAMBIR",
        "lintang": "-6.2266174",
        "bujur": "106.8810959"
      }
    },
    {
      "type": "Feature",
      "geometry": {
        "type": "Point",
        "coordinates": [
          106.8816727,
          -6.1623284
        ]
      },
      "properties": {
        "periode_data": "2024",
        "wilayah": "KOTA ADM. JAKARTA SELATAN",
        "no_registrasi": "HLT202400078",
        "jenis_halte": "TRANSJAKARTA",
        "kode_barang": "133010118004",
        "lokasi_alamat": "JL. SACO RAGUNAN KEC PS MINGGU KOTA KOTA ADM. JAKARTA SELATAN DAERAH KHUSUS IBUKOTA JAKARTA 12550 HALTE BUSWAY KEBUN BINATANG RAGUNAN",
        "lintang": "-6.1623284",
        "bujur": "106.8816727"
      }
    },
    {
      "type": "Feature",
      "geometry": {
        "type": "Point",
        "coordinates": [
          106.780306,
          -6.2840023
        ]
      },
      "properties": {
        "periode_data": "2024",
        "wilayah": "KOTA ADM. JAKARTA SELATAN",
        "no_registrasi": "HLT202400079",
        "jenis_halte": "REGULER",
        "kode_barang": "133010118004",
        "lokasi_alamat": "JL. PANGERAN DIPONEGORO MENTENG KEC MENTENG KOTA KOTA ADM. JAKARTA PUSAT DAERAH KHUSUS IBUKOTA JAKARTA HALTE GEDUNG WANITA",
        "lintang": "-6.2840023",
        "bujur": "106.780306"
      }
    },
    {
      "type": "Feature",
      "geometry": {
        "type": "Point",
        "coordinates": [
          106.8019712,
          -6.2136644
        ]
      },
      "properties": {
        "periode_data": "2024",
        "wilayah": "KOTA ADM. JAKARTA PUSAT",
        "no_registrasi": "HLT202400080",
        "jenis_halte": "TRANSJAKARTA",
        "kode_barang": "133010118004",
        "lokasi_alamat": "JL. MATRAMAN RAYA PALMERIAM KEC MATRAMAN KOTA KOTA ADM. JAKARTA TIMUR DAERAH KHUSUS IBUKOTA JAKARTA HALTE BUSWAY MATRAMAN 1",
        "lintang": "-6.2136644",
        "bujur": "106.8019712"
      }
    },
    {
      "type": "Feature",
      "geometry": {
        "type": "Point",
        "coordinates": [
          106.7774645,
          -6.2572175
        ]
      },
      "properties": {
        "periode_data": "2024",
        "wilayah": "KOTA ADM. JAKARTA SELATAN",
        "no_registrasi": "HLT202400081",
        "jenis_halte": "REGULER",
        "kode_barang": "133010135001",
        "lokasi_alamat": "JL. PEMUDA 2 RT 2 RW 7 RAWAMANGUN KEC PULO GADUNG KOTA KOTA ADM. JAKARTA TIMUR DAERAH KHUSUS IBUKOTA JAKARTA 13220 DEPAN ARION MALL",
        "lintang": "-6.2572175",
        "bujur": "106.7774645"
      }
    },
    {
      "type": "Feature",
      "geometry": {
        "type": "Point",
        "coordinates": [
          106.9233135,
          -6.2195494
        ]
      },
      "properties": {
        "periode_data": "2024",
        "wilayah": "KOTA ADM. JAKARTA TIMUR",
        "no_registrasi": "HLT202400082",
        "jenis_halte": "TRANSJAKARTA",
        "kode_barang": "133010135001",
        "lokasi_alamat": "FLYOVER PRAMUKA RT 1 RW 1 PALMERIAM KEC MATRAMAN KOTA KOTA ADM. JAKARTA TIMUR DAERAH KHUSUS IBUKOTA JAKARTA 10440 HALTE BUSWAY MATRAMAN 2",
        "lintang": "-6.2195494",
        "bujur": "106.9233135"
      }
    },
    {
      "type": "Feature",
      "geometry": {
        "type": "Point",
        "coordinates": [
          106.8222103,
          -6.2054427
        ]
      },
      "properties": {
        "periode_data": "2024",
        "wilayah": "KOTA ADM. JAKARTA SELATAN",
        "no_registrasi": "HLT202400083",
        "jenis_halte": "TRANSJAKARTA",
        "kode_barang": "133010118004",
        "lokasi_alamat": "JL. DANAU SUNTER UTARA RT 1 RW 10 SUNTER AGUNG TJ PRIOK KOTA JKT UTARA DAERAH KHUSUS IBUKOTA JAKARTA 14350 HALTE BUS SEKOLAH",
        "lintang": "-6.2054427",
        "bujur": "106.8222103"
      }
    },
    {
      "type": "Feature",
      "geometry": {
        "type": "Point",
        "coordinates": [
          106.9231883,
          -6.2221733
        ]
      },
      "properties": {
        "periode_data": "2024",
        "wilayah": "KOTA ADM. JAKARTA PUSAT",
        "no_registrasi": "HLT202400084",
        "jenis_halte": "REGULER",
        "kode_barang": "133010118004",
        "lokasi_alamat": "JL. KRAPU 12 RT 1 RW 8 ANCOL KEC PADEMANGAN KOTA JKT UTARA DAERAH KHUSUS IBUKOTA JAKARTA 14430 DEPAN POMPA AIR PASAR IKAN",
        "lintang": "-6.2221733",
        "bujur": "106.9231883"
      }
    },
    {
      "type": "Feature",
      "geometry": {
        "type": "Point",
        "coordinates": [
          106.8086789,
          -6.2730121
        ]
      },
      "properties": {
        "periode_data": "2024",
        "wilayah": "KOTA ADM. JAKARTA PUSAT",
        "no_registrasi": "HLT202400085",
        "jenis_halte": "TRANSJAKARTA",
        "kode_barang": "133010118004",
        "lokasi_alamat": "JALAN PRAMUKA RAYA RT 7 RW 2 RAWASARI KEC CEMP PUTIH KOTA KOTA ADM. JAKARTA PUSAT DAERAH KHUSUS IBUKOTA JAKARTA 10570 HALTE BUSWAY PASAR GENJING",
        "lintang": "-6.2730121",
        "bujur": "106.8086789"
      }
    },
    {
      "type": "Feature",
      "geometry": {
        "type": "Point",
        "coordinates": [
          106.9366854,
          -6.2178543
        ]
      },
      "properties": {
        "periode_data": "2024",
        "wilayah": "KOTA ADM. JAKARTA TIMUR",
        "no_registrasi": "HLT202400086",
        "jenis_halte": "REGULER",
        "kode_barang": "133010118004",
        "lokasi_alamat": "JL. JEND AHMAD YANI RT 15 RW 7 CEMP PUTIH TIM KEC CEMP PUTIH KOTA KOTA ADM. JAKARTA PUSAT DAERAH KHUSUS IBUKOTA JAKARTA 10510 HALTE BUSWAY KAYU PUTIH RAWASARI",
        "lintang": "-6.2178543",
        "bujur": "106.9366854"
      }
    },
    {
      "type": "Feature",
      "geometry": {
        "type": "Point",
        "coordinates": [
          106.8231952,
          -6.1879682
        ]
      },
      "properties": {
        "periode_data": "2024",
        "wilayah": "KOTA ADM. JAKARTA TIMUR",
        "no_registrasi": "HLT202400087",
        "jenis_halte": "TRANSJAKARTA",
        "kode_barang": "133010135001",
        "lokasi_alamat": "JL. RAYA JAKARTA BOGOR RT 3 RW 7 KELURAHAN KAMPUNG TENGAH KECAMATAN KRAMAT JATI HALTE PASAR INDUK",
        "lintang": "-6.1879682",
        "bujur": "106.8231952"
      }
    },
    {
      "type": "Feature",
      "geometry": {
        "type": "Point",
        "coordinates": [
          106.8228737,
          -6.1838741
        ]
      },
      "properties": {
        "periode_data": "2024",
        "wilayah": "KOTA ADM. JAKARTA UTARA",
        "no_registrasi": "HLT202400088",
        "jenis_halte": "REGULER",
        "kode_barang": "133010135001",
        "lokasi_alamat": "JL. KRAMAT JAYA SEBERANG SWALAYAN RAMANYANA",
        "lintang": "-6.1838741",
        "bujur": "106.8228737"
      }
    },
    {
      "type": "Feature",
      "geometry": {
        "type": "Point",
        "coordinates": [
          106.9338228,
          -6.2173691
        ]
      },
      "properties": {
        "periode_data": "2024",
        "wilayah": "KOTA ADM. JAKARTA TIMUR",
        "no_registrasi": "HLT202400089",
        "jenis_halte": "TRANSJAKARTA",
        "kode_barang": "133010118004",
        "lokasi_alamat": "JL. UTAN KAYU RAYA NO 109B RW 10 UTAN KAYU UTARA KEC MATRAMAN KOTA KOTA ADM. JAKARTA TIMUR DAERAH KHUSUS IBUKOTA JAKARTA 13120 HALTE BUSWAY UTAN KAYU RAWAMANGUN",
        "lintang": "-6.2173691",
        "bujur": "106.9338228"
      }
    },
    {
      "type": "Feature",
      "geometry": {
        "type": "Point",
        "coordinates": [
          106.8230634,
          -6.1984712
        ]
      },
      "properties": {
        "periode_data": "2024",
        "wilayah": "KOTA ADM. JAKARTA PUSAT",
        "no_registrasi": "HLT202400090",
        "jenis_halte": "REGULER",
        "kode_barang": "133010118004",
        "lokasi_alamat": "JL. PEMUDA RT 2 RW 7 RAWAMANGUN KEC PULO GADUNG KOTA KOTA ADM. JAKARTA TIMUR DAERAH KHUSUS IBUKOTA JAKARTA 13220 HALTE BALAI PUSTAKA",
        "lintang": "-6.1984712",
        "bujur": "106.8230634"
      }
    },
    {
      "type": "Feature",
      "geometry": {
        "type": "Point",
        "coordinates": [
          106.9160447,
          -6.1827628
        ]
      },
      "properties": {
        "periode_data": "2024",
        "wilayah": "KOTA ADM. JAKARTA PUSAT",
        "no_registrasi": "HLT202400091",
        "jenis_halte": "TRANSJAKARTA",
        "kode_barang": "133010118004",
        "lokasi_alamat": "JL. PRAMUKA RT 6 RW 8 UTAN KAYU UTARA KEC MATRAMAN KOTA KOTA ADM. JAKARTA TIMUR DAERAH KHUSUS IBUKOTA JAKARTA 13120 HALTE BUSWAY PRAMUKA LIA",
        "lintang": "-6.1827628",
        "bujur": "106.9160447"
      }
    },
    {
      "type": "Feature",
      "geometry": {
        "type": "Point",
        "coordinates": [
          106.8229092,
          -6.1760574
        ]
      },
      "properties": {
        "periode_data": "2024",
        "wilayah": "KOTA ADM. JAKARTA SELATAN",
        "no_registrasi": "HLT202400092",
        "jenis_halte": "TRANSJAKARTA",
        "kode_barang": "133010118004",
        "lokasi_alamat": "JL. DI PANJAITAN RT 1 RW 3 CIPINANG CEMPEDAK JATINEGARA EAST JAKARTA CITY JAKARTA HALTE PENAS KALIMALANG",
        "lintang": "-6.1760574",
        "bujur": "106.8229092"
      }
    },
    {
      "type": "Feature",
      "geometry": {
        "type": "Point",
        "coordinates": [
          106.7571266,
          -6.2036064
        ]
      },
      "properties": {
        "periode_data": "2024",
        "wilayah": "KOTA ADM. JAKARTA PUSAT",
        "no_registrasi": "HLT202400093",
        "jenis_halte": "TRANSJAKARTA",
        "kode_barang": "133010118004",
        "lokasi_alamat": "JL. PRAMUKA RT 14 RW 8 RAWASARI KEC CEMP PUTIH KOTA KOTA ADM. JAKARTA PUSAT DAERAH KHUSUS IBUKOTA JAKARTA 13120 HALTE BUSWAY PRAMUKA BPKP",
        "lintang": "-6.2036064",
        "bujur": "106.7571266"
      }
    },
    {
      "type": "Feature",
      "geometry": {
        "type": "Point",
        "coordinates": [
          106.8253784,
          -6.1681994
        ]
      },
      "properties": {
        "periode_data": "2024",
        "wilayah": "KOTA ADM. JAKARTA SELATAN",
        "no_registrasi": "HLT202400094",
        "jenis_halte": "REGULER",
        "kode_barang": "133010118004",
        "lokasi_alamat": "JL. GARUDA RT 7 RW 4 GN SAHARI SEL KEC KEMAYORAN KOTA KOTA ADM. JAKARTA PUSAT DAERAH KHUSUS IBUKOTA JAKARTA 10610 HALTE REL KA",
        "lintang": "-6.1681994",
        "bujur": "106.8253784"
      }
    },
    {
      "type": "Feature",
      "geometry": {
        "type": "Point",
        "coordinates": [
          106.8200411,
          -6.1683444
        ]
      },
      "properties": {
        "periode_data": "2024",
        "wilayah": "KOTA ADM. JAKARTA PUSAT",
        "no_registrasi": "HLT202400095",
        "jenis_halte": "TRANSJAKARTA",
        "kode_barang": "133010135001",
        "lokasi_alamat": "JL. BUNGUR RAYA RT 7 RW 1 KEMAYORAN KEC KEMAYORAN KOTA KOTA ADM. JAKARTA PUSAT DAERAH KHUSUS IBUKOTA JAKARTA HALTE IBIS",
        "lintang": "-6.1683444",
        "bujur": "106.8200411"
      }
    },
    {
      "type": "Feature",
      "geometry": {
        "type": "Point",
        "coordinates": [
          106.819895,
          -6.1672865
        ]
      },
      "properties": {
        "periode_data": "2024",
        "wilayah": "KOTA ADM. JAKARTA TIMUR",
        "no_registrasi": "HLT202400096",
        "jenis_halte": "TRANSJAKARTA",
        "kode_barang": "133010135001",
        "lokasi_alamat": "JL. PEMUDA RT 13 RW 2 RAWAMANGUN KEC PULO GADUNG KOTA KOTA ADM. JAKARTA TIMUR DAERAH KHUSUS IBUKOTA JAKARTA 13220 HALTE BUSWAY UNJ",
        "lintang": "-6.1672865",
        "bujur": "106.819895"
      }
    },
    {
      "type": "Feature",
      "geometry": {
        "type": "Point",
        "coordinates": [
          106.7297146,
          -6.1379476
        ]
      },
      "properties": {
        "periode_data": "2024",
        "wilayah": "KOTA ADM. JAKARTA TIMUR",
        "no_registrasi": "HLT202400097",
        "jenis_halte": "REGULER",
        "kode_barang": "133010118004",
        "lokasi_alamat": "JL. JEND AHMAD YANI RT 8 RW 15 PISANGAN BARU KEC MATRAMAN KOTA KOTA ADM. JAKARTA TIMUR DAERAH KHUSUS IBUKOTA JAKARTA 13110 SEBELUM GERBANG TOL JATINEGARA",
        "lintang": "-6.1379476",
        "bujur": "106.7297146"
      }
    },
    {
      "type": "Feature",
      "geometry": {
        "type": "Point",
        "coordinates": [
          106.7256647,
          -6.1535797
        ]
      },
      "properties": {
        "periode_data": "2024",
        "wilayah": "KOTA ADM. JAKARTA TIMUR",
        "no_registrasi": "HLT202400098",
        "jenis_halte": "TRANSJAKARTA",
        "kode_barang": "133010118004",
        "lokasi_alamat": "JL. PEMUDA RT 9 RW 3 RAWAMANGUN KEC PULO GADUNG KOTA KOTA ADM. JAKARTA TIMUR DAERAH KHUSUS IBUKOTA JAKARTA 13220 HALTE BUSWAY SUNAN GIRI",
        "lintang": "-6.1535797",
        "bujur": "106.7256647"
      }
    },
    {
      "type": "Feature",
      "geometry": {
        "type": "Point",
        "coordinates": [
          106.8172757,
          -6.1700777
        ]
      },
      "properties": {
        "periode_data": "2024",
        "wilayah": "KOTA ADM. JAKARTA PUSAT",
        "no_registrasi": "HLT202400099",
        "jenis_halte": "REGULER",
        "kode_barang": "133010118004",
        "lokasi_alamat": "JL. PRAMUKA RT 3 RW 2 RAWASARI CEMPAKA PUTIH CENTRAL JAKARTA CITY JAKARTA SAMPING CHANDRA KARYA",
        "lintang": "-6.1700777",
        "bujur": "106.8172757"
      }
    },
    {
      "type": "Feature",
      "geometry": {
        "type": "Point",
        "coordinates": [
          106.8229726,
          -6.178838
        ]
      },
      "properties": {
        "periode_data": "2024",
        "wilayah": "KOTA ADM. JAKARTA PUSAT",
        "no_registrasi": "HLT202400100",
        "jenis_halte": "TRANSJAKARTA",
        "kode_barang": "133010118004",
        "lokasi_alamat": "JL. PEMUDA RT 8 RW 5 RAWAMANGUN KEC PULO GADUNG KOTA KOTA ADM. JAKARTA TIMUR DAERAH KHUSUS IBUKOTA JAKARTA 13220 HALTE BUSWAY VELODROME",
        "lintang": "-6.178838",
        "bujur": "106.8229726"
      }
    },
    {
      "type": "Feature",
      "geometry": {
        "type": "Point",
        "coordinates": [
          106.7821317,
          -6.261563
        ]
      },
      "properties": {
        "periode_data": "2024",
        "wilayah": "KOTA ADM. JAKARTA TIMUR",
        "no_registrasi": "HLT202400101",
        "jenis_halte": "TRANSJAKARTA",
        "kode_barang": "133010118004",
        "lokasi_alamat": "JL. PEMUDA RT 3 RW 1 JATI KEC PULO GADUNG KOTA KOTA ADM. JAKARTA TIMUR DAERAH KHUSUS IBUKOTA JAKARTA 13220 HALTE BUSWAY PEMUDA RAWAMANGUN",
        "lintang": "-6.261563",
        "bujur": "106.7821317"
      }
    },
    {
      "type": "Feature",
      "geometry": {
        "type": "Point",
        "coordinates": [
          106.9480215,
          -6.205528
        ]
      },
      "properties": {
        "periode_data": "2024",
        "wilayah": "KOTA ADM. JAKARTA PUSAT",
        "no_registrasi": "HLT202400102",
        "jenis_halte": "REGULER",
        "kode_barang": "133010118004",
        "lokasi_alamat": "JL. TB SIMATUPANG RT 1 RW 5 RAGUNAN KEC PS MINGGU KOTA KOTA ADM. JAKARTA SELATAN DAERAH KHUSUS IBUKOTA JAKARTA 12550 HALTE RSUD PASAR MINGGU",
        "lintang": "-6.205528",
        "bujur": "106.9480215"
      }
    },
    {
      "type": "Feature",
      "geometry": {
        "type": "Point",
        "coordinates": [
          106.8130677,
          -6.1829363
        ]
      },
      "properties": {
        "periode_data": "2024",
        "wilayah": "KOTA ADM. JAKARTA TIMUR",
        "no_registrasi": "HLT202400103",
        "jenis_halte": "TRANSJAKARTA",
        "kode_barang": "133010118004",
        "lokasi_alamat": "JL. PEMUDA NO 2 JATINEGARA KAUM KEC PULO GADUNG KOTA KOTA ADM. JAKARTA TIMUR DAERAH KHUSUS IBUKOTA JAKARTA 13250 HALTE TU GAS",
        "lintang": "-6.1829363",
        "bujur": "106.8130677"
      }
    },
    {
      "type": "Feature",
      "geometry": {
        "type": "Point",
        "coordinates": [
          106.9439817,
          -6.2123633
        ]
      },
      "properties": {
        "periode_data": "2024",
        "wilayah": "KOTA ADM. JAKARTA TIMUR",
        "no_registrasi": "HLT202400104",
        "jenis_halte": "REGULER",
        "kode_barang": "133010118004",
        "lokasi_alamat": "JL. RAYA KALIMALANG 77 RT 10 RW 8 PD KLP KEC DUREN SAWIT KOTA KOTA ADM. JAKARTA TIMUR DAERAH KHUSUS IBUKOTA JAKARTA 13450 HALTE KAPIN",
        "lintang": "-6.2123633",
        "bujur": "106.9439817"
      }
    },
    {
      "type": "Feature",
      "geometry": {
        "type": "Point",
        "coordinates": [
          106.8375841,
          -6.200266
        ]
      },
      "properties": {
        "periode_data": "2024",
        "wilayah": "KOTA ADM. JAKARTA PUSAT",
        "no_registrasi": "HLT202400105",
        "jenis_halte": "TRANSJAKARTA",
        "kode_barang": "133010118004",
        "lokasi_alamat": "JL. RAYA BEKASI RW TERATE KEC CAKUNG KOTA KOTA ADM. JAKARTA TIMUR DAERAH KHUSUS IBUKOTA JAKARTA HALTE BUSWAY PASAR PULOGADUNG",
        "lintang": "-6.200266",
        "bujur": "106.8375841"
      }
    },
    {
      "type": "Feature",
      "geometry": {
        "type": "Point",
        "coordinates": [
          106.7688545,
          -6.1964351
        ]
      },
      "properties": {
        "periode_data": "2024",
        "wilayah": "KOTA ADM. JAKARTA TIMUR",
        "no_registrasi": "HLT202400106",
        "jenis_halte": "REGULER",
        "kode_barang": "133010118004",
        "lokasi_alamat": "JL. RAYA KALIMALANG 23 RT 4 RW 10 PD KLP KEC DUREN SAWIT KOTA KOTA ADM. JAKARTA TIMUR DAERAH KHUSUS IBUKOTA JAKARTA 13450 HALTE CURUG",
        "lintang": "-6.1964351",
        "bujur": "106.7688545"
      }
    },
    {
      "type": "Feature",
      "geometry": {
        "type": "Point",
        "coordinates": [
          106.8291726,
          -6.2074766
        ]
      },
      "properties": {
        "periode_data": "2024",
        "wilayah": "KOTA ADM. JAKARTA TIMUR",
        "no_registrasi": "HLT202400107",
        "jenis_halte": "TRANSJAKARTA",
        "kode_barang": "133010118004",
        "lokasi_alamat": "JL. JATINEGARA TIMUR NO 105 BALI MESTER KECAMATAN JATINEGARA KOTA KOTA ADM. JAKARTA TIMUR DAERAH KHUSUS IBUKOTA JAKARTA 13310 HALTE KAMPUNG MELAYU",
        "lintang": "-6.2074766",
        "bujur": "106.8291726"
      }
    },
    {
      "type": "Feature",
      "geometry": {
        "type": "Point",
        "coordinates": [
          106.8331295,
          -6.1819135
        ]
      },
      "properties": {
        "periode_data": "2024",
        "wilayah": "KOTA ADM. JAKARTA TIMUR",
        "no_registrasi": "HLT202400108",
        "jenis_halte": "REGULER",
        "kode_barang": "133010118004",
        "lokasi_alamat": "JL. IKPN BINTARO RT 10 RW 10 BINTARO KEC PESANGGRAHAN KOTA KOTA ADM. JAKARTA SELATAN DAERAH KHUSUS IBUKOTA JAKARTA 12330 HALTE VETERAN",
        "lintang": "-6.1819135",
        "bujur": "106.8331295"
      }
    },
    {
      "type": "Feature",
      "geometry": {
        "type": "Point",
        "coordinates": [
          106.7683205,
          -6.187011
        ]
      },
      "properties": {
        "periode_data": "2024",
        "wilayah": "KOTA ADM. JAKARTA TIMUR",
        "no_registrasi": "HLT202400109",
        "jenis_halte": "TRANSJAKARTA",
        "kode_barang": "133010118004",
        "lokasi_alamat": "JL. JEND AHMAD YANI RT 6 RW 11 KAYU PUTIH KOTA KOTA ADM. JAKARTA TIMUR 10510 HALTE BUSWAY PULOMAS BYPASS",
        "lintang": "-6.187011",
        "bujur": "106.7683205"
      }
    },
    {
      "type": "Feature",
      "geometry": {
        "type": "Point",
        "coordinates": [
          106.768414,
          -6.1857823
        ]
      },
      "properties": {
        "periode_data": "2024",
        "wilayah": "KOTA ADM. JAKARTA BARAT",
        "no_registrasi": "HLT202400110",
        "jenis_halte": "TRANSJAKARTA",
        "kode_barang": "133010118004",
        "lokasi_alamat": "JL. NASIONAL 12 KOTA ADM. JAKARTA SELATAN RT 6 RW 7 PD PINANG KEC KBY LAMA KOTA KOTA ADM. JAKARTA SELATAN DAERAH KHUSUS IBUKOTA JAKARTA 12310 HALTE SELAPA",
        "lintang": "-6.1857823",
        "bujur": "106.768414"
      }
    },
    {
      "type": "Feature",
      "geometry": {
        "type": "Point",
        "coordinates": [
          106.8316796,
          -6.178761
        ]
      },
      "properties": {
        "periode_data": "2024",
        "wilayah": "KOTA ADM. JAKARTA UTARA",
        "no_registrasi": "HLT202400111",
        "jenis_halte": "TRANSJAKARTA",
        "kode_barang": "133010118004",
        "lokasi_alamat": "JL. GUNUNG SAHARI RT 1 RW 13 PADEMANGAN BAR KEC PADEMANGAN KOTA JKT UTARA DAERAH KHUSUS IBUKOTA JAKARTA 14420 HALTE BUSWAY PADEMANGAN",
        "lintang": "-6.178761",
        "bujur": "106.8316796"
      }
    },
    {
      "type": "Feature",
      "geometry": {
        "type": "Point",
        "coordinates": [
          106.7389471,
          -6.1270889
        ]
      },
      "properties": {
        "periode_data": "2024",
        "wilayah": "KOTA ADM. JAKARTA TIMUR",
        "no_registrasi": "HLT202400112",
        "jenis_halte": "REGULER",
        "kode_barang": "133010118004",
        "lokasi_alamat": "JL. H R RASUNA SAID RT 1 RW 6 GUNTUR KECAMATAN SETIABUDI KOTA KOTA ADM. JAKARTA SELATAN DAERAH KHUSUS IBUKOTA JAKARTA 12910 HALTE GEMBIRA",
        "lintang": "-6.1270889",
        "bujur": "106.7389471"
      }
    },
    {
      "type": "Feature",
      "geometry": {
        "type": "Point",
        "coordinates": [
          106.8310128,
          -6.1722526
        ]
      },
      "properties": {
        "periode_data": "2024",
        "wilayah": "KOTA ADM. JAKARTA TIMUR",
        "no_registrasi": "HLT202400113",
        "jenis_halte": "TRANSJAKARTA",
        "kode_barang": "133010118004",
        "lokasi_alamat": "JL. JATINEGARA TIM BALI MESTER KECAMATAN JATINEGARA KOTA KOTA ADM. JAKARTA TIMUR JAWA TIMUR 13310 HALTE BUSWAY PASAR JATINEGARA",
        "lintang": "-6.1722526",
        "bujur": "106.8310128"
      }
    },
    {
      "type": "Feature",
      "geometry": {
        "type": "Point",
        "coordinates": [
          106.83081,
          -6.1726783
        ]
      },
      "properties": {
        "periode_data": "2024",
        "wilayah": "KOTA ADM. JAKARTA TIMUR",
        "no_registrasi": "HLT202400114",
        "jenis_halte": "TRANSJAKARTA",
        "kode_barang": "133010118004",
        "lokasi_alamat": "JL. PERINTIS KEMERDEKAAN NO 15 PULO GADUNG KEC CEMP PUTIH KOTA KOTA ADM. JAKARTA TIMUR DAERAH KHUSUS IBUKOTA JAKARTA 13260 HALTE CEMPAKA MAS 2",
        "lintang": "-6.1726783",
        "bujur": "106.83081"
      }
    },
    {
      "type": "Feature",
      "geometry": {
        "type": "Point",
        "coordinates": [
          106.744264,
          -6.1296791
        ]
      },
      "properties": {
        "periode_data": "2024",
        "wilayah": "KOTA ADM. JAKARTA BARAT",
        "no_registrasi": "HLT202400115",
        "jenis_halte": "TRANSJAKARTA",
        "kode_barang": "133010118004",
        "lokasi_alamat": "JL. SUMUR BOR NO 15 RW 2 CENGKARENG BAR KECAMATAN CENGKARENG KOTA KOTA ADM. JAKARTA BARAT DAERAH KHUSUS IBUKOTA JAKARTA 11730 HALTE BUSWAY SUMUR BOR",
        "lintang": "-6.1296791",
        "bujur": "106.744264"
      }
    },
    {
      "type": "Feature",
      "geometry": {
        "type": "Point",
        "coordinates": [
          106.8303404,
          -6.1728321
        ]
      },
      "properties": {
        "periode_data": "2024",
        "wilayah": "KOTA ADM. JAKARTA TIMUR",
        "no_registrasi": "HLT202400116",
        "jenis_halte": "REGULER",
        "kode_barang": "133010118004",
        "lokasi_alamat": "JL. TB SIMATUPANG RT 5 RW 9 PS MINGGU KEC PS MINGGU KOTA KOTA ADM. JAKARTA SELATAN DAERAH KHUSUS IBUKOTA JAKARTA 12520 BAWAH JPO DEPAN RUMAH POMAPA",
        "lintang": "-6.1728321",
        "bujur": "106.8303404"
      }
    },
    {
      "type": "Feature",
      "geometry": {
        "type": "Point",
        "coordinates": [
          106.729577,
          -6.2192887
        ]
      },
      "properties": {
        "periode_data": "2024",
        "wilayah": "KOTA ADM. JAKARTA BARAT",
        "no_registrasi": "HLT202400117",
        "jenis_halte": "TRANSJAKARTA",
        "kode_barang": "133010118004",
        "lokasi_alamat": "JALAN AA RW 2 CENGKARENG BARAT CENGKARENG KOTA KOTA ADM. JAKARTA BARAT 11730 HALTE BUSWAY RAWA BUAYA",
        "lintang": "-6.2192887",
        "bujur": "106.729577"
      }
    },
    {
      "type": "Feature",
      "geometry": {
        "type": "Point",
        "coordinates": [
          106.8311534,
          -6.1757455
        ]
      },
      "properties": {
        "periode_data": "2024",
        "wilayah": "KOTA ADM. JAKARTA TIMUR",
        "no_registrasi": "HLT202400118",
        "jenis_halte": "REGULER",
        "kode_barang": "133010118004",
        "lokasi_alamat": "JL. GATOT SUBROTO RT 1 RW 3 GELORA KECAMATAN TANAH ABANG KOTA KOTA ADM. JAKARTA PUSAT DAERAH KHUSUS IBUKOTA JAKARTA 10270 DEKAT JPO SEBRANG DPR",
        "lintang": "-6.1757455",
        "bujur": "106.8311534"
      }
    },
    {
      "type": "Feature",
      "geometry": {
        "type": "Point",
        "coordinates": [
          106.7229983,
          -6.2204492
        ]
      },
      "properties": {
        "periode_data": "2024",
        "wilayah": "KOTA ADM. JAKARTA BARAT",
        "no_registrasi": "HLT202400119",
        "jenis_halte": "TRANSJAKARTA",
        "kode_barang": "133010118004",
        "lokasi_alamat": "HALTE BUSWAY JL. DAAN MOGOT RT 6 RW 1 TIM CENGKARENG TIM KECAMATAN CENGKARENG 11730 HALTE BUSWAY JEMBATAN BARU",
        "lintang": "-6.2204492",
        "bujur": "106.7229983"
      }
    },
    {
      "type": "Feature",
      "geometry": {
        "type": "Point",
        "coordinates": [
          106.8183644,
          -6.1552985
        ]
      },
      "properties": {
        "periode_data": "2024",
        "wilayah": "KOTA ADM. JAKARTA TIMUR",
        "no_registrasi": "HLT202400120",
        "jenis_halte": "REGULER",
        "kode_barang": "133010118004",
        "lokasi_alamat": "JL. GATOT SUBROTO RT 1 RW 3 GELORA KECAMATAN TANAH ABANG KOTA KOTA ADM. JAKARTA PUSAT DAERAH KHUSUS IBUKOTA JAKARTA 10270 DEKAT JPO SEBRANG DPR",
        "lintang": "-6.1552985",
        "bujur": "106.8183644"
      }
    },
    {
      "type": "Feature",
      "geometry": {
        "type": "Point",
        "coordinates": [
          106.8331325,
          -6.1820065
        ]
      },
      "properties": {
        "periode_data": "2024",
        "wilayah": "KOTA ADM. JAKARTA PUSAT",
        "no_registrasi": "HLT202400121",
        "jenis_halte": "TRANSJAKARTA",
        "kode_barang": "133010118004",
        "lokasi_alamat": "JL. DAAN MOGOT CENGKARENG TIM KECAMATAN CENGKARENG KOTA KOTA ADM. JAKARTA BARAT DAERAH KHUSUS IBUKOTA JAKARTA HALTE BUSWAY DISPENDA",
        "lintang": "-6.1820065",
        "bujur": "106.8331325"
      }
    },
    {
      "type": "Feature",
      "geometry": {
        "type": "Point",
        "coordinates": [
          106.7588944,
          -6.197967
        ]
      },
      "properties": {
        "periode_data": "2024",
        "wilayah": "KOTA ADM. JAKARTA TIMUR",
        "no_registrasi": "HLT202400122",
        "jenis_halte": "REGULER",
        "kode_barang": "133010118004",
        "lokasi_alamat": "JL. PROKLAMASI 49 RT 11 RW 2 PEGANGSAAN KEC MENTENG KOTA KOTA ADM. JAKARTA PUSAT DAERAH KHUSUS IBUKOTA JAKARTA 10320 DEPAN MUI",
        "lintang": "-6.197967",
        "bujur": "106.7588944"
      }
    },
    {
      "type": "Feature",
      "geometry": {
        "type": "Point",
        "coordinates": [
          106.8679477,
          -6.2351046
        ]
      },
      "properties": {
        "periode_data": "2024",
        "wilayah": "KOTA ADM. JAKARTA BARAT",
        "no_registrasi": "HLT202400123",
        "jenis_halte": "TRANSJAKARTA",
        "kode_barang": "133010118004",
        "lokasi_alamat": "JEMBATAN GANTUNG RT 1 RW 4 KEDAUNG KALI ANGKE CENGKARENG KOTA KOTA ADM. JAKARTA BARAT DAERAH KHUSUS IBUKOTA JAKARTA 11710",
        "lintang": "-6.2351046",
        "bujur": "106.8679477"
      }
    },
    {
      "type": "Feature",
      "geometry": {
        "type": "Point",
        "coordinates": [
          106.8183769,
          -6.1555245
        ]
      },
      "properties": {
        "periode_data": "2024",
        "wilayah": "KOTA ADM. JAKARTA TIMUR",
        "no_registrasi": "HLT202400124",
        "jenis_halte": "TRANSJAKARTA",
        "kode_barang": "133010118004",
        "lokasi_alamat": "JL. HR RASUNA SAID SISI TIMUR KOTA ADM. JAKARTA SELATAN RT 5 RW 5 KUNINGAN KARET KECAMATAN SETIABUDI KOTA KOTA ADM. JAKARTA SELATAN DAERAH KHUSUS IBUKOTA JAKARTA 12920 HALTE JASA RAHARJA",
        "lintang": "-6.1555245",
        "bujur": "106.8183769"
      }
    },
    {
      "type": "Feature",
      "geometry": {
        "type": "Point",
        "coordinates": [
          106.8302784,
          -6.2090915
        ]
      },
      "properties": {
        "periode_data": "2024",
        "wilayah": "KOTA ADM. JAKARTA BARAT",
        "no_registrasi": "HLT202400125",
        "jenis_halte": "TRANSJAKARTA",
        "kode_barang": "133010118004",
        "lokasi_alamat": "JL. TAMAN KOTA KEDAUNG KALI ANGKE KECAMATAN CENGKARENG KOTA KOTA ADM. JAKARTA BARAT DAERAH KHUSUS IBUKOTA JAKARTA HALTE BUSWAY TAMAN KOTA",
        "lintang": "-6.2090915",
        "bujur": "106.8302784"
      }
    },
    {
      "type": "Feature",
      "geometry": {
        "type": "Point",
        "coordinates": [
          106.7884541,
          -6.1725054
        ]
      },
      "properties": {
        "periode_data": "2024",
        "wilayah": "KOTA ADM. JAKARTA TIMUR",
        "no_registrasi": "HLT202400126",
        "jenis_halte": "REGULER",
        "kode_barang": "133010118004",
        "lokasi_alamat": "JL. MAMPANG PRPT RAYA RW 1 TEGAL PARANG KEC MAMPANG PRPT KOTA KOTA ADM. JAKARTA SELATAN DAERAH KHUSUS IBUKOTA JAKARTA 12790 HALTE MAMPANG 10",
        "lintang": "-6.1725054",
        "bujur": "106.7884541"
      }
    },
    {
      "type": "Feature",
      "geometry": {
        "type": "Point",
        "coordinates": [
          106.8174191,
          -6.1531776
        ]
      },
      "properties": {
        "periode_data": "2024",
        "wilayah": "KOTA ADM. JAKARTA BARAT",
        "no_registrasi": "HLT202400127",
        "jenis_halte": "TRANSJAKARTA",
        "kode_barang": "133010118004",
        "lokasi_alamat": "JL. RAYA DAAN MOGOT NO 4 RW 5 DURI KEPA KEC KB JERUK KOTA KOTA ADM. JAKARTA BARAT DAERAH KHUSUS IBUKOTA JAKARTA 11510 HALTE BUSWAY INDOSIAR",
        "lintang": "-6.1531776",
        "bujur": "106.8174191"
      }
    },
    {
      "type": "Feature",
      "geometry": {
        "type": "Point",
        "coordinates": [
          106.7870983,
          -6.1668617
        ]
      },
      "properties": {
        "periode_data": "2024",
        "wilayah": "KOTA ADM. JAKARTA TIMUR",
        "no_registrasi": "HLT202400128",
        "jenis_halte": "TRANSJAKARTA",
        "kode_barang": "133010118004",
        "lokasi_alamat": "JL. HR RASUNA SAID SISI TIMUR KOTA ADM. JAKARTA SELATAN RT 16 RW 4 KUNINGAN KARET KUNINGAN KECAMATAN SETIABUDI KOTA KOTA ADM. JAKARTA SELATAN DAERAH KHUSUS IBUKOTA JAKARTA 12940 HALTE PEDURENAN",
        "lintang": "-6.1668617",
        "bujur": "106.7870983"
      }
    },
    {
      "type": "Feature",
      "geometry": {
        "type": "Point",
        "coordinates": [
          106.8400973,
          -6.1697885
        ]
      },
      "properties": {
        "periode_data": "2024",
        "wilayah": "KOTA ADM. JAKARTA PUSAT",
        "no_registrasi": "HLT202400129",
        "jenis_halte": "TRANSJAKARTA",
        "kode_barang": "133010118004",
        "lokasi_alamat": "JL. DAAN MOGOT RT 8 RW 4 TJ DUREN UTARA KEC GROGOL PETAMBURAN KOTA KOTA ADM. JAKARTA BARAT DAERAH KHUSUS IBUKOTA JAKARTA 11470 HALTE BUSWAY JELAMBAR",
        "lintang": "-6.1697885",
        "bujur": "106.8400973"
      }
    },
    {
      "type": "Feature",
      "geometry": {
        "type": "Point",
        "coordinates": [
          106.7545345,
          -6.1853911
        ]
      },
      "properties": {
        "periode_data": "2024",
        "wilayah": "KOTA ADM. JAKARTA PUSAT",
        "no_registrasi": "HLT202400130",
        "jenis_halte": "TRANSJAKARTA",
        "kode_barang": "133010118004",
        "lokasi_alamat": "JL. JEND SUDIRMAN 35 55 RT 5 RW 3 SENAYAN KEC KBY BARU KOTA KOTA ADM. JAKARTA SELATAN DAERAH KHUSUS IBUKOTA JAKARTA 10270 DEPAN GRAHA CIMB",
        "lintang": "-6.1853911",
        "bujur": "106.7545345"
      }
    },
    {
      "type": "Feature",
      "geometry": {
        "type": "Point",
        "coordinates": [
          106.796395,
          -6.2063325
        ]
      },
      "properties": {
        "periode_data": "2024",
        "wilayah": "KOTA ADM. JAKARTA SELATAN",
        "no_registrasi": "HLT202400131",
        "jenis_halte": "REGULER",
        "kode_barang": "133010118004",
        "lokasi_alamat": "JL. RC VETERAN RAYA 2 6 RT 4 RW 11 BINTARO KEC PESANGGRAHAN KOTA KOTA ADM. JAKARTA SELATAN DAERAH KHUSUS IBUKOTA JAKARTA 12330 HALTE CEMPAKA",
        "lintang": "-6.2063325",
        "bujur": "106.796395"
      }
    },
    {
      "type": "Feature",
      "geometry": {
        "type": "Point",
        "coordinates": [
          106.7870883,
          -6.1668183
        ]
      },
      "properties": {
        "periode_data": "2024",
        "wilayah": "KOTA ADM. JAKARTA PUSAT",
        "no_registrasi": "HLT202400154",
        "jenis_halte": "TRANSJAKARTA",
        "kode_barang": "133010118004",
        "lokasi_alamat": "JL. H IMAM SAPIE 039 IE NO 46 RW 2 SENEN KEC SENEN KOTA KOTA ADM. JAKARTA PUSAT DAERAH KHUSUS IBUKOTA JAKARTA 10410 HALTE BUSWAY ATRIUM",
        "lintang": "-6.1668183",
        "bujur": "106.7870883"
      }
    },
    {
      "type": "Feature",
      "geometry": {
        "type": "Point",
        "coordinates": [
          106.8358646,
          -6.1856473
        ]
      },
      "properties": {
        "periode_data": "2024",
        "wilayah": "KOTA ADM. JAKARTA SELATAN",
        "no_registrasi": "HLT202400155",
        "jenis_halte": "REGULER",
        "kode_barang": "133010118004",
        "lokasi_alamat": "PENGGILINGAN CAKUNG EAST JAKARTA CITY JAKARTA DEPAN SMP PGRI 2",
        "lintang": "-6.1856473",
        "bujur": "106.8358646"
      }
    },
    {
      "type": "Feature",
      "geometry": {
        "type": "Point",
        "coordinates": [
          106.7893453,
          -6.1625456
        ]
      },
      "properties": {
        "periode_data": "2024",
        "wilayah": "KOTA ADM. JAKARTA PUSAT",
        "no_registrasi": "HLT202400156",
        "jenis_halte": "TRANSJAKARTA",
        "kode_barang": "133010118004",
        "lokasi_alamat": "JL. KWINI NO 2 RT 6 RW 1 SENEN KEC SENEN KOTA KOTA ADM. JAKARTA PUSAT DAERAH KHUSUS IBUKOTA JAKARTA 10410 HALTE BUSWAY RSPAD",
        "lintang": "-6.1625456",
        "bujur": "106.7893453"
      }
    },
    {
      "type": "Feature",
      "geometry": {
        "type": "Point",
        "coordinates": [
          106.8356896,
          -6.1850296
        ]
      },
      "properties": {
        "periode_data": "2024",
        "wilayah": "KOTA ADM. JAKARTA PUSAT",
        "no_registrasi": "HLT202400157",
        "jenis_halte": "TRANSJAKARTA",
        "kode_barang": "133010118004",
        "lokasi_alamat": "JL. ABDUL RAHMAN SALEH RAYA RT 9 RW 5 SENEN KECAMATAN SAWAH BESAR KOTA KOTA ADM. JAKARTA PUSAT DAERAH KHUSUS IBUKOTA JAKARTA 10410 HALTE BUSWAY DEPARTEMEN LUAR NEGERI",
        "lintang": "-6.1850296",
        "bujur": "106.8356896"
      }
    },
    {
      "type": "Feature",
      "geometry": {
        "type": "Point",
        "coordinates": [
          106.7922127,
          -6.1297766
        ]
      },
      "properties": {
        "periode_data": "2024",
        "wilayah": "KOTA ADM. JAKARTA SELATAN",
        "no_registrasi": "HLT202400158",
        "jenis_halte": "REGULER",
        "kode_barang": "133010118004",
        "lokasi_alamat": "JL. LETJEND SUPRAPTO RT 7 RW 4 TANAH TINGGI KEC JOHAR BARU KOTA KOTA ADM. JAKARTA PUSAT DAERAH KHUSUS IBUKOTA JAKARTA HALTE HONDA",
        "lintang": "-6.1297766",
        "bujur": "106.7922127"
      }
    },
    {
      "type": "Feature",
      "geometry": {
        "type": "Point",
        "coordinates": [
          106.8340717,
          -6.178815
        ]
      },
      "properties": {
        "periode_data": "2024",
        "wilayah": "KOTA ADM. JAKARTA PUSAT",
        "no_registrasi": "HLT202400159",
        "jenis_halte": "TRANSJAKARTA",
        "kode_barang": "133010118004",
        "lokasi_alamat": "JL. MEDAN MERDEKA TIMUR RT 5 RW 2 GAMBIR KECAMATAN GAMBIR KOTA KOTA ADM. JAKARTA PUSAT DAERAH KHUSUS IBUKOTA JAKARTA 10110 HALTE BUSWAY GAMBIR 1",
        "lintang": "-6.178815",
        "bujur": "106.8340717"
      }
    },
    {
      "type": "Feature",
      "geometry": {
        "type": "Point",
        "coordinates": [
          106.8688926,
          -6.3392141
        ]
      },
      "properties": {
        "periode_data": "2024",
        "wilayah": "KOTA ADM. JAKARTA PUSAT",
        "no_registrasi": "HLT202400160",
        "jenis_halte": "TRANSJAKARTA",
        "kode_barang": "133010118004",
        "lokasi_alamat": "JL. PERWIRA GAMBIR KECAMATAN GAMBIR KOTA KOTA ADM. JAKARTA PUSAT DAERAH KHUSUS IBUKOTA JAKARTA 10110 HALTE BUSWAY ISTIQLAL",
        "lintang": "-6.3392141",
        "bujur": "106.8688926"
      }
    },
    {
      "type": "Feature",
      "geometry": {
        "type": "Point",
        "coordinates": [
          106.8489868,
          -6.193845
        ]
      },
      "properties": {
        "periode_data": "2024",
        "wilayah": "KOTA ADM. JAKARTA SELATAN",
        "no_registrasi": "HLT202400161",
        "jenis_halte": "REGULER",
        "kode_barang": "133010118004",
        "lokasi_alamat": "JL. GUNAWARMAN 4 RT 4 RW 2 SELONG KEC KBY BARU KOTA KOTA ADM. JAKARTA SELATAN DAERAH KHUSUS IBUKOTA JAKARTA 12110 HALTE GUNAWARMAN",
        "lintang": "-6.193845",
        "bujur": "106.8489868"
      }
    },
    {
      "type": "Feature",
      "geometry": {
        "type": "Point",
        "coordinates": [
          106.7924549,
          -6.1333252
        ]
      },
      "properties": {
        "periode_data": "2024",
        "wilayah": "KOTA ADM. JAKARTA PUSAT",
        "no_registrasi": "HLT202400162",
        "jenis_halte": "TRANSJAKARTA",
        "kode_barang": "133010118004",
        "lokasi_alamat": "JL. IR H JUANDA I B NO 2 KB KLP KECAMATAN GAMBIR KOTA KOTA ADM. JAKARTA PUSAT DAERAH KHUSUS IBUKOTA JAKARTA 10120 HALTE BUSWAY JUANDA",
        "lintang": "-6.1333252",
        "bujur": "106.7924549"
      }
    },
    {
      "type": "Feature",
      "geometry": {
        "type": "Point",
        "coordinates": [
          106.7815989,
          -6.1988602
        ]
      },
      "properties": {
        "periode_data": "2024",
        "wilayah": "KOTA ADM. JAKARTA SELATAN",
        "no_registrasi": "HLT202400163",
        "jenis_halte": "REGULER",
        "kode_barang": "133010118004",
        "lokasi_alamat": "JL. GUNAWARMAN 4 RT 4 RW 2 SELONG KEC KBY BARU KOTA KOTA ADM. JAKARTA SELATAN DAERAH KHUSUS IBUKOTA JAKARTA 12110 HALTE GUNAWARMAN",
        "lintang": "-6.1988602",
        "bujur": "106.7815989"
      }
    },
    {
      "type": "Feature",
      "geometry": {
        "type": "Point",
        "coordinates": [
          106.8316532,
          -6.1789931
        ]
      },
      "properties": {
        "periode_data": "2024",
        "wilayah": "KOTA ADM. JAKARTA SELATAN",
        "no_registrasi": "HLT202400164",
        "jenis_halte": "REGULER",
        "kode_barang": "133010118004",
        "lokasi_alamat": "JL. PRAPANCA RAYA 9 RT 1 RW 1 PETOGOGAN KEC KBY BARU KOTA KOTA ADM. JAKARTA SELATAN DAERAH KHUSUS IBUKOTA JAKARTA 12170 HALTE SAMPING WALIKOTA JAKSEL",
        "lintang": "-6.1789931",
        "bujur": "106.8316532"
      }
    },
    {
      "type": "Feature",
      "geometry": {
        "type": "Point",
        "coordinates": [
          106.8682371,
          -6.2205437
        ]
      },
      "properties": {
        "periode_data": "2024",
        "wilayah": "KOTA ADM. JAKARTA TIMUR",
        "no_registrasi": "HLT202400006",
        "jenis_halte": "TRANSJAKARTA",
        "kode_barang": "133010118004",
        "lokasi_alamat": "JL. MAYJEN SUTOYO CILILITAN KEC KRAMAT JATI KOTA KOTA ADM. JAKARTA TIMUR DAERAH KHUSUS IBUKOTA JAKARTA HALTE BUSWAY BKN",
        "lintang": "-6.2205437",
        "bujur": "106.8682371"
      }
    },
    {
      "type": "Feature",
      "geometry": {
        "type": "Point",
        "coordinates": [
          106.8316761,
          -6.1788517
        ]
      },
      "properties": {
        "periode_data": "2024",
        "wilayah": "KOTA ADM. JAKARTA PUSAT",
        "no_registrasi": "HLT202400007",
        "jenis_halte": "REGULER",
        "kode_barang": "133010135001",
        "lokasi_alamat": "JL. M H THAMRIN 11 RT 8 RW 4 GONDANGDIA KEC MENTENG KOTA KOTA ADM. JAKARTA PUSAT DAERAH KHUSUS IBUKOTA JAKARTA 10350 DEPAN KFC SARINAH 2",
        "lintang": "-6.1788517",
        "bujur": "106.8316761"
      }
    },
    {
      "type": "Feature",
      "geometry": {
        "type": "Point",
        "coordinates": [
          106.8295958,
          -6.2976837
        ]
      },
      "properties": {
        "periode_data": "2024",
        "wilayah": "KOTA ADM. JAKARTA BARAT",
        "no_registrasi": "HLT202400008",
        "jenis_halte": "REGULER",
        "kode_barang": "133010135001",
        "lokasi_alamat": "JL. LETJEN S PARMAN RT 12 RW 1 TOMANG KEC GROGOL PETAMBURAN KOTA KOTA ADM. JAKARTA BARAT DAERAH KHUSUS IBUKOTA JAKARTA 11440 DEPAN TRANSMART",
        "lintang": "-6.2976837",
        "bujur": "106.8295958"
      }
    },
    {
      "type": "Feature",
      "geometry": {
        "type": "Point",
        "coordinates": [
          106.8329457,
          -6.1817903
        ]
      },
      "properties": {
        "periode_data": "2024",
        "wilayah": "KOTA ADM. JAKARTA SELATAN",
        "no_registrasi": "HLT202400009",
        "jenis_halte": "TRANSJAKARTA",
        "kode_barang": "133010118004",
        "lokasi_alamat": "JL. JEND SUDIRMAN 36 RT 14 RW 1 BEND HILIR KECAMATAN TANAH ABANG KOTA KOTA ADM. JAKARTA PUSAT DAERAH KHUSUS IBUKOTA JAKARTA 10250 DEKAT GEDUNG BRI",
        "lintang": "-6.1817903",
        "bujur": "106.8329457"
      }
    },
    {
      "type": "Feature",
      "geometry": {
        "type": "Point",
        "coordinates": [
          106.7732508,
          -6.1626922
        ]
      },
      "properties": {
        "periode_data": "2024",
        "wilayah": "KOTA ADM. JAKARTA TIMUR",
        "no_registrasi": "HLT202400010",
        "jenis_halte": "REGULER",
        "kode_barang": "133010118004",
        "lokasi_alamat": "JL. GATOT SUBROTO RT 9 RW 2 BEND HILIR KECAMATAN TANAH ABANG KOTA KOTA ADM. JAKARTA PUSAT DAERAH KHUSUS IBUKOTA JAKARTA 10210 DEPAN KANTOR PERHUBUNGAN",
        "lintang": "-6.1626922",
        "bujur": "106.7732508"
      }
    },
    {
      "type": "Feature",
      "geometry": {
        "type": "Point",
        "coordinates": [
          106.7063633,
          -6.1543483
        ]
      },
      "properties": {
        "periode_data": "2024",
        "wilayah": "KOTA ADM. JAKARTA TIMUR",
        "no_registrasi": "HLT202400011",
        "jenis_halte": "TRANSJAKARTA",
        "kode_barang": "133010118004",
        "lokasi_alamat": "JL. OTISTA RAYA RT 13 RW 8 KP MELAYU KECAMATAN JATINEGARA KOTA KOTA ADM. JAKARTA TIMUR DAERAH KHUSUS IBUKOTA JAKARTA 13330 HALTE BUSWAY GELANGGANG REMAJA",
        "lintang": "-6.1543483",
        "bujur": "106.7063633"
      }
    },
    {
      "type": "Feature",
      "geometry": {
        "type": "Point",
        "coordinates": [
          106.757709,
          -6.157259
        ]
      },
      "properties": {
        "periode_data": "2024",
        "wilayah": "KOTA ADM. JAKARTA TIMUR",
        "no_registrasi": "HLT202400012",
        "jenis_halte": "TRANSJAKARTA",
        "kode_barang": "133010118004",
        "lokasi_alamat": "KP MELAYU KECAMATAN JATINEGARA KOTA KOTA ADM. JAKARTA TIMUR DAERAH KHUSUS IBUKOTA JAKARTA HALTE BUSWAY BIDARA CINA",
        "lintang": "-6.157259",
        "bujur": "106.757709"
      }
    },
    {
      "type": "Feature",
      "geometry": {
        "type": "Point",
        "coordinates": [
          106.7335798,
          -6.1549
        ]
      },
      "properties": {
        "periode_data": "2024",
        "wilayah": "KOTA ADM. JAKARTA TIMUR",
        "no_registrasi": "HLT202400013",
        "jenis_halte": "REGULER",
        "kode_barang": "133010118004",
        "lokasi_alamat": "JL. PALMERAH UTARA 49 55 RT 1 RW 1 PALMERAH KEC PALMERAH KOTA KOTA ADM. JAKARTA BARAT DAERAH KHUSUS IBUKOTA JAKARTA 11480 DEPAN HAJADI",
        "lintang": "-6.1549",
        "bujur": "106.7335798"
      }
    },
    {
      "type": "Feature",
      "geometry": {
        "type": "Point",
        "coordinates": [
          106.8310932,
          -6.1789293
        ]
      },
      "properties": {
        "periode_data": "2024",
        "wilayah": "KOTA ADM. JAKARTA TIMUR",
        "no_registrasi": "HLT202400014",
        "jenis_halte": "REGULER",
        "kode_barang": "133010118004",
        "lokasi_alamat": "JL. MATRAMAN RAYA RT 5 RW 9 PALMERIAM KEC MATRAMAN KOTA KOTA ADM. JAKARTA TIMUR DAERAH KHUSUS IBUKOTA JAKARTA 13150 HALTE GANG KELOR",
        "lintang": "-6.1789293",
        "bujur": "106.8310932"
      }
    },
    {
      "type": "Feature",
      "geometry": {
        "type": "Point",
        "coordinates": [
          106.75769,
          -6.1572633
        ]
      },
      "properties": {
        "periode_data": "2024",
        "wilayah": "KOTA ADM. JAKARTA TIMUR",
        "no_registrasi": "HLT202400015",
        "jenis_halte": "TRANSJAKARTA",
        "kode_barang": "133010118004",
        "lokasi_alamat": "JL. RAYA PD GEDE NO 18C RT 1 RW 1 PINANG RANTI KEC MAKASAR KOTA KOTA ADM. JAKARTA TIMUR DAERAH KHUSUS IBUKOTA JAKARTA 13560 HALTE BUSWAY PINANG RANTI",
        "lintang": "-6.1572633",
        "bujur": "106.75769"
      }
    },
    {
      "type": "Feature",
      "geometry": {
        "type": "Point",
        "coordinates": [
          106.8574095,
          -6.1742485
        ]
      },
      "properties": {
        "periode_data": "2024",
        "wilayah": "KOTA ADM. JAKARTA PUSAT",
        "no_registrasi": "HLT202400016",
        "jenis_halte": "TRANSJAKARTA",
        "kode_barang": "133010118004",
        "lokasi_alamat": "JL. LKR LUAR SEL RT 7 RW 5 RAMBUTAN KEC CIRACAS KOTA KOTA ADM. JAKARTA TIMUR DAERAH KHUSUS IBUKOTA JAKARTA 13830 HALTE BUSWAY TANAH MERDEKA",
        "lintang": "-6.1742485",
        "bujur": "106.8574095"
      }
    },
    {
      "type": "Feature",
      "geometry": {
        "type": "Point",
        "coordinates": [
          106.7627616,
          -6.1590396
        ]
      },
      "properties": {
        "periode_data": "2024",
        "wilayah": "KOTA ADM. JAKARTA SELATAN",
        "no_registrasi": "HLT202400017",
        "jenis_halte": "TRANSJAKARTA",
        "kode_barang": "133010118004",
        "lokasi_alamat": "JL. MEDAN MERDEKA TIM 10 13 RW 1 GAMBIR KECAMATAN GAMBIR KOTA KOTA ADM. JAKARTA PUSAT DAERAH KHUSUS IBUKOTA JAKARTA 10110 SAMPING GEREJA EMANUEL",
        "lintang": "-6.1590396",
        "bujur": "106.7627616"
      }
    },
    {
      "type": "Feature",
      "geometry": {
        "type": "Point",
        "coordinates": [
          106.8672979,
          -6.3323125
        ]
      },
      "properties": {
        "periode_data": "2024",
        "wilayah": "KOTA ADM. JAKARTA UTARA",
        "no_registrasi": "HLT202400200",
        "jenis_halte": "TRANSJAKARTA",
        "kode_barang": "133010118004",
        "lokasi_alamat": "JL. LETJEN SUPRAPTO KOTA ADM. JAKARTA PUSAT RW 8 SUMUR BATU KEC KEMAYORAN DAERAH KHUSUS IBUKOTA JAKARTA 10640 HALTE BUSWAY CEMPAKA TIMUR",
        "lintang": "-6.3323125",
        "bujur": "106.8672979"
      }
    },
    {
      "type": "Feature",
      "geometry": {
        "type": "Point",
        "coordinates": [
          106.826404,
          -6.1810474
        ]
      },
      "properties": {
        "periode_data": "2024",
        "wilayah": "KOTA ADM. JAKARTA PUSAT",
        "no_registrasi": "HLT202400201",
        "jenis_halte": "TRANSJAKARTA",
        "kode_barang": "133010118004",
        "lokasi_alamat": "JL. LETJEND SUPRAPTO RT 16 RW 5 CEMPAKA BARU KEMAYORAN KOTA KOTA ADM. JAKARTA PUSAT DAERAH KHUSUS IBUKOTA JAKARTA 10640 HALTE BUSWAY RS ISLAM",
        "lintang": "-6.1810474",
        "bujur": "106.826404"
      }
    },
    {
      "type": "Feature",
      "geometry": {
        "type": "Point",
        "coordinates": [
          106.7965495,
          -6.2399464
        ]
      },
      "properties": {
        "periode_data": "2024",
        "wilayah": "KOTA ADM. JAKARTA SELATAN",
        "no_registrasi": "HLT202400202",
        "jenis_halte": "REGULER",
        "kode_barang": "133010118004",
        "lokasi_alamat": "JL. BUDI RAYA NO 2 RT 1 RT 1 RW 9 KEMANGGISAN KEC PALMERAH KOTA KOTA ADM. JAKARTA BARAT DAERAH KHUSUS IBUKOTA JAKARTA 11530 DEPAN DNR",
        "lintang": "-6.2399464",
        "bujur": "106.7965495"
      }
    },
    {
      "type": "Feature",
      "geometry": {
        "type": "Point",
        "coordinates": [
          106.8181785,
          -6.2292127
        ]
      },
      "properties": {
        "periode_data": "2024",
        "wilayah": "KOTA ADM. JAKARTA SELATAN",
        "no_registrasi": "HLT202400203",
        "jenis_halte": "REGULER",
        "kode_barang": "133010118004",
        "lokasi_alamat": "JL. PALMERAH BARAT RT 6 RW 14 PALMERAH KEC PALMERAH KOTA KOTA ADM. JAKARTA BARAT DAERAH KHUSUS IBUKOTA JAKARTA 12210 HALTE SD PAL MERAH",
        "lintang": "-6.2292127",
        "bujur": "106.8181785"
      }
    },
    {
      "type": "Feature",
      "geometry": {
        "type": "Point",
        "coordinates": [
          106.816832,
          -6.2255081
        ]
      },
      "properties": {
        "periode_data": "2024",
        "wilayah": "KOTA ADM. JAKARTA PUSAT",
        "no_registrasi": "HLT202400204",
        "jenis_halte": "TRANSJAKARTA",
        "kode_barang": "133010135001",
        "lokasi_alamat": "JL. LET JEND SUPRAPTO CEMPAKA BARU 10640 KOTA ADM. JAKARTA PUSAT INDONESIA JAKARTA HALTE BUSWAY CEMPAKA TENGAH",
        "lintang": "-6.2255081",
        "bujur": "106.816832"
      }
    },
    {
      "type": "Feature",
      "geometry": {
        "type": "Point",
        "coordinates": [
          106.7786642,
          -6.2181305
        ]
      },
      "properties": {
        "periode_data": "2024",
        "wilayah": "KOTA ADM. JAKARTA SELATAN",
        "no_registrasi": "HLT202400205",
        "jenis_halte": "TRANSJAKARTA",
        "kode_barang": "133010135001",
        "lokasi_alamat": "JL. KRAMAT RAYA 5 9 RT 4 RW 2 KRAMAT KEC SENEN KOTA KOTA ADM. JAKARTA PUSAT DAERAH KHUSUS IBUKOTA JAKARTA 10420 HALTE SIMPANG LIMA",
        "lintang": "-6.2181305",
        "bujur": "106.7786642"
      }
    },
    {
      "type": "Feature",
      "geometry": {
        "type": "Point",
        "coordinates": [
          106.7776223,
          -6.2147289
        ]
      },
      "properties": {
        "periode_data": "2024",
        "wilayah": "KOTA ADM. JAKARTA PUSAT",
        "no_registrasi": "HLT202400206",
        "jenis_halte": "TRANSJAKARTA",
        "kode_barang": "133010135001",
        "lokasi_alamat": "JL. LETJEND SUPRAPTO RT 17 RW 3 CEMP BARU KEC KEMAYORAN KOTA KOTA ADM. JAKARTA PUSAT DAERAH KHUSUS IBUKOTA JAKARTA 10640 HALTE BUSWAY PASAR CEMPAKA PUTIH",
        "lintang": "-6.2147289",
        "bujur": "106.7776223"
      }
    },
    {
      "type": "Feature",
      "geometry": {
        "type": "Point",
        "coordinates": [
          106.815831,
          -6.2257015
        ]
      },
      "properties": {
        "periode_data": "2024",
        "wilayah": "KOTA ADM. JAKARTA SELATAN",
        "no_registrasi": "HLT202400207",
        "jenis_halte": "REGULER",
        "kode_barang": "133010135001",
        "lokasi_alamat": "JL. I GUSTI NGURAH RAI RT 10 RW 13 KLENDER KEC CAKUNG KOTA KOTA ADM. JAKARTA TIMUR DAERAH KHUSUS IBUKOTA JAKARTA 13470 HALTE PPP",
        "lintang": "-6.2257015",
        "bujur": "106.815831"
      }
    },
    {
      "type": "Feature",
      "geometry": {
        "type": "Point",
        "coordinates": [
          106.8152767,
          -6.2221187
        ]
      },
      "properties": {
        "periode_data": "2024",
        "wilayah": "KOTA ADM. JAKARTA SELATAN",
        "no_registrasi": "HLT202400208",
        "jenis_halte": "TRANSJAKARTA",
        "kode_barang": "133010135001",
        "lokasi_alamat": "MASJID FALATEHAN NO 1011 JL. FALATEHAN I NO 10 MELAWAI KEC KBY BARU KOTA KOTA ADM. JAKARTA SELATAN DAERAH KHUSUS IBUKOTA JAKARTA 12160 HALTE BUSWAY BLOK M",
        "lintang": "-6.2221187",
        "bujur": "106.8152767"
      }
    },
    {
      "type": "Feature",
      "geometry": {
        "type": "Point",
        "coordinates": [
          106.7835166,
          -6.2118404
        ]
      },
      "properties": {
        "periode_data": "2024",
        "wilayah": "KOTA ADM. JAKARTA SELATAN",
        "no_registrasi": "HLT202400209",
        "jenis_halte": "TRANSJAKARTA",
        "kode_barang": "133010118004",
        "lokasi_alamat": "JL. SISINGAMANGARAJA NO 21 31 RW 4 SELONG KEC KBY BARU KOTA KOTA ADM. JAKARTA SELATAN DAERAH KHUSUS IBUKOTA JAKARTA 12120 HALTE BUSWAY MASJID AGUNG AL AZHAR",
        "lintang": "-6.2118404",
        "bujur": "106.7835166"
      }
    },
    {
      "type": "Feature",
      "geometry": {
        "type": "Point",
        "coordinates": [
          106.8184233,
          -6.2287417
        ]
      },
      "properties": {
        "periode_data": "2024",
        "wilayah": "KOTA ADM. JAKARTA BARAT",
        "no_registrasi": "HLT202400324",
        "jenis_halte": "REGULER",
        "kode_barang": "133010118004",
        "lokasi_alamat": "DAAN MOGOT RD RT 1 RW 1 KALIDERES WEST JAKARTA CITY JAKARTA 11840 HALTE BUS SEKOLAH",
        "lintang": "-6.2287417",
        "bujur": "106.8184233"
      }
    },
    {
      "type": "Feature",
      "geometry": {
        "type": "Point",
        "coordinates": [
          106.7824432,
          -6.1996044
        ]
      },
      "properties": {
        "periode_data": "2024",
        "wilayah": "KOTA ADM. JAKARTA BARAT",
        "no_registrasi": "HLT202400325",
        "jenis_halte": "REGULER",
        "kode_barang": "133010118004",
        "lokasi_alamat": "JL. JEND GATOT SOEBROTO KOTA ADM. JAKARTA SELATAN RT 8 RW 2 KARET SEMANGGI KECAMATAN SETIABUDI KOTA KOTA ADM. JAKARTA SELATAN DAERAH KHUSUS IBUKOTA JAKARTA 12930 BAWAH JPO BUSWAY LIPI",
        "lintang": "-6.1996044",
        "bujur": "106.7824432"
      }
    },
    {
      "type": "Feature",
      "geometry": {
        "type": "Point",
        "coordinates": [
          106.8306617,
          -6.23872
        ]
      },
      "properties": {
        "periode_data": "2024",
        "wilayah": "KOTA ADM. JAKARTA UTARA",
        "no_registrasi": "HLT202400326",
        "jenis_halte": "REGULER",
        "kode_barang": "133010135001",
        "lokasi_alamat": "JL. YOS SUDARSO RT 10 RW 11 SUNTER JAYA TJ PRIOK KOTA JKT UTARA DAERAH KHUSUS IBUKOTA JAKARTA 14360 HALTE ARTHA GADING 2",
        "lintang": "-6.23872",
        "bujur": "106.8306617"
      }
    },
    {
      "type": "Feature",
      "geometry": {
        "type": "Point",
        "coordinates": [
          106.7815751,
          -6.1988927
        ]
      },
      "properties": {
        "periode_data": "2024",
        "wilayah": "KOTA ADM. JAKARTA UTARA",
        "no_registrasi": "HLT202400327",
        "jenis_halte": "REGULER",
        "kode_barang": "133010135001",
        "lokasi_alamat": "JL. YOS SUDARSO RT 10 RW 6 KLP GADING BAR KEC KLP GADING KOTA JKT UTARA DAERAH KHUSUS IBUKOTA JAKARTA 14330 HALTE KODIM",
        "lintang": "-6.1988927",
        "bujur": "106.7815751"
      }
    },
    {
      "type": "Feature",
      "geometry": {
        "type": "Point",
        "coordinates": [
          106.7734026,
          -6.185342
        ]
      },
      "properties": {
        "periode_data": "2024",
        "wilayah": "KOTA ADM. JAKARTA BARAT",
        "no_registrasi": "HLT202400328",
        "jenis_halte": "REGULER",
        "kode_barang": "133010118004",
        "lokasi_alamat": "JL. TANJUNG DUREN BARAT 43 RT 9 RW 5 TJ DUREN UTARA KEC GROGOL PETAMBURAN KOTA KOTA ADM. JAKARTA BARAT DAERAH KHUSUS IBUKOTA JAKARTA 11470 SAMPING ANAK PANAH TOKO",
        "lintang": "-6.185342",
        "bujur": "106.7734026"
      }
    },
    {
      "type": "Feature",
      "geometry": {
        "type": "Point",
        "coordinates": [
          106.772875,
          -6.1626533
        ]
      },
      "properties": {
        "periode_data": "2024",
        "wilayah": "KOTA ADM. JAKARTA UTARA",
        "no_registrasi": "HLT202400329",
        "jenis_halte": "REGULER",
        "kode_barang": "133010118004",
        "lokasi_alamat": "JL. YOS SUDARSO KOTA ADM. JAKARTA UTARA RT 2 RW 9 SUNTER JAYA TJ PRIOK KOTA JKT UTARA DAERAH KHUSUS IBUKOTA JAKARTA 14360 HALTE YOS SUDARSO KODAMAR",
        "lintang": "-6.1626533",
        "bujur": "106.772875"
      }
    },
    {
      "type": "Feature",
      "geometry": {
        "type": "Point",
        "coordinates": [
          106.8005378,
          -6.2277157
        ]
      },
      "properties": {
        "periode_data": "2024",
        "wilayah": "KOTA ADM. JAKARTA BARAT",
        "no_registrasi": "HLT202400330",
        "jenis_halte": "REGULER",
        "kode_barang": "133010135001",
        "lokasi_alamat": "JL. TANJUNG DUREN BARAT 1 10 RT 14 RW 5 TJ DUREN UTARA KEC GROGOL PETAMBURAN KOTA KOTA ADM. JAKARTA BARAT DAERAH KHUSUS IBUKOTA JAKARTA 11470 SEBRANG JL. TANJUNG DUREN BARAT II",
        "lintang": "-6.2277157",
        "bujur": "106.8005378"
      }
    },
    {
      "type": "Feature",
      "geometry": {
        "type": "Point",
        "coordinates": [
          106.7844223,
          -6.1885238
        ]
      },
      "properties": {
        "periode_data": "2024",
        "wilayah": "KOTA ADM. JAKARTA BARAT",
        "no_registrasi": "HLT202400331",
        "jenis_halte": "REGULER",
        "kode_barang": "133010135001",
        "lokasi_alamat": "JL. OUTER RINGROAD LINGKAR LUAR KOTA ADM. JAKARTA BARAT RT 12 RW 11 CENGKARENG TIM KECAMATAN CENGKARENG KOTA KOTA ADM. JAKARTA BARAT DAERAH KHUSUS IBUKOTA JAKARTA 11730 HALTE BUS SEKOLAH",
        "lintang": "-6.1885238",
        "bujur": "106.7844223"
      }
    },
    {
      "type": "Feature",
      "geometry": {
        "type": "Point",
        "coordinates": [
          106.7886867,
          -6.189423
        ]
      },
      "properties": {
        "periode_data": "2024",
        "wilayah": "KOTA ADM. JAKARTA UTARA",
        "no_registrasi": "HLT202400332",
        "jenis_halte": "REGULER",
        "kode_barang": "133010118004",
        "lokasi_alamat": "JL. YOS SUDARSO RT 2 RW 9 SUNTER JAYA TJ PRIOK KOTA JKT UTARA DAERAH KHUSUS IBUKOTA JAKARTA 14360 HALTE CEMPAKA MAS",
        "lintang": "-6.189423",
        "bujur": "106.7886867"
      }
    },
    {
      "type": "Feature",
      "geometry": {
        "type": "Point",
        "coordinates": [
          106.8045232,
          -6.2035528
        ]
      },
      "properties": {
        "periode_data": "2024",
        "wilayah": "KOTA ADM. JAKARTA PUSAT",
        "no_registrasi": "HLT202400333",
        "jenis_halte": "REGULER",
        "kode_barang": "133010118004",
        "lokasi_alamat": "JL. KAPUK RAYA 87 RT 3 RW 3 KAMAL MUARA KEC PENJARINGAN KOTA JKT UTARA DAERAH KHUSUS IBUKOTA JAKARTA 11720 HALTE SDN KAPUK",
        "lintang": "-6.2035528",
        "bujur": "106.8045232"
      }
    },
    {
      "type": "Feature",
      "geometry": {
        "type": "Point",
        "coordinates": [
          106.7946099,
          -6.1894763
        ]
      },
      "properties": {
        "periode_data": "2024",
        "wilayah": "KOTA ADM. JAKARTA UTARA",
        "no_registrasi": "HLT202400334",
        "jenis_halte": "REGULER",
        "kode_barang": "133010118004",
        "lokasi_alamat": "JL. YOS SUDARSO KODAMAR RT 010 RW 011 KELURAHAN SUNTER JAYA KECAMATAN TANJUNG PRIOK HALTE KODAMAR 2",
        "lintang": "-6.1894763",
        "bujur": "106.7946099"
      }
    },
    {
      "type": "Feature",
      "geometry": {
        "type": "Point",
        "coordinates": [
          106.9667021,
          -6.1900706
        ]
      },
      "properties": {
        "periode_data": "2024",
        "wilayah": "KOTA ADM. JAKARTA TIMUR",
        "no_registrasi": "HLT202400335",
        "jenis_halte": "REGULER",
        "kode_barang": "133010118004",
        "lokasi_alamat": "JL. RAYA JAKARTA BOGOR RT 2 RW 4 SUSUKAN KEC CIRACAS KOTA KOTA ADM. JAKARTA TIMUR DAERAH KHUSUS IBUKOTA JAKARTA 13750 HALTE CIJANTUNG",
        "lintang": "-6.1900706",
        "bujur": "106.9667021"
      }
    },
    {
      "type": "Feature",
      "geometry": {
        "type": "Point",
        "coordinates": [
          106.70218,
          -6.1503933
        ]
      },
      "properties": {
        "periode_data": "2024",
        "wilayah": "KOTA ADM. JAKARTA BARAT",
        "no_registrasi": "HLT202400336",
        "jenis_halte": "REGULER",
        "kode_barang": "133010118004",
        "lokasi_alamat": "JL. RAYA KBY LAMA 7 5 RT 1 RW 1 GROGOL UTARA KEC KBY LAMA KOTA KOTA ADM. JAKARTA SELATAN DAERAH KHUSUS IBUKOTA JAKARTA 11540 DEPAN TELKOM",
        "lintang": "-6.1503933",
        "bujur": "106.70218"
      }
    },
    {
      "type": "Feature",
      "geometry": {
        "type": "Point",
        "coordinates": [
          106.8071428,
          -6.2491207
        ]
      },
      "properties": {
        "periode_data": "2024",
        "wilayah": "KOTA ADM. JAKARTA UTARA",
        "no_registrasi": "HLT202400337",
        "jenis_halte": "REGULER",
        "kode_barang": "133010118004",
        "lokasi_alamat": "JL. YOS SUDARSO KOTA ADM. JAKARTA UTARA RT 6 RW 11 SUNTER JAYA TJ PRIOK KOTA JKT UTARA DAERAH KHUSUS IBUKOTA JAKARTA 14360 HALTE TNI AL 2",
        "lintang": "-6.2491207",
        "bujur": "106.8071428"
      }
    },
    {
      "type": "Feature",
      "geometry": {
        "type": "Point",
        "coordinates": [
          106.7019036,
          -6.1470198
        ]
      },
      "properties": {
        "periode_data": "2024",
        "wilayah": "KOTA ADM. JAKARTA TIMUR",
        "no_registrasi": "HLT202400338",
        "jenis_halte": "REGULER",
        "kode_barang": "133010135001",
        "lokasi_alamat": "JL. KAPUK RAYA 20 32 RT 1 RW 3 KAMAL MUARA KEC PENJARINGAN KOTA JKT UTARA DAERAH KHUSUS IBUKOTA JAKARTA 11720 SAMPING PT BOMA BISMA",
        "lintang": "-6.1470198",
        "bujur": "106.7019036"
      }
    },
    {
      "type": "Feature",
      "geometry": {
        "type": "Point",
        "coordinates": [
          106.78023,
          -6.2327106
        ]
      },
      "properties": {
        "periode_data": "2024",
        "wilayah": "KOTA ADM. JAKARTA UTARA",
        "no_registrasi": "HLT202400339",
        "jenis_halte": "REGULER",
        "kode_barang": "133010118004",
        "lokasi_alamat": "JL. YOS SUDARSO KOTA ADM. JAKARTA UTARA SUNTER JAYA TJ PRIOK KOTA JKT UTARA DAERAH KHUSUS IBUKOTA JAKARTA HALTE SEKOLAH",
        "lintang": "-6.2327106",
        "bujur": "106.78023"
      }
    },
    {
      "type": "Feature",
      "geometry": {
        "type": "Point",
        "coordinates": [
          106.780427,
          -6.2333849
        ]
      },
      "properties": {
        "periode_data": "2024",
        "wilayah": "KOTA ADM. JAKARTA SELATAN",
        "no_registrasi": "HLT202400340",
        "jenis_halte": "REGULER",
        "kode_barang": "133010118004",
        "lokasi_alamat": "JL. HOS COKROAMINOTO 79 RT 3 RW 5 MENTENG KEC MENTENG KOTA KOTA ADM. JAKARTA PUSAT DAERAH KHUSUS IBUKOTA JAKARTA 10310 HALTE TAMAN MENTENG",
        "lintang": "-6.2333849",
        "bujur": "106.780427"
      }
    },
    {
      "type": "Feature",
      "geometry": {
        "type": "Point",
        "coordinates": [
          106.8165369,
          -6.1478344
        ]
      },
      "properties": {
        "periode_data": "2024",
        "wilayah": "KOTA ADM. JAKARTA UTARA",
        "no_registrasi": "HLT202400341",
        "jenis_halte": "REGULER",
        "kode_barang": "133010118004",
        "lokasi_alamat": "JL. YOS SUDARSO RT 3 RW 14 SUNGAI BAMBU TJ PRIOK KOTA JKT UTARA DAERAH KHUSUS IBUKOTA JAKARTA 14320 HALTE RS PURI MEDIKA",
        "lintang": "-6.1478344",
        "bujur": "106.8165369"
      }
    },
    {
      "type": "Feature",
      "geometry": {
        "type": "Point",
        "coordinates": [
          106.8362383,
          -6.24079
        ]
      },
      "properties": {
        "periode_data": "2024",
        "wilayah": "KOTA ADM. JAKARTA SELATAN",
        "no_registrasi": "HLT202400342",
        "jenis_halte": "REGULER",
        "kode_barang": "133010135001",
        "lokasi_alamat": "JL. MAMPANG PRPT RAYA 1 16 RT 6 RW 3 MAMPANG PRPT KEC MAMPANG PRPT KOTA KOTA ADM. JAKARTA SELATAN DAERAH KHUSUS IBUKOTA JAKARTA 12790 HALTE MAMPANG",
        "lintang": "-6.24079",
        "bujur": "106.8362383"
      }
    },
    {
      "type": "Feature",
      "geometry": {
        "type": "Point",
        "coordinates": [
          106.8228843,
          -6.185533
        ]
      },
      "properties": {
        "periode_data": "2024",
        "wilayah": "KOTA ADM. JAKARTA UTARA",
        "no_registrasi": "HLT202400343",
        "jenis_halte": "REGULER",
        "kode_barang": "133010135001",
        "lokasi_alamat": "JL. YOS SUDARSO RT 5 RW 14 KB BAWANG TJ PRIOK KOTA JKT UTARA DAERAH KHUSUS IBUKOTA JAKARTA 14320 SAMPING TANTO",
        "lintang": "-6.185533",
        "bujur": "106.8228843"
      }
    },
    {
      "type": "Feature",
      "geometry": {
        "type": "Point",
        "coordinates": [
          106.8549978,
          -6.2433116
        ]
      },
      "properties": {
        "periode_data": "2024",
        "wilayah": "KOTA ADM. JAKARTA SELATAN",
        "no_registrasi": "HLT202400344",
        "jenis_halte": "REGULER",
        "kode_barang": "133010135001",
        "lokasi_alamat": "JL. DR GSSJ RATULANGI RT 2 RW 3 GONDANGDIA KEC MENTENG KOTA KOTA ADM. JAKARTA PUSAT DAERAH KHUSUS IBUKOTA JAKARTA 10350 HALTE SMU",
        "lintang": "-6.2433116",
        "bujur": "106.8549978"
      }
    },
    {
      "type": "Feature",
      "geometry": {
        "type": "Point",
        "coordinates": [
          106.8551453,
          -6.2429408
        ]
      },
      "properties": {
        "periode_data": "2024",
        "wilayah": "KOTA ADM. JAKARTA UTARA",
        "no_registrasi": "HLT202400345",
        "jenis_halte": "REGULER",
        "kode_barang": "133010135001",
        "lokasi_alamat": "JL. YOS SUDARSO RT 6 RW 14 RAWABADAK UTARA KEC KOJA KOTA JKT UTARA DAERAH KHUSUS IBUKOTA JAKARTA 14320 HALTE AMPERA",
        "lintang": "-6.2429408",
        "bujur": "106.8551453"
      }
    },
    {
      "type": "Feature",
      "geometry": {
        "type": "Point",
        "coordinates": [
          106.8232091,
          -6.1879763
        ]
      },
      "properties": {
        "periode_data": "2024",
        "wilayah": "KOTA ADM. JAKARTA SELATAN",
        "no_registrasi": "HLT202400346",
        "jenis_halte": "REGULER",
        "kode_barang": "133010135001",
        "lokasi_alamat": "JL. K H MAS MANSYUR KOTA ADM. JAKARTA PUSAT KP BALI KECAMATAN TANAH ABANG KOTA KOTA ADM. JAKARTA PUSAT DAERAH KHUSUS IBUKOTA JAKARTA 10250 DEPAN VERLANDO",
        "lintang": "-6.1879763",
        "bujur": "106.8232091"
      }
    },
    {
      "type": "Feature",
      "geometry": {
        "type": "Point",
        "coordinates": [
          106.8932694,
          -6.2898491
        ]
      },
      "properties": {
        "periode_data": "2024",
        "wilayah": "KOTA ADM. JAKARTA SELATAN",
        "no_registrasi": "HLT202400210",
        "jenis_halte": "REGULER",
        "kode_barang": "133010135001",
        "lokasi_alamat": "JL. CIPINANG JAYA NO 99 RT 3 RW 7 CIPINANG BESAR SEL KECAMATAN JATINEGARA KOTA KOTA ADM. JAKARTA TIMUR DAERAH KHUSUS IBUKOTA JAKARTA 13410 HALTE CIPINANG JAYA",
        "lintang": "-6.2898491",
        "bujur": "106.8932694"
      }
    },
    {
      "type": "Feature",
      "geometry": {
        "type": "Point",
        "coordinates": [
          106.773809,
          -6.2532707
        ]
      },
      "properties": {
        "periode_data": "2024",
        "wilayah": "KOTA ADM. JAKARTA PUSAT",
        "no_registrasi": "HLT202400211",
        "jenis_halte": "TRANSJAKARTA",
        "kode_barang": "133010135001",
        "lokasi_alamat": "JALAN JENDERAL SUDIRMAN INDONESIA DAERAH KHUSUS IBUKOTA JAKARTA HALTE BUSWAY GELORA BUNG KARNO",
        "lintang": "-6.2532707",
        "bujur": "106.773809"
      }
    },
    {
      "type": "Feature",
      "geometry": {
        "type": "Point",
        "coordinates": [
          106.8887162,
          -6.2901059
        ]
      },
      "properties": {
        "periode_data": "2024",
        "wilayah": "KOTA ADM. JAKARTA TIMUR",
        "no_registrasi": "HLT202400212",
        "jenis_halte": "REGULER",
        "kode_barang": "133010135001",
        "lokasi_alamat": "JL. JEND BASUKI RACHMAT RT 5 RW 6 CIPINANG BESAR SEL KECAMATAN JATINEGARA KOTA KOTA ADM. JAKARTA TIMUR DAERAH KHUSUS IBUKOTA JAKARTA 13410 HALTE NUSANTARA",
        "lintang": "-6.2901059",
        "bujur": "106.8887162"
      }
    },
    {
      "type": "Feature",
      "geometry": {
        "type": "Point",
        "coordinates": [
          106.9228942,
          -6.107791
        ]
      },
      "properties": {
        "periode_data": "2024",
        "wilayah": "KOTA ADM. JAKARTA PUSAT",
        "no_registrasi": "HLT202400213",
        "jenis_halte": "TRANSJAKARTA",
        "kode_barang": "133010135001",
        "lokasi_alamat": "JL. YOS SUDARSO KLP GADING BAR KEC KLP GADING KOTA JKT UTARA DAERAH KHUSUS IBUKOTA JAKARTA 14360 HALTE BUSWAY YOS SUDARSO KODAMAR",
        "lintang": "-6.107791",
        "bujur": "106.9228942"
      }
    },
    {
      "type": "Feature",
      "geometry": {
        "type": "Point",
        "coordinates": [
          106.9102271,
          -6.1085638
        ]
      },
      "properties": {
        "periode_data": "2024",
        "wilayah": "KOTA ADM. JAKARTA SELATAN",
        "no_registrasi": "HLT202400214",
        "jenis_halte": "REGULER",
        "kode_barang": "133010135001",
        "lokasi_alamat": "JL. METRO PONDOK INDAH RT 15 RW 13 PD PINANG KEC KBY LAMA KOTA KOTA ADM. JAKARTA SELATAN DAERAH KHUSUS IBUKOTA JAKARTA 12310 DEPAN KFC",
        "lintang": "-6.1085638",
        "bujur": "106.9102271"
      }
    },
    {
      "type": "Feature",
      "geometry": {
        "type": "Point",
        "coordinates": [
          106.8722774,
          -6.1676074
        ]
      },
      "properties": {
        "periode_data": "2024",
        "wilayah": "KOTA ADM. JAKARTA PUSAT",
        "no_registrasi": "HLT202400215",
        "jenis_halte": "REGULER",
        "kode_barang": "133010118004",
        "lokasi_alamat": "JL. GERBANG PEMUDA RT 1 RW 3 GELORA KECAMATAN TANAH ABANG KOTA KOTA ADM. JAKARTA PUSAT DAERAH KHUSUS IBUKOTA JAKARTA 10270 HALTE GRAHA",
        "lintang": "-6.1676074",
        "bujur": "106.8722774"
      }
    },
    {
      "type": "Feature",
      "geometry": {
        "type": "Point",
        "coordinates": [
          106.9149047,
          -6.1081681
        ]
      },
      "properties": {
        "periode_data": "2024",
        "wilayah": "KOTA ADM. JAKARTA SELATAN",
        "no_registrasi": "HLT202400216",
        "jenis_halte": "REGULER",
        "kode_barang": "133010135001",
        "lokasi_alamat": "JL. CIPUTAT RAYA RT 3 RW 10 KBY LAMA SEL KEC KBY LAMA KOTA KOTA ADM. JAKARTA SELATAN DAERAH KHUSUS IBUKOTA JAKARTA 12240 HALTE ARYATAMA",
        "lintang": "-6.1081681",
        "bujur": "106.9149047"
      }
    },
    {
      "type": "Feature",
      "geometry": {
        "type": "Point",
        "coordinates": [
          106.8822876,
          -6.1680089
        ]
      },
      "properties": {
        "periode_data": "2024",
        "wilayah": "KOTA ADM. JAKARTA SELATAN",
        "no_registrasi": "HLT202400217",
        "jenis_halte": "REGULER",
        "kode_barang": "133010135001",
        "lokasi_alamat": "JL. RADEN INTEN II NO 110 RT 8 RW 14 DUREN SAWIT KEC DUREN SAWIT KOTA KOTA ADM. JAKARTA TIMUR DAERAH KHUSUS IBUKOTA JAKARTA 13470 HALTE SMKN 48",
        "lintang": "-6.1680089",
        "bujur": "106.8822876"
      }
    },
    {
      "type": "Feature",
      "geometry": {
        "type": "Point",
        "coordinates": [
          106.9180883,
          -6.1081067
        ]
      },
      "properties": {
        "periode_data": "2024",
        "wilayah": "KOTA ADM. JAKARTA SELATAN",
        "no_registrasi": "HLT202400218",
        "jenis_halte": "TRANSJAKARTA",
        "kode_barang": "133010118004",
        "lokasi_alamat": "KOTA ADM. JAKARTA PUSAT RT 10 RW 11 KARET TENGSIN KECAMATAN TANAH ABANG KOTA KOTA ADM. JAKARTA PUSAT DAERAH KHUSUS IBUKOTA JAKARTA 10250 HALTE BUSWAY DUKUH ATAS 1",
        "lintang": "-6.1081067",
        "bujur": "106.9180883"
      }
    },
    {
      "type": "Feature",
      "geometry": {
        "type": "Point",
        "coordinates": [
          106.8561273,
          -6.135677
        ]
      },
      "properties": {
        "periode_data": "2024",
        "wilayah": "KOTA ADM. JAKARTA SELATAN",
        "no_registrasi": "HLT202400219",
        "jenis_halte": "REGULER",
        "kode_barang": "133010118004",
        "lokasi_alamat": "JL. RADEN INTEN II RT 9 RW 15 DUREN SAWIT KEC DUREN SAWIT KOTA KOTA ADM. JAKARTA TIMUR DAERAH KHUSUS IBUKOTA JAKARTA 13440 HALTE DIKDAS",
        "lintang": "-6.135677",
        "bujur": "106.8561273"
      }
    },
    {
      "type": "Feature",
      "geometry": {
        "type": "Point",
        "coordinates": [
          106.8155499,
          -6.14504
        ]
      },
      "properties": {
        "periode_data": "2024",
        "wilayah": "KOTA ADM. JAKARTA SELATAN",
        "no_registrasi": "HLT202400220",
        "jenis_halte": "REGULER",
        "kode_barang": "133010118004",
        "lokasi_alamat": "DEKAT JL. PURI SAKTI I JL. PANGERAN ANTASARI SISI UTARA",
        "lintang": "-6.14504",
        "bujur": "106.8155499"
      }
    },
    {
      "type": "Feature",
      "geometry": {
        "type": "Point",
        "coordinates": [
          106.8548036,
          -6.1288651
        ]
      },
      "properties": {
        "periode_data": "2024",
        "wilayah": "KOTA ADM. JAKARTA SELATAN",
        "no_registrasi": "HLT202400221",
        "jenis_halte": "REGULER",
        "kode_barang": "133010118004",
        "lokasi_alamat": "JL. I GUSTI NGURAH RAI MALAKA JAYA KEC CAKUNG KOTA KOTA ADM. JAKARTA TIMUR DAERAH KHUSUS IBUKOTA JAKARTA 13460 DEPAN RUMAH SUSUN KLENDER",
        "lintang": "-6.1288651",
        "bujur": "106.8548036"
      }
    },
    {
      "type": "Feature",
      "geometry": {
        "type": "Point",
        "coordinates": [
          106.8572724,
          -6.1438859
        ]
      },
      "properties": {
        "periode_data": "2024",
        "wilayah": "KOTA ADM. JAKARTA PUSAT",
        "no_registrasi": "HLT202400222",
        "jenis_halte": "TRANSJAKARTA",
        "kode_barang": "133010118004",
        "lokasi_alamat": "JL. M H THAMRIN RT 8 RW 4 GONDANGDIA MENTENG KOTA KOTA ADM. JAKARTA PUSAT DAERAH KHUSUS IBUKOTA JAKARTA 10350 HALTE BUSWAY SARINAH",
        "lintang": "-6.1438859",
        "bujur": "106.8572724"
      }
    },
    {
      "type": "Feature",
      "geometry": {
        "type": "Point",
        "coordinates": [
          106.8076058,
          -6.2802323
        ]
      },
      "properties": {
        "periode_data": "2024",
        "wilayah": "KOTA ADM. JAKARTA SELATAN",
        "no_registrasi": "HLT202400018",
        "jenis_halte": "TRANSJAKARTA",
        "kode_barang": "133010118004",
        "lokasi_alamat": "JL. MEDAN MERDEKA TIM 10 13 RW 1 GAMBIR KECAMATAN GAMBIR KOTA KOTA ADM. JAKARTA PUSAT DAERAH KHUSUS IBUKOTA JAKARTA 10110 SAMPING GEREJA EMANUEL",
        "lintang": "-6.2802323",
        "bujur": "106.8076058"
      }
    },
    {
      "type": "Feature",
      "geometry": {
        "type": "Point",
        "coordinates": [
          106.86451,
          -6.3075968
        ]
      },
      "properties": {
        "periode_data": "2024",
        "wilayah": "KOTA ADM. JAKARTA PUSAT",
        "no_registrasi": "HLT202400019",
        "jenis_halte": "TRANSJAKARTA",
        "kode_barang": "133010118004",
        "lokasi_alamat": "JL. TB SIMATUPANG RW 2 SUSUKAN KEC CIRACAS KOTA KOTA ADM. JAKARTA TIMUR DAERAH KHUSUS IBUKOTA JAKARTA HALTE BUSWAY FLYOVER RAYA BOGOR",
        "lintang": "-6.3075968",
        "bujur": "106.86451"
      }
    },
    {
      "type": "Feature",
      "geometry": {
        "type": "Point",
        "coordinates": [
          106.7298033,
          -6.134735
        ]
      },
      "properties": {
        "periode_data": "2024",
        "wilayah": "KOTA ADM. JAKARTA TIMUR",
        "no_registrasi": "HLT202400020",
        "jenis_halte": "TRANSJAKARTA",
        "kode_barang": "133010135001",
        "lokasi_alamat": "GG MADRASAH PINANG RANTI KEC MAKASAR KOTA KOTA ADM. JAKARTA TIMUR DAERAH KHUSUS IBUKOTA JAKARTA 13560 HALTE BUSWAY GARUDA TAMAN MINI",
        "lintang": "-6.134735",
        "bujur": "106.7298033"
      }
    },
    {
      "type": "Feature",
      "geometry": {
        "type": "Point",
        "coordinates": [
          106.793888,
          -6.1671319
        ]
      },
      "properties": {
        "periode_data": "2024",
        "wilayah": "KOTA ADM. JAKARTA SELATAN",
        "no_registrasi": "HLT202400021",
        "jenis_halte": "REGULER",
        "kode_barang": "133010135001",
        "lokasi_alamat": "JL. GUNUNG SAHARI KOTA ADM. JAKARTA PUSAT RT 16 RW 3 GN SAHARI UTARA KECAMATAN SAWAH BESAR KOTA KOTA ADM. JAKARTA PUSAT DAERAH KHUSUS IBUKOTA JAKARTA 10720 HALTE SERATON",
        "lintang": "-6.1671319",
        "bujur": "106.793888"
      }
    },
    {
      "type": "Feature",
      "geometry": {
        "type": "Point",
        "coordinates": [
          106.7333592,
          -6.1540566
        ]
      },
      "properties": {
        "periode_data": "2024",
        "wilayah": "KOTA ADM. JAKARTA PUSAT",
        "no_registrasi": "HLT202400022",
        "jenis_halte": "TRANSJAKARTA",
        "kode_barang": "133010135001",
        "lokasi_alamat": "JL. HARSONO RM RAGUNAN KEC PS MINGGU KOTA KOTA ADM. JAKARTA SELATAN DAERAH KHUSUS IBUKOTA JAKARTA HALTE BUSWAI DEPARTEMEN PERTANIAN",
        "lintang": "-6.1540566",
        "bujur": "106.7333592"
      }
    },
    {
      "type": "Feature",
      "geometry": {
        "type": "Point",
        "coordinates": [
          106.7413402,
          -6.1546919
        ]
      },
      "properties": {
        "periode_data": "2024",
        "wilayah": "KOTA ADM. JAKARTA SELATAN",
        "no_registrasi": "HLT202400023",
        "jenis_halte": "REGULER",
        "kode_barang": "133010135001",
        "lokasi_alamat": "JL. GN SAHARI RT 18 RW 3 GN SAHARI UTARA KECAMATAN SAWAH BESAR KOTA KOTA ADM. JAKARTA PUSAT DAERAH KHUSUS IBUKOTA JAKARTA 10720 HALTE GG LILIN",
        "lintang": "-6.1546919",
        "bujur": "106.7413402"
      }
    },
    {
      "type": "Feature",
      "geometry": {
        "type": "Point",
        "coordinates": [
          106.8550126,
          -6.2552027
        ]
      },
      "properties": {
        "periode_data": "2024",
        "wilayah": "KOTA ADM. JAKARTA TIMUR",
        "no_registrasi": "HLT202400024",
        "jenis_halte": "TRANSJAKARTA",
        "kode_barang": "133010135001",
        "lokasi_alamat": "JL. DI PANJAITAN RT 12 RW 6 CIPINANG BESAR SEL KECAMATAN JATINEGARA KOTA KOTA ADM. JAKARTA TIMUR DAERAH KHUSUS IBUKOTA JAKARTA 13340 HALTE BUSWAY CIPINANG KEBON NANAS",
        "lintang": "-6.2552027",
        "bujur": "106.8550126"
      }
    },
    {
      "type": "Feature",
      "geometry": {
        "type": "Point",
        "coordinates": [
          106.8266372,
          -6.249742
        ]
      },
      "properties": {
        "periode_data": "2024",
        "wilayah": "KOTA ADM. JAKARTA TIMUR",
        "no_registrasi": "HLT202400025",
        "jenis_halte": "REGULER",
        "kode_barang": "133010135001",
        "lokasi_alamat": "JL. TEUKU NYAK ARIEF 1 RT 7 RW 8 GROGOL SEL KEC KBY LAMA KOTA KOTA ADM. JAKARTA SELATAN DAERAH KHUSUS IBUKOTA JAKARTA 12220 HALTE GEDUNG PERTAMINA",
        "lintang": "-6.249742",
        "bujur": "106.8266372"
      }
    },
    {
      "type": "Feature",
      "geometry": {
        "type": "Point",
        "coordinates": [
          106.7150905,
          -6.1549068
        ]
      },
      "properties": {
        "periode_data": "2024",
        "wilayah": "KOTA ADM. JAKARTA SELATAN",
        "no_registrasi": "HLT202400026",
        "jenis_halte": "TRANSJAKARTA",
        "kode_barang": "133010118004",
        "lokasi_alamat": "JL. WARUNG JATI BARAT NO 37 JATI PADANG KEC PS MINGGU KOTA KOTA ADM. JAKARTA SELATAN DAERAH KHUSUS IBUKOTA JAKARTA 12540 HALTE BUSWAY SMK 57",
        "lintang": "-6.1549068",
        "bujur": "106.7150905"
      }
    },
    {
      "type": "Feature",
      "geometry": {
        "type": "Point",
        "coordinates": [
          106.7416701,
          -6.1553414
        ]
      },
      "properties": {
        "periode_data": "2024",
        "wilayah": "KOTA ADM. JAKARTA SELATAN",
        "no_registrasi": "HLT202400027",
        "jenis_halte": "REGULER",
        "kode_barang": "133010135001",
        "lokasi_alamat": "JL. GN SAHARI RW 4 GN SAHARI UTARA KECAMATAN SAWAH BESAR KOTA KOTA ADM. JAKARTA PUSAT DAERAH KHUSUS IBUKOTA JAKARTA 10720 HALTE PAJAK",
        "lintang": "-6.1553414",
        "bujur": "106.7416701"
      }
    },
    {
      "type": "Feature",
      "geometry": {
        "type": "Point",
        "coordinates": [
          106.775595,
          -6.1861717
        ]
      },
      "properties": {
        "periode_data": "2024",
        "wilayah": "KOTA ADM. JAKARTA BARAT",
        "no_registrasi": "HLT202400188",
        "jenis_halte": "TRANSJAKARTA",
        "kode_barang": "133010118004",
        "lokasi_alamat": "JL. PETA SELATAN NO 8 RT 7 RW 1 KALIDERES KEC KALIDERES KOTA KOTA ADM. JAKARTA BARAT DAERAH KHUSUS IBUKOTA JAKARTA 11840 HALTE BUSWAY TERMINAL KALIDERES",
        "lintang": "-6.1861717",
        "bujur": "106.775595"
      }
    },
    {
      "type": "Feature",
      "geometry": {
        "type": "Point",
        "coordinates": [
          106.7755824,
          -6.1861432
        ]
      },
      "properties": {
        "periode_data": "2024",
        "wilayah": "KOTA ADM. JAKARTA SELATAN",
        "no_registrasi": "HLT202400189",
        "jenis_halte": "REGULER",
        "kode_barang": "133010118004",
        "lokasi_alamat": "JL. RAYA KBY LAMA RT 2 RW 10 GROGOL UTARA KEC KBY LAMA KOTA KOTA ADM. JAKARTA SELATAN DAERAH KHUSUS IBUKOTA JAKARTA 11560 HALTE H SHOLEH I",
        "lintang": "-6.1861432",
        "bujur": "106.7755824"
      }
    },
    {
      "type": "Feature",
      "geometry": {
        "type": "Point",
        "coordinates": [
          106.7607576,
          -6.180376
        ]
      },
      "properties": {
        "periode_data": "2024",
        "wilayah": "KOTA ADM. JAKARTA TIMUR",
        "no_registrasi": "HLT202400190",
        "jenis_halte": "TRANSJAKARTA",
        "kode_barang": "133010135001",
        "lokasi_alamat": "JL. PERINTIS KEMERDEKAAN RT 6 RW 8 PULO GADUNG KEC PULO GADUNG KOTA KOTA ADM. JAKARTA TIMUR DAERAH KHUSUS IBUKOTA JAKARTA 13260 HALTE BUSWAY BERMIS",
        "lintang": "-6.180376",
        "bujur": "106.7607576"
      }
    },
    {
      "type": "Feature",
      "geometry": {
        "type": "Point",
        "coordinates": [
          106.8251817,
          -6.2882817
        ]
      },
      "properties": {
        "periode_data": "2024",
        "wilayah": "KOTA ADM. JAKARTA SELATAN",
        "no_registrasi": "HLT202400191",
        "jenis_halte": "TRANSJAKARTA",
        "kode_barang": "133010118004",
        "lokasi_alamat": "JL. MAMPANG PRPT RAYA RT 1 RW 6 TEGAL PARANG KEC MAMPANG PRPT KOTA KOTA ADM. JAKARTA SELATAN DAERAH KHUSUS IBUKOTA JAKARTA 12790 HALTE BUSWAY DUREN TIGA",
        "lintang": "-6.2882817",
        "bujur": "106.8251817"
      }
    },
    {
      "type": "Feature",
      "geometry": {
        "type": "Point",
        "coordinates": [
          106.7615076,
          -6.1823526
        ]
      },
      "properties": {
        "periode_data": "2024",
        "wilayah": "KOTA ADM. JAKARTA SELATAN",
        "no_registrasi": "HLT202400192",
        "jenis_halte": "REGULER",
        "kode_barang": "133010118004",
        "lokasi_alamat": "GROGOL SEL KEC KBY LAMA KOTA KOTA ADM. JAKARTA SELATAN DAERAH KHUSUS IBUKOTA JAKARTA HALTE SIMPRUG 1",
        "lintang": "-6.1823526",
        "bujur": "106.7615076"
      }
    },
    {
      "type": "Feature",
      "geometry": {
        "type": "Point",
        "coordinates": [
          106.6668155,
          -6.1630266
        ]
      },
      "properties": {
        "periode_data": "2024",
        "wilayah": "KOTA ADM. JAKARTA UTARA",
        "no_registrasi": "HLT202400193",
        "jenis_halte": "TRANSJAKARTA",
        "kode_barang": "133010118004",
        "lokasi_alamat": "JL. PERINTIS KEMERDEKAAN KLP GADING BAR KEC KLP GADING KOTA JKT UTARA DAERAH KHUSUS IBUKOTA JAKARTA HALTE BUSWAY PULOMAS",
        "lintang": "-6.1630266",
        "bujur": "106.6668155"
      }
    },
    {
      "type": "Feature",
      "geometry": {
        "type": "Point",
        "coordinates": [
          106.7615323,
          -6.1877415
        ]
      },
      "properties": {
        "periode_data": "2024",
        "wilayah": "KOTA ADM. JAKARTA SELATAN",
        "no_registrasi": "HLT202400194",
        "jenis_halte": "REGULER",
        "kode_barang": "133010118004",
        "lokasi_alamat": "JL. RAYA KBY LAMA RT 6 RW 8 SUKABUMI SEL KEC KB JERUK KOTA KOTA ADM. JAKARTA BARAT DAERAH KHUSUS IBUKOTA JAKARTA 11560 HALTE MASJID",
        "lintang": "-6.1877415",
        "bujur": "106.7615323"
      }
    },
    {
      "type": "Feature",
      "geometry": {
        "type": "Point",
        "coordinates": [
          106.8044065,
          -6.1971127
        ]
      },
      "properties": {
        "periode_data": "2024",
        "wilayah": "KOTA ADM. JAKARTA SELATAN",
        "no_registrasi": "HLT202400195",
        "jenis_halte": "REGULER",
        "kode_barang": "133010118004",
        "lokasi_alamat": "JL. RC VETERAN RAYA 21 62 RT 8 RW 1 BINTARO KEC PESANGGRAHAN KOTA KOTA ADM. JAKARTA SELATAN DAERAH KHUSUS IBUKOTA JAKARTA 12330 DEPAN SOSIAL CORNER",
        "lintang": "-6.1971127",
        "bujur": "106.8044065"
      }
    },
    {
      "type": "Feature",
      "geometry": {
        "type": "Point",
        "coordinates": [
          106.757896,
          -6.1770727
        ]
      },
      "properties": {
        "periode_data": "2024",
        "wilayah": "KOTA ADM. JAKARTA UTARA",
        "no_registrasi": "HLT202400196",
        "jenis_halte": "TRANSJAKARTA",
        "kode_barang": "133010118004",
        "lokasi_alamat": "JL. PERINTIS KEMERDEKAAN NO 31 RW 5 KLP GADING BAR KEC KLP GADING KOTA JKT UTARA DAERAH KHUSUS IBUKOTA JAKARTA 14240 HALTE BUSWAY ASMI",
        "lintang": "-6.1770727",
        "bujur": "106.757896"
      }
    },
    {
      "type": "Feature",
      "geometry": {
        "type": "Point",
        "coordinates": [
          106.8280627,
          -6.2562067
        ]
      },
      "properties": {
        "periode_data": "2024",
        "wilayah": "KOTA ADM. JAKARTA SELATAN",
        "no_registrasi": "HLT202400197",
        "jenis_halte": "TRANSJAKARTA",
        "kode_barang": "133010135001",
        "lokasi_alamat": "JL. BINTARO RAYA RT 2 RW 10 KBY LAMA SEL KEC KBY LAMA KOTA KOTA ADM. JAKARTA SELATAN DAERAH KHUSUS IBUKOTA JAKARTA 12240 HALTE TANAH KUSIR",
        "lintang": "-6.2562067",
        "bujur": "106.8280627"
      }
    },
    {
      "type": "Feature",
      "geometry": {
        "type": "Point",
        "coordinates": [
          106.8183049,
          -6.2283649
        ]
      },
      "properties": {
        "periode_data": "2024",
        "wilayah": "KOTA ADM. JAKARTA UTARA",
        "no_registrasi": "HLT202400198",
        "jenis_halte": "TRANSJAKARTA",
        "kode_barang": "133010118004",
        "lokasi_alamat": "JL. PERINTIS KEMERDEKAAN RT 7 RW 2 KELAPA GADING BARAT KELAPA GADING KOTA JKT UTARA DAERAH KHUSUS IBUKOTA JAKARTA 13210 HALTE BUSWAY PEDONGKELAN",
        "lintang": "-6.2283649",
        "bujur": "106.8183049"
      }
    },
    {
      "type": "Feature",
      "geometry": {
        "type": "Point",
        "coordinates": [
          106.8886858,
          -6.193354
        ]
      },
      "properties": {
        "periode_data": "2024",
        "wilayah": "KOTA ADM. JAKARTA SELATAN",
        "no_registrasi": "HLT202400199",
        "jenis_halte": "REGULER",
        "kode_barang": "133010118004",
        "lokasi_alamat": "JL. RAYA KBY LAMA 192 46 RT 1 RW 2 SUKABUMI SEL KEC KB JERUK KOTA KOTA ADM. JAKARTA BARAT DAERAH KHUSUS IBUKOTA JAKARTA 11560 HALTE KEBON NANAS",
        "lintang": "-6.193354",
        "bujur": "106.8886858"
      }
    },
    {
      "type": "Feature",
      "geometry": {
        "type": "Point",
        "coordinates": [
          106.7875789,
          -6.1665547
        ]
      },
      "properties": {
        "periode_data": "2024",
        "wilayah": "KOTA ADM. JAKARTA TIMUR",
        "no_registrasi": "HLT202400132",
        "jenis_halte": "TRANSJAKARTA",
        "kode_barang": "133010118004",
        "lokasi_alamat": "JL. JEND AHMAD YANI RW 12 KAYU PUTIH KEC PULO GADUNG KOTA KOTA ADM. JAKARTA TIMUR DAERAH KHUSUS IBUKOTA JAKARTA 10510 HALTE BUSWAY CEMPAKA PUTIH",
        "lintang": "-6.1665547",
        "bujur": "106.7875789"
      }
    },
    {
      "type": "Feature",
      "geometry": {
        "type": "Point",
        "coordinates": [
          106.7558118,
          -6.1959786
        ]
      },
      "properties": {
        "periode_data": "2024",
        "wilayah": "KOTA ADM. JAKARTA PUSAT",
        "no_registrasi": "HLT202400133",
        "jenis_halte": "TRANSJAKARTA",
        "kode_barang": "133010118004",
        "lokasi_alamat": "JL. JEND SUDIRMAN 35 55 RT 5 RW 3 SENAYAN KEC KBY BARU KOTA KOTA ADM. JAKARTA SELATAN DAERAH KHUSUS IBUKOTA JAKARTA 10270 DEPAN GRAHA CIMB",
        "lintang": "-6.1959786",
        "bujur": "106.7558118"
      }
    },
    {
      "type": "Feature",
      "geometry": {
        "type": "Point",
        "coordinates": [
          106.7876389,
          -6.1665341
        ]
      },
      "properties": {
        "periode_data": "2024",
        "wilayah": "KOTA ADM. JAKARTA BARAT",
        "no_registrasi": "HLT202400134",
        "jenis_halte": "TRANSJAKARTA",
        "kode_barang": "133010118004",
        "lokasi_alamat": "JL. KYAI TAPA RT 6 RW 16 GROGOL GROGOL PETAMBURAN KOTA KOTA ADM. JAKARTA BARAT DAERAH KHUSUS IBUKOTA JAKARTA 11450 HALTE BUSWAY GROGOL 1",
        "lintang": "-6.1665341",
        "bujur": "106.7876389"
      }
    },
    {
      "type": "Feature",
      "geometry": {
        "type": "Point",
        "coordinates": [
          106.7787662,
          -6.1650915
        ]
      },
      "properties": {
        "periode_data": "2024",
        "wilayah": "KOTA ADM. JAKARTA SELATAN",
        "no_registrasi": "HLT202400135",
        "jenis_halte": "REGULER",
        "kode_barang": "133010118004",
        "lokasi_alamat": "DEKAT POLTANGAN JL. PASAR MINGGU SISI TIMUR KEC PASAR MINGGU",
        "lintang": "-6.1650915",
        "bujur": "106.7787662"
      }
    },
    {
      "type": "Feature",
      "geometry": {
        "type": "Point",
        "coordinates": [
          106.8943405,
          -6.2101108
        ]
      },
      "properties": {
        "periode_data": "2024",
        "wilayah": "KOTA ADM. JAKARTA PUSAT",
        "no_registrasi": "HLT202400136",
        "jenis_halte": "TRANSJAKARTA",
        "kode_barang": "133010118004",
        "lokasi_alamat": "JL. KYAI TAPA RT 1 RW 3 GROGOL GROGOL PETAMBURAN KOTA KOTA ADM. JAKARTA BARAT 11450 HALTE BUSWAY SUMBER WARAS",
        "lintang": "-6.2101108",
        "bujur": "106.8943405"
      }
    },
    {
      "type": "Feature",
      "geometry": {
        "type": "Point",
        "coordinates": [
          106.8897633,
          -6.21148
        ]
      },
      "properties": {
        "periode_data": "2024",
        "wilayah": "KOTA ADM. JAKARTA PUSAT",
        "no_registrasi": "HLT202400137",
        "jenis_halte": "REGULER",
        "kode_barang": "133010118004",
        "lokasi_alamat": "JL. LODAN RAYA RT 12 RW 2 ANCOL KEC PADEMANGAN KOTA JKT UTARA DAERAH KHUSUS IBUKOTA JAKARTA 14430 DEPAN UBM",
        "lintang": "-6.21148",
        "bujur": "106.8897633"
      }
    },
    {
      "type": "Feature",
      "geometry": {
        "type": "Point",
        "coordinates": [
          106.7610482,
          -6.1580909
        ]
      },
      "properties": {
        "periode_data": "2024",
        "wilayah": "KOTA ADM. JAKARTA PUSAT",
        "no_registrasi": "HLT202400138",
        "jenis_halte": "TRANSJAKARTA",
        "kode_barang": "133010118004",
        "lokasi_alamat": "JL. GEDUNG KESENIAN PS BARU KECAMATAN SAWAH BESAR KOTA KOTA ADM. JAKARTA PUSAT DAERAH KHUSUS IBUKOTA JAKARTA 10710 HALTE BUSWAY PASAR BARU",
        "lintang": "-6.1580909",
        "bujur": "106.7610482"
      }
    },
    {
      "type": "Feature",
      "geometry": {
        "type": "Point",
        "coordinates": [
          106.7639177,
          -6.1581094
        ]
      },
      "properties": {
        "periode_data": "2024",
        "wilayah": "KOTA ADM. JAKARTA SELATAN",
        "no_registrasi": "HLT202400139",
        "jenis_halte": "REGULER",
        "kode_barang": "133010118004",
        "lokasi_alamat": "JL. MOCH KAHFI II 2 5 RT 1 RW 4 CIGANJUR KEC JAGAKARSA KOTA KOTA ADM. JAKARTA SELATAN DAERAH KHUSUS IBUKOTA JAKARTA 12630 HALTE SETU BABAKAN",
        "lintang": "-6.1581094",
        "bujur": "106.7639177"
      }
    },
    {
      "type": "Feature",
      "geometry": {
        "type": "Point",
        "coordinates": [
          106.8512002,
          -6.1969816
        ]
      },
      "properties": {
        "periode_data": "2024",
        "wilayah": "KOTA ADM. JAKARTA SELATAN",
        "no_registrasi": "HLT202400140",
        "jenis_halte": "TRANSJAKARTA",
        "kode_barang": "133010118004",
        "lokasi_alamat": "JL. GALUNGGUNG KOTA ADM. JAKARTA SELATAN RT 3 RW 3 KUNINGAN SETIA BUDI KECAMATAN SETIABUDI KOTA KOTA ADM. JAKARTA SELATAN DAERAH KHUSUS IBUKOTA JAKARTA 12910 HALTE BUSWAY DUKUH ATAS 2",
        "lintang": "-6.1969816",
        "bujur": "106.8512002"
      }
    },
    {
      "type": "Feature",
      "geometry": {
        "type": "Point",
        "coordinates": [
          106.8646129,
          -6.3185612
        ]
      },
      "properties": {
        "periode_data": "2024",
        "wilayah": "KOTA ADM. JAKARTA SELATAN",
        "no_registrasi": "HLT202400141",
        "jenis_halte": "REGULER",
        "kode_barang": "133010118004",
        "lokasi_alamat": "JL. MOH KAHFI 1 5 RT 6 RW 6 CIGANJUR KEC JAGAKARSA KOTA KOTA ADM. JAKARTA SELATAN DAERAH KHUSUS IBUKOTA JAKARTA 12630 HALTE KEMENYAN",
        "lintang": "-6.3185612",
        "bujur": "106.8646129"
      }
    },
    {
      "type": "Feature",
      "geometry": {
        "type": "Point",
        "coordinates": [
          106.8892212,
          -6.1719041
        ]
      },
      "properties": {
        "periode_data": "2024",
        "wilayah": "KOTA ADM. JAKARTA SELATAN",
        "no_registrasi": "HLT202400142",
        "jenis_halte": "TRANSJAKARTA",
        "kode_barang": "133010118004",
        "lokasi_alamat": "JL. SULTAN AGUNG RT 12 RW 6 GUNTUR KECAMATAN SETIABUDI KOTA KOTA ADM. JAKARTA SELATAN DAERAH KHUSUS IBUKOTA JAKARTA 12980 HALTE BUSWAY HALIMUN",
        "lintang": "-6.1719041",
        "bujur": "106.8892212"
      }
    },
    {
      "type": "Feature",
      "geometry": {
        "type": "Point",
        "coordinates": [
          106.7548895,
          -6.1564173
        ]
      },
      "properties": {
        "periode_data": "2024",
        "wilayah": "KOTA ADM. JAKARTA SELATAN",
        "no_registrasi": "HLT202400143",
        "jenis_halte": "REGULER",
        "kode_barang": "133010118004",
        "lokasi_alamat": "JL. TB SIMATUPANG 63 61 RT 6 RW 5 TJ BAR KEC JAGAKARSA KOTA KOTA ADM. JAKARTA SELATAN DAERAH KHUSUS IBUKOTA JAKARTA 12530 DEPAN PT MASA KREASI",
        "lintang": "-6.1564173",
        "bujur": "106.7548895"
      }
    },
    {
      "type": "Feature",
      "geometry": {
        "type": "Point",
        "coordinates": [
          106.7834288,
          -6.1840885
        ]
      },
      "properties": {
        "periode_data": "2024",
        "wilayah": "KOTA ADM. JAKARTA SELATAN",
        "no_registrasi": "HLT202400144",
        "jenis_halte": "REGULER",
        "kode_barang": "133010118004",
        "lokasi_alamat": "JL. TB SIMATUPANG KOTA ADM. JAKARTA SELATAN RT 6 RW 5 TJ BAR KEC JAGAKARSA KOTA KOTA ADM. JAKARTA SELATAN DAERAH KHUSUS IBUKOTA JAKARTA 12530 HALTE BUS SEKOLAH",
        "lintang": "-6.1840885",
        "bujur": "106.7834288"
      }
    },
    {
      "type": "Feature",
      "geometry": {
        "type": "Point",
        "coordinates": [
          106.7577983,
          -6.1571817
        ]
      },
      "properties": {
        "periode_data": "2024",
        "wilayah": "KOTA ADM. JAKARTA SELATAN",
        "no_registrasi": "HLT202400145",
        "jenis_halte": "TRANSJAKARTA",
        "kode_barang": "133010118004",
        "lokasi_alamat": "JALAN TAMBAK INDONESIA JL. SULTAN AGUNG MANGGARAI TEBET KOTA ADM. JAKARTA SELATAN DKI JAKARTA INDONESIA DAERAH KHUSUS IBUKOTA JAKARTA HALTE BUSWAY MANGGARAI",
        "lintang": "-6.1571817",
        "bujur": "106.7577983"
      }
    },
    {
      "type": "Feature",
      "geometry": {
        "type": "Point",
        "coordinates": [
          106.7889646,
          -6.1745626
        ]
      },
      "properties": {
        "periode_data": "2024",
        "wilayah": "KOTA ADM. JAKARTA PUSAT",
        "no_registrasi": "HLT202400146",
        "jenis_halte": "TRANSJAKARTA",
        "kode_barang": "133010118004",
        "lokasi_alamat": "JL. LET JEND SUPRAPTO HARAPAN MULIA 10610 KOTA ADM. JAKARTA PUSAT INDONESIA 10640 INDONESIA CEMPAKA BARU KEMAYORAN KOTA KOTA ADM. JAKARTA PUSAT DKI JAKARTA HALTE BUSWAY RAWA SELATAN",
        "lintang": "-6.1745626",
        "bujur": "106.7889646"
      }
    },
    {
      "type": "Feature",
      "geometry": {
        "type": "Point",
        "coordinates": [
          106.7560847,
          -6.1574095
        ]
      },
      "properties": {
        "periode_data": "2024",
        "wilayah": "KOTA ADM. JAKARTA SELATAN",
        "no_registrasi": "HLT202400147",
        "jenis_halte": "REGULER",
        "kode_barang": "133010118004",
        "lokasi_alamat": "JL. TB SIMATUPANG 63 61 RT 6 RW 5 TJ BAR KEC JAGAKARSA KOTA KOTA ADM. JAKARTA SELATAN DAERAH KHUSUS IBUKOTA JAKARTA 12530 HALTE BUS SEKOLAH",
        "lintang": "-6.1574095",
        "bujur": "106.7560847"
      }
    },
    {
      "type": "Feature",
      "geometry": {
        "type": "Point",
        "coordinates": [
          106.896943,
          -6.1082484
        ]
      },
      "properties": {
        "periode_data": "2024",
        "wilayah": "KOTA ADM. JAKARTA PUSAT",
        "no_registrasi": "HLT202400148",
        "jenis_halte": "TRANSJAKARTA",
        "kode_barang": "133010118004",
        "lokasi_alamat": "JL. LETJEND SUPRAPTO RT 15 RW 3 HARAPAN MULYA KEC KEMAYORAN KOTA KOTA ADM. JAKARTA PUSAT DAERAH KHUSUS IBUKOTA JAKARTA 10640 HALTE BUSWAY GALUR",
        "lintang": "-6.1082484",
        "bujur": "106.896943"
      }
    },
    {
      "type": "Feature",
      "geometry": {
        "type": "Point",
        "coordinates": [
          106.7576248,
          -6.1570151
        ]
      },
      "properties": {
        "periode_data": "2024",
        "wilayah": "KOTA ADM. JAKARTA SELATAN",
        "no_registrasi": "HLT202400149",
        "jenis_halte": "TRANSJAKARTA",
        "kode_barang": "133010118004",
        "lokasi_alamat": "JL. TB SIMATUPANG RW 5 TJ BAR KEC JAGAKARSA KOTA KOTA ADM. JAKARTA SELATAN DAERAH KHUSUS IBUKOTA JAKARTA 12530 HALTE MUARA",
        "lintang": "-6.1570151",
        "bujur": "106.7576248"
      }
    },
    {
      "type": "Feature",
      "geometry": {
        "type": "Point",
        "coordinates": [
          106.8995309,
          -6.1302117
        ]
      },
      "properties": {
        "periode_data": "2024",
        "wilayah": "KOTA ADM. JAKARTA PUSAT",
        "no_registrasi": "HLT202400150",
        "jenis_halte": "TRANSJAKARTA",
        "kode_barang": "133010118004",
        "lokasi_alamat": "KOTA ADM. JAKARTA PUSAT RW 3 SENEN KEC SENEN KOTA KOTA ADM. JAKARTA PUSAT DAERAH KHUSUS IBUKOTA JAKARTA 10410 HALTE BUSWAY SENEN",
        "lintang": "-6.1302117",
        "bujur": "106.8995309"
      }
    },
    {
      "type": "Feature",
      "geometry": {
        "type": "Point",
        "coordinates": [
          106.747077,
          -6.1554437
        ]
      },
      "properties": {
        "periode_data": "2024",
        "wilayah": "KOTA ADM. JAKARTA SELATAN",
        "no_registrasi": "HLT202400151",
        "jenis_halte": "REGULER",
        "kode_barang": "133010118004",
        "lokasi_alamat": "JL. AMPERA RAYA RT 2 RW 2 RAGUNAN KEC PS MINGGU KOTA KOTA ADM. JAKARTA SELATAN DAERAH KHUSUS IBUKOTA JAKARTA 12560 HALTE AMPERA",
        "lintang": "-6.1554437",
        "bujur": "106.747077"
      }
    },
    {
      "type": "Feature",
      "geometry": {
        "type": "Point",
        "coordinates": [
          106.7780746,
          -6.1644897
        ]
      },
      "properties": {
        "periode_data": "2024",
        "wilayah": "KOTA ADM. JAKARTA TIMUR",
        "no_registrasi": "HLT202400152",
        "jenis_halte": "TRANSJAKARTA",
        "kode_barang": "133010118004",
        "lokasi_alamat": "JL. JEND AHMAD YANI RT 12 RW 5 PISANGAN TIMUR KOTA KOTA ADM. JAKARTA TIMUR DAERAH KHUSUS IBUKOTA JAKARTA 13120 HALTE BUSWAY BEACUKAI AHMAD YANI",
        "lintang": "-6.1644897",
        "bujur": "106.7780746"
      }
    },
    {
      "type": "Feature",
      "geometry": {
        "type": "Point",
        "coordinates": [
          106.8389341,
          -6.1928985
        ]
      },
      "properties": {
        "periode_data": "2024",
        "wilayah": "KOTA ADM. JAKARTA BARAT",
        "no_registrasi": "HLT202400153",
        "jenis_halte": "REGULER",
        "kode_barang": "133010118004",
        "lokasi_alamat": "JL. CIPUTAT RAYA RT 9 RW 8 KBY LAMA UTARA KBY LAMA KOTA KOTA ADM. JAKARTA SELATAN DKI JAKARTA RT 9 RT 9 RW 8 12240 DEPAN KANTOR POS",
        "lintang": "-6.1928985",
        "bujur": "106.8389341"
      }
    },
    {
      "type": "Feature",
      "geometry": {
        "type": "Point",
        "coordinates": [
          106.8824605,
          -6.1679723
        ]
      },
      "properties": {
        "periode_data": "2024",
        "wilayah": "KOTA ADM. JAKARTA TIMUR",
        "no_registrasi": "HLT202400063",
        "jenis_halte": "TRANSJAKARTA",
        "kode_barang": "133010118004",
        "lokasi_alamat": "JL. UTAN KAYU RAYA NO 109B RW 10 UTAN KAYU UTARA KEC MATRAMAN KOTA KOTA ADM. JAKARTA TIMUR DAERAH KHUSUS IBUKOTA JAKARTA 13120 HALTE BUSWAY UTAN KAYU RAWAMANGUN",
        "lintang": "-6.1679723",
        "bujur": "106.8824605"
      }
    },
    {
      "type": "Feature",
      "geometry": {
        "type": "Point",
        "coordinates": [
          106.7784994,
          -6.2230685
        ]
      },
      "properties": {
        "periode_data": "2024",
        "wilayah": "KOTA ADM. JAKARTA TIMUR",
        "no_registrasi": "HLT202400064",
        "jenis_halte": "REGULER",
        "kode_barang": "133010118004",
        "lokasi_alamat": "JL. SULTAN ISKANDAR MUDA RT 9 RW 9 KBY LAMA SEL KEC KBY LAMA KOTA KOTA ADM. JAKARTA SELATAN DAERAH KHUSUS IBUKOTA JAKARTA 12240 DEPAN GARASINDO",
        "lintang": "-6.2230685",
        "bujur": "106.7784994"
      }
    },
    {
      "type": "Feature",
      "geometry": {
        "type": "Point",
        "coordinates": [
          106.8760645,
          -6.166629
        ]
      },
      "properties": {
        "periode_data": "2024",
        "wilayah": "KOTA ADM. JAKARTA UTARA",
        "no_registrasi": "HLT202400065",
        "jenis_halte": "REGULER",
        "kode_barang": "133010118004",
        "lokasi_alamat": "LINGKAR LUAR TIMUR RT 1 RW 1 LAGOA KEC KOJA KOTA JKT UTARA DAERAH KHUSUS IBUKOTA JAKARTA 14270 HALTE PASAR WARU",
        "lintang": "-6.166629",
        "bujur": "106.8760645"
      }
    },
    {
      "type": "Feature",
      "geometry": {
        "type": "Point",
        "coordinates": [
          106.8704643,
          -6.1686218
        ]
      },
      "properties": {
        "periode_data": "2024",
        "wilayah": "KOTA ADM. JAKARTA PUSAT",
        "no_registrasi": "HLT202400066",
        "jenis_halte": "TRANSJAKARTA",
        "kode_barang": "133010118004",
        "lokasi_alamat": "JL. ST SENEN RW 2 SENEN KEC SENEN KOTA KOTA ADM. JAKARTA PUSAT DAERAH KHUSUS IBUKOTA JAKARTA 10410 HALTE BUSWAY SENTRAL SENEN",
        "lintang": "-6.1686218",
        "bujur": "106.8704643"
      }
    },
    {
      "type": "Feature",
      "geometry": {
        "type": "Point",
        "coordinates": [
          106.7821898,
          -6.1921058
        ]
      },
      "properties": {
        "periode_data": "2024",
        "wilayah": "KOTA ADM. JAKARTA SELATAN",
        "no_registrasi": "HLT202400067",
        "jenis_halte": "TRANSJAKARTA",
        "kode_barang": "133010118004",
        "lokasi_alamat": "JL. KRAMAT RAYA RT 2 RW 9 KWITANG KEC SENEN KOTA KOTA ADM. JAKARTA PUSAT DAERAH KHUSUS IBUKOTA JAKARTA HALTE YAI",
        "lintang": "-6.1921058",
        "bujur": "106.7821898"
      }
    },
    {
      "type": "Feature",
      "geometry": {
        "type": "Point",
        "coordinates": [
          106.7880383,
          -6.20763
        ]
      },
      "properties": {
        "periode_data": "2024",
        "wilayah": "KOTA ADM. JAKARTA PUSAT",
        "no_registrasi": "HLT202400068",
        "jenis_halte": "TRANSJAKARTA",
        "kode_barang": "133010118004",
        "lokasi_alamat": "JL. BUDI UTOMO PS BARU KECAMATAN SAWAH BESAR KOTA KOTA ADM. JAKARTA PUSAT DAERAH KHUSUS IBUKOTA JAKARTA 10710 HALTE BUSWAY BUDI UTOMO",
        "lintang": "-6.20763",
        "bujur": "106.7880383"
      }
    },
    {
      "type": "Feature",
      "geometry": {
        "type": "Point",
        "coordinates": [
          106.8665939,
          -6.1704326
        ]
      },
      "properties": {
        "periode_data": "2024",
        "wilayah": "KOTA ADM. JAKARTA SELATAN",
        "no_registrasi": "HLT202400069",
        "jenis_halte": "TRANSJAKARTA",
        "kode_barang": "133010118004",
        "lokasi_alamat": "JL. LETJEN S PARMAN RT 06 RW 03 KELURAHAN SLIPI KECAMATAN PALMERAH SEBRANG MALL SLIPI",
        "lintang": "-6.1704326",
        "bujur": "106.8665939"
      }
    },
    {
      "type": "Feature",
      "geometry": {
        "type": "Point",
        "coordinates": [
          106.8423881,
          -6.1790773
        ]
      },
      "properties": {
        "periode_data": "2024",
        "wilayah": "KOTA ADM. JAKARTA PUSAT",
        "no_registrasi": "HLT202400070",
        "jenis_halte": "TRANSJAKARTA",
        "kode_barang": "133010118004",
        "lokasi_alamat": "JALAN GUNUNG SAHARI DAERAH KHUSUS IBUKOTA JAKARTA INDONESIA JALAN POS PASAR BARU SAWAH BESAR DAERAH KHUSUS IBUKOTA JAKARTA HALTE BUSWAY PASAR BARU TIMUR",
        "lintang": "-6.1790773",
        "bujur": "106.8423881"
      }
    },
    {
      "type": "Feature",
      "geometry": {
        "type": "Point",
        "coordinates": [
          106.8625577,
          -6.1725666
        ]
      },
      "properties": {
        "periode_data": "2024",
        "wilayah": "KOTA ADM. JAKARTA SELATAN",
        "no_registrasi": "HLT202400071",
        "jenis_halte": "REGULER",
        "kode_barang": "133010118004",
        "lokasi_alamat": "JL. RAWASARI SEL 29 60 RW 2 CEMP PUTIH TIM KEC CEMP PUTIH KOTA KOTA ADM. JAKARTA PUSAT DAERAH KHUSUS IBUKOTA JAKARTA 10570 DEPAN PASAR RAWASARI",
        "lintang": "-6.1725666",
        "bujur": "106.8625577"
      }
    },
    {
      "type": "Feature",
      "geometry": {
        "type": "Point",
        "coordinates": [
          106.921238,
          -6.2156266
        ]
      },
      "properties": {
        "periode_data": "2024",
        "wilayah": "KOTA ADM. JAKARTA PUSAT",
        "no_registrasi": "HLT202400072",
        "jenis_halte": "TRANSJAKARTA",
        "kode_barang": "133010118004",
        "lokasi_alamat": "JL. GUNUNG SAHARI BARAT PADEMANGAN PADEMANGAN UTARA JAKARTA KOTA JAKARTA HALTE BUSWAY GUNUNG SAHARI",
        "lintang": "-6.2156266",
        "bujur": "106.921238"
      }
    },
    {
      "type": "Feature",
      "geometry": {
        "type": "Point",
        "coordinates": [
          106.8022503,
          -6.2434223
        ]
      },
      "properties": {
        "periode_data": "2024",
        "wilayah": "KOTA ADM. JAKARTA SELATAN",
        "no_registrasi": "HLT202400073",
        "jenis_halte": "REGULER",
        "kode_barang": "133010118004",
        "lokasi_alamat": "JL. PERCETAKAN NEGARA RT 3 RW 5 RAWASARI KEC CEMP PUTIH KOTA KOTA ADM. JAKARTA PUSAT DAERAH KHUSUS IBUKOTA JAKARTA HALTE SEKOLAH",
        "lintang": "-6.2434223",
        "bujur": "106.8022503"
      }
    },
    {
      "type": "Feature",
      "geometry": {
        "type": "Point",
        "coordinates": [
          106.7984936,
          -6.2368221
        ]
      },
      "properties": {
        "periode_data": "2024",
        "wilayah": "KOTA ADM. JAKARTA PUSAT",
        "no_registrasi": "HLT202400165",
        "jenis_halte": "REGULER",
        "kode_barang": "133010118004",
        "lokasi_alamat": "BALEKOTA",
        "lintang": "-6.2368221",
        "bujur": "106.7984936"
      }
    },
    {
      "type": "Feature",
      "geometry": {
        "type": "Point",
        "coordinates": [
          106.7070183,
          -6.1556724
        ]
      },
      "properties": {
        "periode_data": "2024",
        "wilayah": "KOTA ADM. JAKARTA PUSAT",
        "no_registrasi": "HLT202400166",
        "jenis_halte": "TRANSJAKARTA",
        "kode_barang": "133010118004",
        "lokasi_alamat": "JL. IR H JUANDA NO 7 RW 8 KB KLP KECAMATAN GAMBIR KOTA KOTA ADM. JAKARTA PUSAT DAERAH KHUSUS IBUKOTA JAKARTA 10110 HALTE BUSWAY PECENONGAN",
        "lintang": "-6.1556724",
        "bujur": "106.7070183"
      }
    },
    {
      "type": "Feature",
      "geometry": {
        "type": "Point",
        "coordinates": [
          106.8185407,
          -6.2298842
        ]
      },
      "properties": {
        "periode_data": "2024",
        "wilayah": "KOTA ADM. JAKARTA SELATAN",
        "no_registrasi": "HLT202400167",
        "jenis_halte": "REGULER",
        "kode_barang": "133010118004",
        "lokasi_alamat": "JL. PRAPANCA RAYA 9 RT 1 RW 1 PETOGOGAN KEC KBY BARU KOTA KOTA ADM. JAKARTA SELATAN DAERAH KHUSUS IBUKOTA JAKARTA 12170 HALTE SAMPING WALIKOTA JAKSEL",
        "lintang": "-6.2298842",
        "bujur": "106.8185407"
      }
    },
    {
      "type": "Feature",
      "geometry": {
        "type": "Point",
        "coordinates": [
          106.8899596,
          -6.1433716
        ]
      },
      "properties": {
        "periode_data": "2024",
        "wilayah": "KOTA ADM. JAKARTA SELATAN",
        "no_registrasi": "HLT202400168",
        "jenis_halte": "REGULER",
        "kode_barang": "133010118004",
        "lokasi_alamat": "JL. BULUNGAN 76 77 RT 6 RW 6 KRAMAT PELA KEC KBY BARU KOTA KOTA ADM. JAKARTA SELATAN DAERAH KHUSUS IBUKOTA JAKARTA 12130 DEPAN BURGER KING",
        "lintang": "-6.1433716",
        "bujur": "106.8899596"
      }
    },
    {
      "type": "Feature",
      "geometry": {
        "type": "Point",
        "coordinates": [
          106.8915948,
          -6.1361109
        ]
      },
      "properties": {
        "periode_data": "2024",
        "wilayah": "KOTA ADM. JAKARTA PUSAT",
        "no_registrasi": "HLT202400169",
        "jenis_halte": "TRANSJAKARTA",
        "kode_barang": "133010118004",
        "lokasi_alamat": "JL. SILANG MERDEKA UTARA RT 5 RW 2 GAMBIR KOTA KOTA ADM. JAKARTA PUSAT 10110 HALTE BUSWAY GAMBIR 2",
        "lintang": "-6.1361109",
        "bujur": "106.8915948"
      }
    },
    {
      "type": "Feature",
      "geometry": {
        "type": "Point",
        "coordinates": [
          106.7799566,
          -6.1757923
        ]
      },
      "properties": {
        "periode_data": "2024",
        "wilayah": "KOTA ADM. JAKARTA SELATAN",
        "no_registrasi": "HLT202400170",
        "jenis_halte": "REGULER",
        "kode_barang": "133010118004",
        "lokasi_alamat": "JL. BULUNGAN RT 6 RW 7 KRAMAT PELA KEC KBY BARU KOTA KOTA ADM. JAKARTA SELATAN DAERAH KHUSUS IBUKOTA JAKARTA 12130 TK SD KWITANG 6 PSKD",
        "lintang": "-6.1757923",
        "bujur": "106.7799566"
      }
    },
    {
      "type": "Feature",
      "geometry": {
        "type": "Point",
        "coordinates": [
          106.882527,
          -6.1589895
        ]
      },
      "properties": {
        "periode_data": "2024",
        "wilayah": "KOTA ADM. JAKARTA PUSAT",
        "no_registrasi": "HLT202400171",
        "jenis_halte": "TRANSJAKARTA",
        "kode_barang": "133010135001",
        "lokasi_alamat": "JL. PRAJURIT KKO USMAN DAN HARUN NO 28 SENEN KEC SENEN KOTA KOTA ADM. JAKARTA PUSAT DAERAH KHUSUS IBUKOTA JAKARTA 10410 HALTE BUSWAY KWITANG",
        "lintang": "-6.1589895",
        "bujur": "106.882527"
      }
    },
    {
      "type": "Feature",
      "geometry": {
        "type": "Point",
        "coordinates": [
          106.7801303,
          -6.1777059
        ]
      },
      "properties": {
        "periode_data": "2024",
        "wilayah": "KOTA ADM. JAKARTA TIMUR",
        "no_registrasi": "HLT202400172",
        "jenis_halte": "TRANSJAKARTA",
        "kode_barang": "133010135001",
        "lokasi_alamat": "JL. BEKASI BARAT RT 4 RW 2 RW BUNGA KECAMATAN JATINEGARA KOTA KOTA ADM. JAKARTA TIMUR DAERAH KHUSUS IBUKOTA JAKARTA 13350 HALTE BUSWAY STASIUN JATINEGARA",
        "lintang": "-6.1777059",
        "bujur": "106.7801303"
      }
    },
    {
      "type": "Feature",
      "geometry": {
        "type": "Point",
        "coordinates": [
          106.7307946,
          -6.1375231
        ]
      },
      "properties": {
        "periode_data": "2024",
        "wilayah": "KOTA ADM. JAKARTA SELATAN",
        "no_registrasi": "HLT202400173",
        "jenis_halte": "REGULER",
        "kode_barang": "133010118004",
        "lokasi_alamat": "JL. METRO PONDOK INDAH RT 1 RW 16 PD PINANG KEC KBY LAMA KOTA KOTA ADM. JAKARTA SELATAN DAERAH KHUSUS IBUKOTA JAKARTA 12310 DEPAN HALTE BUSWAY PONDOK INDAH 2",
        "lintang": "-6.1375231",
        "bujur": "106.7307946"
      }
    },
    {
      "type": "Feature",
      "geometry": {
        "type": "Point",
        "coordinates": [
          106.8836339,
          -6.1601164
        ]
      },
      "properties": {
        "periode_data": "2024",
        "wilayah": "KOTA ADM. JAKARTA SELATAN",
        "no_registrasi": "HLT202400174",
        "jenis_halte": "REGULER",
        "kode_barang": "133010118004",
        "lokasi_alamat": "JL. ST SENEN KOTA ADM. JAKARTA PUSAT RW 3 SENEN KEC SENEN KOTA KOTA ADM. JAKARTA PUSAT DAERAH KHUSUS IBUKOTA JAKARTA 10410 DEPAN PASAR SENEN",
        "lintang": "-6.1601164",
        "bujur": "106.8836339"
      }
    },
    {
      "type": "Feature",
      "geometry": {
        "type": "Point",
        "coordinates": [
          106.7442996,
          -6.1296445
        ]
      },
      "properties": {
        "periode_data": "2024",
        "wilayah": "KOTA ADM. JAKARTA TIMUR",
        "no_registrasi": "HLT202400175",
        "jenis_halte": "TRANSJAKARTA",
        "kode_barang": "133010118004",
        "lokasi_alamat": "JL. RAYA BEKASI PULO GADUNG KOTA KOTA ADM. JAKARTA TIMUR 13260 HALTE BUSWAY PULOGADUNG",
        "lintang": "-6.1296445",
        "bujur": "106.7442996"
      }
    },
    {
      "type": "Feature",
      "geometry": {
        "type": "Point",
        "coordinates": [
          106.8816138,
          -6.1619945
        ]
      },
      "properties": {
        "periode_data": "2024",
        "wilayah": "KOTA ADM. JAKARTA SELATAN",
        "no_registrasi": "HLT202400176",
        "jenis_halte": "REGULER",
        "kode_barang": "133010118004",
        "lokasi_alamat": "JL. BUNGUR RAYA RT 3 RW 1 KEMAYORAN KEC KEMAYORAN KOTA KOTA ADM. JAKARTA PUSAT DAERAH KHUSUS IBUKOTA JAKARTA HALTE ARMABAR",
        "lintang": "-6.1619945",
        "bujur": "106.8816138"
      }
    },
    {
      "type": "Feature",
      "geometry": {
        "type": "Point",
        "coordinates": [
          106.8624436,
          -6.310664
        ]
      },
      "properties": {
        "periode_data": "2024",
        "wilayah": "KOTA ADM. JAKARTA PUSAT",
        "no_registrasi": "HLT202400177",
        "jenis_halte": "TRANSJAKARTA",
        "kode_barang": "133010118004",
        "lokasi_alamat": "JALAN DAAN MOGOT RT 2 RW 12 KALIDERES KOTA KOTA ADM. JAKARTA BARAT 11840 HALTE BUSWAY PESAKIH",
        "lintang": "-6.310664",
        "bujur": "106.8624436"
      }
    },
    {
      "type": "Feature",
      "geometry": {
        "type": "Point",
        "coordinates": [
          106.87932,
          -6.1659394
        ]
      },
      "properties": {
        "periode_data": "2024",
        "wilayah": "KOTA ADM. JAKARTA PUSAT",
        "no_registrasi": "HLT202400001",
        "jenis_halte": "TRANSJAKARTA",
        "kode_barang": "133010135001",
        "lokasi_alamat": "JL. JEND AHMAD YANI KLP GADING BAR KEC KLP GADING KOTA KOTA ADM. JAKARTA PUSAT DAERAH KHUSUS IBUKOTA JAKARTA 14240 HALTE BUSWAY CEMPAKA MAS 2",
        "lintang": "-6.1659394",
        "bujur": "106.87932"
      }
    },
    {
      "type": "Feature",
      "geometry": {
        "type": "Point",
        "coordinates": [
          106.8648539,
          -6.3507466
        ]
      },
      "properties": {
        "periode_data": "2024",
        "wilayah": "KOTA ADM. JAKARTA PUSAT",
        "no_registrasi": "HLT202400002",
        "jenis_halte": "REGULER",
        "kode_barang": "133010118004",
        "lokasi_alamat": "JL. RAYA JAKARTA BOGOR PEKAYON KEC PS REBO KOTA KOTA ADM. JAKARTA TIMUR DAERAH KHUSUS IBUKOTA JAKARTA 13710 HALTE UNEX",
        "lintang": "-6.3507466",
        "bujur": "106.8648539"
      }
    },
    {
      "type": "Feature",
      "geometry": {
        "type": "Point",
        "coordinates": [
          106.8778751,
          -6.239132
        ]
      },
      "properties": {
        "periode_data": "2024",
        "wilayah": "KOTA ADM. JAKARTA TIMUR",
        "no_registrasi": "HLT202400003",
        "jenis_halte": "TRANSJAKARTA",
        "kode_barang": "133010118004",
        "lokasi_alamat": "JL. DI PANJAITAN RT 12 RW 1 CIPINANG BESAR SELATAN JATINEGARA KOTA KOTA ADM. JAKARTA TIMUR 13340 HALTE BUSWAY PENAS KALIMALANG",
        "lintang": "-6.239132",
        "bujur": "106.8778751"
      }
    },
    {
      "type": "Feature",
      "geometry": {
        "type": "Point",
        "coordinates": [
          106.8056655,
          -6.24669
        ]
      },
      "properties": {
        "periode_data": "2024",
        "wilayah": "KOTA ADM. JAKARTA TIMUR",
        "no_registrasi": "HLT202400005",
        "jenis_halte": "REGULER",
        "kode_barang": "133010135001",
        "lokasi_alamat": "JL. SULTAN ISKANDAR MUDA RT 10 RW 6 KBY LAMA UTARA KEC KBY LAMA KOTA KOTA ADM. JAKARTA SELATAN DAERAH KHUSUS IBUKOTA JAKARTA 12240 HALTE ISKANDAR MUDA",
        "lintang": "-6.24669",
        "bujur": "106.8056655"
      }
    },
    {
      "type": "Feature",
      "geometry": {
        "type": "Point",
        "coordinates": [
          106.8303113,
          -6.1680876
        ]
      },
      "properties": {
        "periode_data": "2024",
        "wilayah": "KOTA ADM. JAKARTA SELATAN",
        "no_registrasi": "HLT202400028",
        "jenis_halte": "TRANSJAKARTA",
        "kode_barang": "133010118004",
        "lokasi_alamat": "JL. WARUNG JATI BAR KOTA KOTA ADM. JAKARTA SELATAN DAERAH KHUSUS IBUKOTA JAKARTA 12510 HALTE BUSWAY PEJATEN",
        "lintang": "-6.1680876",
        "bujur": "106.8303113"
      }
    },
    {
      "type": "Feature",
      "geometry": {
        "type": "Point",
        "coordinates": [
          106.8078628,
          -6.2339391
        ]
      },
      "properties": {
        "periode_data": "2024",
        "wilayah": "KOTA ADM. JAKARTA SELATAN",
        "no_registrasi": "HLT202400029",
        "jenis_halte": "REGULER",
        "kode_barang": "133010118004",
        "lokasi_alamat": "JL. GN SAHARI 44 45 RT 7 RW 5 GN SAHARI UTARA KECAMATAN SAWAH BESAR KOTA KOTA ADM. JAKARTA PUSAT DAERAH KHUSUS IBUKOTA JAKARTA 10720 HALTE BCA",
        "lintang": "-6.2339391",
        "bujur": "106.8078628"
      }
    },
    {
      "type": "Feature",
      "geometry": {
        "type": "Point",
        "coordinates": [
          106.8077068,
          -6.2495084
        ]
      },
      "properties": {
        "periode_data": "2024",
        "wilayah": "KOTA ADM. JAKARTA SELATAN",
        "no_registrasi": "HLT202400030",
        "jenis_halte": "REGULER",
        "kode_barang": "133010135001",
        "lokasi_alamat": "JL. GN SAHARI RT 6 RW 5 GN SAHARI UTARA KECAMATAN SAWAH BESAR KOTA KOTA ADM. JAKARTA PUSAT DAERAH KHUSUS IBUKOTA JAKARTA 10710 BAWAH JPO SEBRANG LAW OFFICE KAHAR NAWIR",
        "lintang": "-6.2495084",
        "bujur": "106.8077068"
      }
    },
    {
      "type": "Feature",
      "geometry": {
        "type": "Point",
        "coordinates": [
          106.8696063,
          -6.2576568
        ]
      },
      "properties": {
        "periode_data": "2024",
        "wilayah": "KOTA ADM. JAKARTA PUSAT",
        "no_registrasi": "HLT202400031",
        "jenis_halte": "TRANSJAKARTA",
        "kode_barang": "133010135001",
        "lokasi_alamat": "JL. WR JATI TIMUR RAYA RT 12 RW 5 KALIBATA KEC PANCORAN KOTA KOTA ADM. JAKARTA SELATAN DAERAH KHUSUS IBUKOTA JAKARTA 12510 HALTE BUSWAY BUNCIT INDAH",
        "lintang": "-6.2576568",
        "bujur": "106.8696063"
      }
    },
    {
      "type": "Feature",
      "geometry": {
        "type": "Point",
        "coordinates": [
          106.8230614,
          -6.1879366
        ]
      },
      "properties": {
        "periode_data": "2024",
        "wilayah": "KOTA ADM. JAKARTA SELATAN",
        "no_registrasi": "HLT202400032",
        "jenis_halte": "TRANSJAKARTA",
        "kode_barang": "133010118004",
        "lokasi_alamat": "JL. WARUNG BUNCIT RAYA NO 324 RT 6 RW 3 KALIBATA KEC PANCORAN KOTA KOTA ADM. JAKARTA SELATAN DAERAH KHUSUS IBUKOTA JAKARTA 12740 HALTE BUSWAY WARUNG JATI",
        "lintang": "-6.1879366",
        "bujur": "106.8230614"
      }
    },
    {
      "type": "Feature",
      "geometry": {
        "type": "Point",
        "coordinates": [
          106.7925392,
          -6.1760714
        ]
      },
      "properties": {
        "periode_data": "2024",
        "wilayah": "KOTA ADM. JAKARTA SELATAN",
        "no_registrasi": "HLT202400033",
        "jenis_halte": "REGULER",
        "kode_barang": "133010118004",
        "lokasi_alamat": "JL. GN SAHARI RT 1 RW 3 GN SAHARI UTARA KECAMATAN SAWAH BESAR KOTA KOTA ADM. JAKARTA PUSAT DAERAH KHUSUS IBUKOTA JAKARTA 10750 HALTE PD INKA",
        "lintang": "-6.1760714",
        "bujur": "106.7925392"
      }
    },
    {
      "type": "Feature",
      "geometry": {
        "type": "Point",
        "coordinates": [
          106.8159929,
          -6.2171283
        ]
      },
      "properties": {
        "periode_data": "2024",
        "wilayah": "KOTA ADM. JAKARTA SELATAN",
        "no_registrasi": "HLT202400034",
        "jenis_halte": "TRANSJAKARTA",
        "kode_barang": "133010118004",
        "lokasi_alamat": "JL. MAMPANG PRAPATAN RAYA RT 2 RW 1 DUREN TIGA PANCORAN KOTA KOTA ADM. JAKARTA SELATAN 12760 HALTE BUSWAY IMIGRASI",
        "lintang": "-6.2171283",
        "bujur": "106.8159929"
      }
    },
    {
      "type": "Feature",
      "geometry": {
        "type": "Point",
        "coordinates": [
          106.8088429,
          -6.2138268
        ]
      },
      "properties": {
        "periode_data": "2024",
        "wilayah": "KOTA ADM. JAKARTA SELATAN",
        "no_registrasi": "HLT202400035",
        "jenis_halte": "REGULER",
        "kode_barang": "133010118004",
        "lokasi_alamat": "JL. RAYA JAKARTA BOGOR RT 4 RW 1 KP TENGAH KEC KRAMAT JATI KOTA KOTA ADM. JAKARTA TIMUR DAERAH KHUSUS IBUKOTA JAKARTA 13540 SEBRANG ALFAMART DEKAT POLSEK CIRACAS",
        "lintang": "-6.2138268",
        "bujur": "106.8088429"
      }
    },
    {
      "type": "Feature",
      "geometry": {
        "type": "Point",
        "coordinates": [
          106.8678951,
          -6.2354153
        ]
      },
      "properties": {
        "periode_data": "2024",
        "wilayah": "KOTA ADM. JAKARTA SELATAN",
        "no_registrasi": "HLT202400036",
        "jenis_halte": "REGULER",
        "kode_barang": "133010135001",
        "lokasi_alamat": "JL. GARUDA RW 8 KEMAYORAN KEC KEMAYORAN KOTA KOTA ADM. JAKARTA PUSAT DAERAH KHUSUS IBUKOTA JAKARTA 10620 HALTE JL. GARUDA",
        "lintang": "-6.2354153",
        "bujur": "106.8678951"
      }
    },
    {
      "type": "Feature",
      "geometry": {
        "type": "Point",
        "coordinates": [
          106.8670875,
          -6.2297134
        ]
      },
      "properties": {
        "periode_data": "2024",
        "wilayah": "KOTA ADM. JAKARTA BARAT",
        "no_registrasi": "HLT202400037",
        "jenis_halte": "REGULER",
        "kode_barang": "133010135001",
        "lokasi_alamat": "JL. PRAMUKA RT 14 RW 8 RAWASARI KEC CEMP PUTIH KOTA KOTA ADM. JAKARTA PUSAT DAERAH KHUSUS IBUKOTA JAKARTA 10570 DEPAN BRALING KNALPOT",
        "lintang": "-6.2297134",
        "bujur": "106.8670875"
      }
    },
    {
      "type": "Feature",
      "geometry": {
        "type": "Point",
        "coordinates": [
          106.7977101,
          -6.2029618
        ]
      },
      "properties": {
        "periode_data": "2024",
        "wilayah": "KOTA ADM. JAKARTA SELATAN",
        "no_registrasi": "HLT202400038",
        "jenis_halte": "TRANSJAKARTA",
        "kode_barang": "133010135001",
        "lokasi_alamat": "DEPKES RT 7 RW 4 KUNINGAN TIMUR KOTA KOTA ADM. JAKARTA SELATAN 12950",
        "lintang": "-6.2029618",
        "bujur": "106.7977101"
      }
    },
    {
      "type": "Feature",
      "geometry": {
        "type": "Point",
        "coordinates": [
          106.8602779,
          -6.2117005
        ]
      },
      "properties": {
        "periode_data": "2024",
        "wilayah": "KOTA ADM. JAKARTA SELATAN",
        "no_registrasi": "HLT202400039",
        "jenis_halte": "REGULER",
        "kode_barang": "133010135001",
        "lokasi_alamat": "JL. GN SAHARI RT 10 RW 7 GN SAHARI SEL KEC KEMAYORAN KOTA KOTA ADM. JAKARTA PUSAT DAERAH KHUSUS IBUKOTA JAKARTA 10710 SEBRANG BANK CIMB",
        "lintang": "-6.2117005",
        "bujur": "106.8602779"
      }
    }
  ]
}